elapsed_seconds,aggregate_compiler_rss_bytes,active_compilers
0.007,983040,4
0.062,295337984,4
0.117,420855808,4
0.173,518291456,4
0.228,600440832,4
0.283,619577344,4
0.338,651837440,4
0.390,677724160,4
0.445,739065856,4
0.500,792199168,4
0.555,833470464,4
0.610,854016000,4
0.665,875184128,4
0.720,893239296,4
0.776,918552576,4
0.835,969965568,4
0.890,1044955136,4
0.946,1096777728,4
1.001,1140850688,4
1.056,1197719552,4
1.111,1251803136,4
1.167,1311080448,4
1.222,1365737472,4
1.273,1413922816,4
1.328,1446526976,4
1.381,1473904640,4
1.437,1518567424,4
1.491,1569652736,4
1.546,1659600896,4
1.601,1957904384,4
1.655,2182660096,4
1.711,2694234112,4
1.766,3604021248,4
1.821,4120313856,4
1.876,4587995136,4
1.931,4998856704,4
1.984,5015076864,4
2.039,5080530944,4
2.090,5167792128,4
2.145,5309038592,4
2.200,5393367040,4
2.255,5435998208,4
2.311,5602492416,4
2.365,5745868800,4
2.420,5774376960,4
2.474,5810192384,4
2.527,5821186048,4
2.581,4334403584,4
2.634,4341907456,3
2.691,4346085376,4
2.746,2898870272,4
2.800,2931982336,3
2.857,2962096128,4
2.912,3070214144,4
2.966,3125264384,4
3.021,3183329280,4
3.076,3224158208,4
3.131,3265937408,4
3.183,3300638720,4
3.239,3335651328,4
3.294,3369779200,4
3.348,3398483968,4
3.403,3433201664,4
3.459,3458793472,4
3.514,3488989184,4
3.566,3514007552,4
3.622,3544104960,4
3.677,2182856704,4
3.733,2206007296,3
3.790,2241118208,4
3.845,2344878080,4
3.899,2396078080,4
3.954,2613952512,4
4.009,2870984704,4
4.065,3112943616,4
4.120,3379019776,4
4.175,3612049408,4
4.230,2396667904,4
4.285,2647801856,3
4.340,2925363200,4
4.396,3043655680,4
4.448,3130212352,4
4.503,3250552832,4
4.559,3337109504,4
4.614,3398107136,4
4.666,3448406016,4
4.722,3537305600,4
4.777,3588505600,4
4.832,3627876352,4
4.887,2142617600,4
4.943,844300288,3
5.000,1116815360,3
5.057,1469333504,4
5.113,1703313408,4
5.168,1792311296,4
5.223,1874116608,4
5.278,1970962432,4
5.333,2045149184,4
5.387,2109865984,4
5.443,2204811264,4
5.497,2263384064,4
5.552,2411495424,4
5.608,2658222080,4
5.663,2950955008,4
5.718,3199680512,4
5.772,3261366272,4
5.827,3313139712,4
5.880,3366682624,4
5.936,3428663296,4
5.990,3473145856,4
6.043,3513286656,4
6.099,3590225920,4
6.154,3632431104,4
6.204,3658252288,4
6.260,3723902976,4
6.315,4145758208,4
6.370,4650172416,4
6.423,5029445632,4
6.477,5367922688,4
6.530,5411799040,4
6.583,5454430208,4
6.638,5522046976,4
6.690,5578686464,4
6.745,5614354432,4
6.798,5659246592,4
6.853,5760925696,4
6.909,5793382400,4
6.964,5813714944,4
7.016,5828706304,4
7.068,5837668352,4
7.123,5848514560,4
7.177,5861228544,4
7.232,5872140288,4
7.287,4390649856,4
7.343,4394090496,3
7.400,4400185344,4
7.455,3030253568,4
7.511,3063906304,3
7.568,3095396352,4
7.620,3194322944,4
7.674,3246243840,4
7.729,3294265344,4
7.782,3345350656,4
7.837,3386933248,4
7.890,3422683136,4
7.945,3456401408,4
8.000,3485581312,4
8.055,3517153280,4
8.110,2031517696,4
8.164,2061271040,3
8.220,2088108032,4
8.273,2189262848,4
8.328,2244608000,4
8.381,2294464512,4
8.436,2342141952,4
8.490,2385608704,4
8.541,2425061376,4
8.593,2461925376,4
8.649,2652913664,4
8.704,2889875456,4
8.759,3307094016,4
8.815,3621191680,4
8.870,3901472768,4
8.925,4173922304,4
8.979,4246667264,4
9.034,4281188352,4
9.090,4340858880,4
9.145,4442914816,4
9.198,4500750336,4
9.253,4534353920,4
9.308,4605640704,4
9.364,4649959424,4
9.419,4672618496,4
9.474,3272114176,4
9.525,3489464320,3
9.582,2466742272,4
9.638,1179156480,3
9.695,1308360704,3
9.749,1438449664,4
9.805,1600208896,4
9.859,1704312832,4
9.914,1793474560,4
9.969,2037530624,4
10.023,2231271424,4
10.078,2302050304,4
10.133,2372059136,4
10.186,2437578752,4
10.242,1904574464,3
10.298,1942978560,4
10.351,2041282560,4
10.406,2095759360,4
10.460,2150547456,4
10.515,2204647424,4
10.571,2248523776,4
10.626,2295431168,4
10.681,2554560512,4
10.737,2769633280,4
10.792,3000205312,4
10.847,3048980480,4
10.902,1666662400,4
10.957,1720991744,3
11.014,1767931904,4
11.069,1950711808,4
11.123,2247671808,4
11.178,2618376192,4
11.232,1674805248,3
11.288,1811480576,4
11.344,1934360576,4
11.399,2016870400,4
11.454,2104459264,4
11.506,2168635392,4
11.562,2221473792,4
11.616,2397159424,4
11.672,2665562112,4
11.723,2975465472,4
11.778,3179823104,4
11.834,3309928448,4
11.889,3357884416,4
11.944,3409674240,4
11.998,3466625024,4
12.053,3516874752,4
12.108,3553067008,4
12.164,3634528256,4
12.219,3675455488,4
12.273,3704913920,4
12.328,3728326656,4
12.384,3927097344,4
12.439,4157210624,4
12.490,4361371648,4
12.545,4629413888,4
12.600,4649811968,4
12.656,4794269696,4
12.711,5032312832,4
12.764,5333893120,4
12.819,5515870208,4
12.874,5643419648,4
12.930,5709365248,4
12.984,5755781120,4
13.039,5798330368,4
13.095,5823561728,4
13.147,5836210176,4
13.202,5886935040,4
13.256,5917065216,4
13.312,5929664512,4
13.365,5946146816,4
13.420,5950849024,4
13.473,5954404352,4
13.528,5957451776,4
13.581,5959761920,4
13.637,5967970304,4
13.690,5972770816,4
13.745,5978013696,4
13.800,5985943552,4
13.852,4501749760,3
13.908,4504338432,4
13.963,4587798528,4
14.016,4621615104,4
14.068,4647043072,4
14.124,4672094208,4
14.179,4695818240,4
14.234,4715692032,4
14.285,4736090112,4
14.336,4750524416,4
14.392,4767629312,4
14.443,4781965312,4
14.498,4794171392,4
14.553,4808245248,4
14.606,4826595328,4
14.661,4840980480,4
14.717,4854169600,4
14.772,5059379200,4
14.827,5230100480,4
14.881,5355880448,4
14.937,5377032192,4
14.990,5403918336,4
15.045,5433344000,4
15.100,3939926016,3
15.152,3977854976,4
15.206,4072226816,4
15.262,3162701824,4
15.316,3189555200,3
15.373,3215966208,4
15.429,1767718912,4
15.484,1817509888,3
15.541,1863335936,4
15.593,1976860672,4
15.648,2043805696,4
15.703,2103918592,4
15.754,2151497728,4
15.806,2199044096,4
15.861,2245820416,4
15.917,2292301824,4
15.972,2336112640,4
16.026,2379268096,4
16.081,2416394240,4
16.134,2448752640,4
16.189,2481930240,4
16.240,2510864384,4
16.292,2551054336,4
16.348,2589900800,4
16.403,2736439296,4
16.458,2960343040,4
16.509,3369517056,4
16.564,3764518912,4
16.614,3956572160,4
16.670,4230316032,4
16.725,4284612608,4
16.780,4344578048,4
16.835,4407918592,4
16.891,4587683840,4
16.946,4817944576,4
16.998,5122949120,4
17.053,5344509952,4
17.106,5476384768,4
17.161,5509873664,4
17.217,5535678464,4
17.272,4352475136,4
17.328,4387782656,3
17.385,4406689792,4
17.440,4539334656,4
17.492,4595679232,4
17.547,3082862592,4
17.603,3117088768,3
17.660,3144187904,4
17.715,3243573248,4
17.771,3296722944,4
17.822,3336634368,4
17.877,3378118656,4
17.933,3414999040,4
17.984,3443785728,4
18.039,3477225472,4
18.095,3514531840,4
18.150,3546316800,4
18.205,3575889920,4
18.258,3609378816,4
18.313,3636690944,4
18.368,3661824000,4
18.424,3687645184,4
18.479,3718135808,4
18.532,3810377728,4
18.587,4048863232,4
18.643,4282482688,4
18.698,4505206784,4
18.752,4526948352,4
18.807,4557750272,4
18.860,4606050304,4
18.914,4639211520,4
18.969,4670029824,4
19.024,3415375872,4
19.080,3690594304,3
19.136,3909844992,4
19.191,4164190208,4
19.247,4207394816,4
19.302,4256792576,4
19.356,4321312768,4
19.412,4365107200,4
19.466,4400414720,4
19.521,4454498304,4
19.574,4513497088,4
19.627,4538695680,4
19.680,4559945728,4
19.736,4580409344,4
19.790,4597792768,4
19.845,4614193152,4
19.900,3064561664,4
19.956,3075670016,3
20.013,3095494656,4
20.065,3184345088,4
20.120,3229483008,4
20.175,3273474048,4
20.227,3305291776,4
20.280,3335716864,4
20.335,3368173568,4
20.390,3396435968,4
20.446,1936539648,4
20.500,2111700992,3
20.557,2349449216,4
20.612,2667397120,4
20.665,2963865600,4
20.720,3005349888,4
20.774,3062611968,4
20.830,3129999360,4
20.885,3193864192,4
20.940,3241263104,4
20.991,1970143232,4
21.044,2040610816,3
21.100,2086830080,4
21.156,2196013056,4
21.209,2248654848,4
21.264,2294136832,4
21.319,2342338560,4
21.374,2594848768,4
21.427,2877734912,4
21.482,3125444608,4
21.537,3305291776,4
21.590,3340812288,4
21.646,3388112896,4
21.698,3455156224,4
21.753,3495215104,4
21.806,3527016448,4
21.861,3585114112,4
21.915,3804643328,4
21.970,4043161600,4
22.023,4270243840,4
22.078,4521607168,4
22.133,4558618624,4
22.188,4592795648,4
22.243,4633968640,4
22.299,4674797568,4
22.352,4710858752,4
22.406,4742807552,4
22.462,4960993280,4
22.517,5184733184,4
22.572,5415632896,4
22.623,5651955712,4
22.678,5687836672,4
22.733,5716852736,4
22.786,5744459776,4
22.841,5781258240,4
22.897,5815369728,4
22.952,5831131136,4
23.005,5887098880,4
23.061,5914951680,4
23.115,5925076992,4
23.170,5940445184,4
23.224,5946310656,4
23.280,5952864256,4
23.335,5959090176,4
23.386,5960466432,4
23.437,5964808192,4
23.493,5969805312,4
23.547,5973377024,4
23.602,5974589440,4
23.657,5979586560,4
23.713,5981896704,4
23.768,5987745792,4
23.822,5995036672,4
23.877,5998034944,4
23.931,6000033792,4
23.982,4522754048,4
24.033,4525293568,3
24.090,4535025664,4
24.146,4616339456,4
24.201,4648992768,4
24.256,4677894144,4
24.311,4700864512,4
24.367,4720197632,4
24.422,4743102464,4
24.477,4761092096,4
24.532,4781129728,4
24.587,4803264512,4
24.639,4825546752,4
24.694,4841439232,4
24.748,3320823808,4
24.804,3330605056,3
24.858,3342925824,4
24.913,3432890368,4
24.969,3475259392,4
25.024,3675717632,4
25.079,2343043072,4
25.135,2553446400,3
25.192,2589917184,4
25.247,2707996672,4
25.302,2788589568,4
25.355,2850340864,4
25.406,2920185856,4
25.459,2965372928,4
25.514,3004203008,4
25.570,3037216768,4
25.624,3072851968,4
25.674,3099607040,4
25.730,3128295424,4
25.781,3158999040,4
25.836,3185180672,4
25.889,3210854400,4
25.943,3409969152,4
25.998,3654156288,4
26.053,3852451840,4
26.108,3942121472,4
26.163,3977461760,4
26.216,4025597952,4
26.271,4273307648,4
26.323,4524916736,4
26.375,4757520384,4
26.430,4822450176,4
26.485,4859904000,4
26.541,4904206336,4
26.596,4941447168,4
26.651,4967481344,4
26.706,5026119680,4
26.762,5055381504,4
26.817,5073108992,4
26.872,5091508224,4
26.927,4034822144,4
26.984,4053450752,3
27.041,4060397568,4
27.093,4139843584,4
27.149,4181524480,4
27.204,4214210560,4
27.258,2972467200,3
27.315,1740832768,3
27.372,1842118656,4
27.427,1966735360,4
27.483,2037366784,4
27.538,2097184768,4
27.589,2148483072,4
27.643,2195210240,4
27.699,2268823552,4
27.754,2520891392,4
27.809,2705932288,4
27.864,2751938560,4
27.920,2822127616,4
27.973,2865856512,4
28.028,2922250240,4
28.083,2961981440,4
28.139,3000827904,4
28.194,3045507072,4
28.248,3070279680,4
28.303,3094167552,4
28.358,3116023808,4
28.414,3137093632,4
28.468,3251257344,4
28.523,3677929472,4
28.578,4143120384,4
28.633,4542447616,4
28.689,4628791296,4
28.744,4670996480,4
28.798,4740792320,4
28.853,4788862976,4
28.908,4828626944,4
28.964,4906467328,4
29.016,4968660992,4
29.067,4987338752,4
29.122,5010374656,4
29.175,5033721856,4
29.230,5055037440,4
29.285,5062017024,4
29.339,5073731584,4
29.394,5081956352,4
29.447,5096128512,4
29.502,5119819776,4
29.557,1330085888,4
29.613,1331691520,1
29.672,1335279616,4
29.725,1554644992,4
29.777,1642692608,4
29.831,1711898624,4
29.883,1781137408,4
29.938,1842544640,4
29.993,1905016832,4
30.048,1960378368,4
30.103,2005024768,4
30.156,2048917504,4
30.211,2094448640,4
30.266,2143813632,4
30.322,812351488,4
30.378,846168064,3
30.434,877461504,4
30.487,993148928,4
30.539,1056735232,4
30.595,1127170048,4
30.649,1183039488,4
30.704,1234567168,4
30.758,1286225920,4
30.814,1333542912,4
30.864,1374273536,4
30.917,1416921088,4
30.972,1461092352,4
31.027,1508278272,4
31.081,2181054464,4
31.135,2947416064,4
31.190,3533881344,4
31.246,4095442944,4
31.301,4138106880,4
31.356,4211015680,4
31.411,4330520576,4
31.467,4407721984,4
31.522,4470013952,4
31.577,4560568320,4
31.631,4704026624,4
31.686,4758208512,4
31.742,4790075392,4
31.797,4808818688,4
31.852,5054365696,4
31.906,5341528064,4
31.961,5546754048,4
32.017,5718327296,4
32.072,5739167744,4
32.127,5766840320,4
32.180,5810765824,4
32.235,5840027648,4
32.289,5860753408,4
32.345,5896945664,4
32.400,5948817408,4
32.455,5970444288,4
32.511,5983289344,4
32.566,5989957632,4
32.621,6000508928,4
32.677,6004539392,4
32.731,6010781696,4
32.787,6013386752,4
32.837,6019645440,4
32.890,3001991168,4
32.946,3005186048,2
33.001,3011575808,4
33.056,3154771968,4
33.110,3213312000,4
33.165,3265036288,4
33.218,3310649344,4
33.273,3352887296,4
33.328,3391668224,4
33.384,3430006784,4
33.438,3463708672,4
33.491,3493199872,4
33.546,1986461696,4
33.598,2014445568,3
33.655,2045673472,4
33.706,2139717632,4
33.761,2199617536,4
33.816,2246475776,4
33.871,2291499008,4
33.927,2337325056,4
33.982,2386051072,4
34.035,2422767616,4
34.090,2464120832,4
34.145,2498641920,4
34.198,2650406912,4
34.253,2888843264,4
34.308,3136012288,4
34.359,3323838464,4
34.414,3357327360,4
34.469,3580149760,4
34.522,2320564224,4
34.578,2564931584,3
34.634,2851684352,4
34.689,2997436416,4
34.745,3283501056,4
34.798,3578822656,4
34.853,3833970688,4
34.908,3905011712,4
34.964,3960504320,4
35.015,4057645056,4
35.070,4120952832,4
35.124,4160487424,4
35.180,4231872512,4
35.235,4277846016,4
35.290,4303060992,4
35.345,4317331456,4
35.400,4339826688,4
35.455,4356816896,4
35.511,4380442624,4
35.564,4394991616,4
35.620,4411228160,4
35.675,4428005376,4
35.730,4452270080,4
35.785,4467261440,4
35.840,4477468672,4
35.891,4492476416,4
35.943,4503568384,4
35.998,4655726592,4
36.053,3513073664,4
36.109,3757129728,3
36.166,3992944640,4
36.221,4098064384,4
36.272,2895413248,4
36.328,2949775360,3
36.384,3009249280,4
36.439,3125772288,4
36.490,3178594304,4
36.545,3274113024,4
36.598,3329556480,4
36.653,3370057728,4
36.706,3411214336,4
36.761,3444867072,4
36.814,3478306816,4
36.870,3515351040,4
36.922,3543662592,4
36.977,3582164992,4
37.031,3607150592,4
37.083,3628498944,4
37.134,3651026944,4
37.185,3672817664,4
37.239,3694460928,4
37.295,3721019392,4
37.349,3933454336,4
37.402,4187258880,4
37.456,4395581440,4
37.511,4495835136,4
37.566,4523343872,4
37.622,4560764928,4
37.677,4746608640,4
37.731,4961140736,4
37.786,5208129536,4
37.841,5485821952,4
37.896,5502074880,4
37.948,5532483584,4
38.003,5569167360,4
38.058,4055236608,4
38.114,4082925568,3
38.171,4120543232,4
38.227,4244193280,4
38.282,4285677568,4
38.334,4318396416,4
38.389,4347723776,4
38.444,4374675456,4
38.498,4394958848,4
38.553,4418142208,4
38.608,4434690048,4
38.664,4454629376,4
38.719,4472963072,4
38.774,4494426112,4
38.830,4513169408,4
38.885,4528275456,4
38.939,4546035712,4
38.995,4568727552,4
39.048,4589404160,4
39.103,4601757696,4
39.158,4613210112,4
39.214,4625465344,4
39.269,3319316480,4
39.324,3330572288,3
39.381,3340976128,4
39.431,3426385920,4
39.486,3479257088,4
39.539,3514220544,4
39.591,3543891968,4
39.646,3571662848,4
39.700,3793633280,4
39.755,4042293248,4
39.811,2805760000,4
39.865,3070672896,3
39.922,3099459584,4
39.977,3218931712,4
40.033,3287777280,4
40.085,3351855104,4
40.141,3409149952,4
40.196,3451322368,4
40.251,3543334912,4
40.307,3588866048,4
40.362,3620651008,4
40.417,3655696384,4
40.472,3682189312,4
40.528,3713482752,4
40.583,3734061056,4
40.638,3790848000,4
40.694,4045537280,4
40.749,4316135424,4
40.804,4544479232,4
40.859,4590206976,4
40.914,4622106624,4
40.970,4661182464,4
41.024,4705878016,4
41.080,4737286144,4
41.135,4772560896,4
41.189,4832362496,4
41.245,5050073088,4
41.298,5295718400,4
41.354,5529518080,4
41.409,5671010304,4
41.464,5692276736,4
41.520,5717491712,4
41.573,5769379840,4
41.629,4391157760,3
41.683,4411162624,4
41.738,4534124544,4
41.794,4597530624,4
41.849,4629479424,4
41.909,4663574528,4
41.968,4689821696,4
42.027,4712333312,4
42.087,4732796928,4
42.147,4752375808,4
42.207,4772577280,4
42.267,4793729024,4
42.328,4814995456,4
42.382,4829298688,4
42.442,4846895104,4
42.502,4865785856,4
42.557,4879450112,4
42.617,4897357824,4
42.677,4911693824,4
42.738,4925194240,4
42.790,4954406912,4
42.851,3363405824,3
42.909,3376250880,4
42.965,3463299072,4
43.025,3659579392,4
43.085,3907469312,4
43.142,4159422464,4
43.199,4355653632,4
43.259,4391157760,4
43.319,4428447744,4
43.374,4481073152,4
43.434,4522901504,4
43.494,4555030528,4
43.555,4629118976,4
43.607,4662034432,4
43.667,4685660160,4
43.724,4704813056,4
43.784,4719394816,4
43.844,4736598016,4
43.904,4753932288,4
43.965,4769611776,4
44.024,4792631296,4
44.084,4806967296,4
44.145,4819058688,4
44.202,4831690752,4
44.262,4847779840,4
44.314,4857446400,4
44.375,5089542144,4
44.435,3965845504,4
44.489,4154228736,3
44.542,4290084864,4
44.602,4380950528,4
44.662,4432379904,4
44.722,4500340736,4
44.773,4540743680,4
44.834,4572004352,4
44.887,4604067840,4
44.947,4671111168,4
45.007,4702896128,4
45.067,4728438784,4
45.127,4750098432,4
45.186,4768612352,4
45.246,4786634752,4
45.307,4803936256,4
45.364,4816568320,4
45.424,3346071552,4
45.481,1905262592,3
45.541,1917894656,3
45.596,2005696512,4
45.648,2118287360,4
45.700,2176270336,4
45.757,2235023360,4
45.817,2290466816,4
45.876,2340372480,4
45.936,2391261184,4
45.993,2431156224,4
46.053,2603417600,4
46.114,2868068352,4
46.174,3148464128,4
46.226,3416260608,4
46.283,3443097600,4
46.343,3496738816,4
46.401,3557048320,4
46.461,3616210944,4
46.515,3656335360,4
46.575,3721445376,4
46.632,3784835072,4
46.690,3812179968,4
46.750,3842637824,4
46.807,3867541504,4
46.867,4085596160,4
46.927,4388601856,4
46.980,4828774400,4
47.041,5273583616,4
47.101,5465423872,4
47.157,5593350144,4
47.217,5658509312,4
47.276,5712183296,4
47.332,5765349376,4
47.392,5847875584,4
47.451,5883985920,4
47.512,5951143936,4
47.572,5975998464,4
47.630,5987467264,4
47.690,5998428160,4
47.750,6007406592,4
47.811,6022889472,4
47.866,4556095488,4
47.926,4562042880,3
47.983,4565319680,4
48.041,4646043648,4
48.101,4680318976,4
48.161,4711956480,4
48.221,4739760128,4
48.282,4768202752,4
48.342,4792107008,4
48.401,4807655424,4
48.462,4825841664,4
48.522,3439247360,4
48.583,3458203648,3
48.645,3475685376,4
48.705,3569762304,4
48.765,3613818880,4
48.826,3656826880,4
48.886,3701555200,4
48.943,3736649728,4
49.003,3773448192,4
49.064,3804102656,4
49.122,3831021568,4
49.182,3858726912,4
49.237,3881877504,4
49.297,3908173824,4
49.357,3930324992,4
49.417,4137680896,4
49.478,4400332800,4
49.532,4647174144,4
49.593,3258400768,3
49.654,3284811776,4
49.710,3393470464,4
49.765,3474309120,4
49.824,3535667200,4
49.882,3580624896,4
49.942,3662397440,4
50.001,3719282688,4
50.057,3976003584,4
50.117,4296851456,4
50.178,4528898048,4
50.232,4650631168,4
50.292,4679991296,4
50.343,4712300544,4
50.399,4765401088,4
50.459,4815273984,4
50.519,4841832448,4
50.573,4903518208,4
50.634,4947050496,4
50.694,4966662144,4
50.754,4985077760,4
50.807,5001625600,4
50.867,3543744512,3
50.929,3555082240,4
50.990,2400829440,4
51.050,2722037760,3
51.111,2987982848,4
51.172,3109044224,4
51.232,3186540544,4
51.292,3274850304,4
51.349,3335159808,4
51.409,3386916864,4
51.468,3472343040,4
51.526,3526623232,4
51.582,3564601344,4
51.640,3597549568,4
51.701,3625353216,4
51.757,3656204288,4
51.817,3692085248,4
51.877,3717890048,4
51.938,3747512320,4
51.990,3772350464,4
52.051,3797450752,4
52.110,3820339200,4
52.165,3840802816,4
52.225,3869523968,4
52.286,3891380224,4
52.340,3909894144,4
52.400,3930947584,4
52.451,4142891008,4
52.510,3002843136,3
52.570,3391864832,4
52.630,3864264704,4
52.682,4163289088,4
52.742,4414996480,4
52.801,4546150400,4
52.857,4601004032,4
52.913,4661903360,4
52.972,4744757248,4
53.032,4841488384,4
53.084,4882071552,4
53.143,4960829440,4
53.201,5002575872,4
53.262,5035769856,4
53.315,5059330048,4
53.375,5089247232,4
53.430,5110857728,4
53.490,3372662784,4
53.551,3385638912,3
53.613,3405119488,4
53.673,3500933120,4
53.733,3543810048,4
53.788,3581689856,4
53.849,3620519936,4
53.909,3651338240,4
53.965,2150367232,4
54.026,2178383872,3
54.086,2403860480,4
54.143,2747727872,4
54.198,2993553408,4
54.251,3254009856,4
54.310,3298017280,4
54.365,3347300352,4
54.425,3420422144,4
54.482,3473850368,4
54.542,3523575808,4
54.598,3580624896,4
54.659,3655712768,4
54.712,3689676800,4
54.767,3717185536,4
54.823,3738681344,4
54.884,3766206464,4
54.943,3794567168,4
55.001,3978625024,4
55.057,4203069440,4
55.117,4437721088,4
55.176,4692606976,4
55.234,4709908480,4
55.287,4741054464,4
55.338,4780654592,4
55.398,4822253568,4
55.459,4853432320,4
55.519,4906270720,4
55.573,5157355520,4
55.634,3908911104,4
55.693,4130062336,3
55.753,4326539264,4
55.813,2868887552,3
55.875,2929393664,4
55.936,3084386304,4
55.996,3169222656,4
56.048,3224436736,4
56.109,3317432320,4
56.168,3387670528,4
56.226,3432644608,4
56.287,3478405120,4
56.339,3510534144,4
56.399,3545399296,4
56.459,3573448704,4
56.515,3596025856,4
56.575,3635036160,4
56.635,3660873728,4
56.690,2147663872,4
56.751,2173534208,3
56.808,2201600000,4
56.869,2307653632,4
56.923,2356477952,4
56.984,2658910208,4
57.044,2938306560,4
57.104,3126968320,4
57.157,3168534528,4
57.217,3223126016,4
57.273,3477946368,4
57.332,3763994624,4
57.392,4046848000,4
57.452,4295704576,4
57.507,4328275968,4
57.567,4372152320,4
57.626,4437147648,4
57.684,4477845504,4
57.740,4508221440,4
57.801,4561911808,4
57.857,4616028160,4
57.917,4638932992,4
57.977,4658675712,4
58.034,4715528192,4
58.090,4952080384,4
58.150,5189861376,4
58.208,4180492288,3
58.270,4194811904,4
58.323,4293525504,4
58.384,4370300928,4
58.443,4420648960,4
58.498,4458397696,4
58.559,4534796288,4
58.619,4574363648,4
58.675,4607705088,4
58.735,4639326208,4
58.790,4659249152,4
58.850,3138322432,4
58.910,3155230720,3
58.970,3172827136,4
59.026,3269967872,4
59.085,3328212992,4
59.140,3372744704,4
59.200,3414261760,4
59.259,3701342208,4
59.320,3961110528,4
59.376,4058480640,4
59.437,4100980736,4
59.490,4154949632,4
59.548,4190126080,4
59.609,4233822208,4
59.669,4281565184,4
59.724,4301635584,4
59.784,4325195776,4
59.844,4362502144,4
59.901,2802188288,4
59.957,2819915776,3
60.019,2835365888,4
60.079,2933063680,4
60.132,2977153024,4
60.192,3017162752,4
60.252,3063709696,4
60.308,3314057216,4
60.368,3639967744,4
60.424,3818897408,4
60.484,3935109120,4
60.544,3972497408,4
60.605,4020748288,4
60.663,4067213312,4
60.724,4102488064,4
60.782,2750414848,4
60.839,2809430016,3
60.892,2834497536,4
60.949,2945040384,4
61.007,2991587328,4
61.067,3032465408,4
61.122,3063169024,4
61.182,3095855104,4
61.242,3132620800,4
61.299,2018279424,3
61.361,2046820352,4
61.421,2154315776,4
61.481,2292645888,4
61.538,2557902848,4
61.599,2877587456,4
61.657,3139141632,4
61.715,3205840896,4
61.775,3261038592,4
61.832,3318480896,4
61.892,1950400512,4
61.947,1993359360,3
62.009,2047475712,4
62.069,2197372928,4
62.130,2262745088,4
62.184,2549514240,4
62.236,2842574848,4
62.297,3097362432,4
62.357,3157901312,4
62.417,3223715840,4
62.478,3293642752,4
62.538,3585163264,4
62.598,3841359872,4
62.655,4103110656,4
62.716,4152639488,4
62.773,4193517568,4
62.834,4253597696,4
62.890,4294082560,4
62.940,4333387776,4
63.001,4390797312,4
63.057,4415242240,4
63.117,4442095616,4
63.173,4462428160,4
63.234,4480352256,4
63.290,4498948096,4
63.350,4706287616,4
63.410,4960878592,4
63.468,5196922880,4
63.525,5306351616,4
63.582,5328764928,4
63.642,5359239168,4
63.701,5399494656,4
63.762,5430591488,4
63.815,5458493440,4
63.875,5510922240,4
63.936,5524275200,4
63.996,5534990336,4
64.056,5541003264,4
64.115,5546508288,4
64.175,5553471488,4
64.235,5563940864,4
64.287,5568413696,4
64.347,5576327168,4
64.407,5582553088,4
64.465,5588680704,4
64.525,5594955776,4
64.586,5599543296,4
64.643,5606424576,4
64.699,5613535232,4
64.759,5618483200,4
64.818,5637570560,4
64.878,5651398656,4
64.932,5653676032,4
64.992,5655724032,4
65.052,5658378240,4
65.110,4249092096,4
65.166,4251353088,3
65.228,4259348480,4
65.280,4335878144,4
65.340,4373905408,4
65.401,3096035328,4
65.460,3123298304,3
65.517,3144171520,4
65.568,3237183488,4
65.623,3291430912,4
65.684,3333177344,4
65.743,3371827200,4
65.803,3406462976,4
65.859,3436773376,4
65.915,2081177600,4
65.976,2109702144,3
66.033,2135048192,4
66.084,2233221120,4
66.135,2289270784,4
66.193,2339618816,4
66.251,2388508672,4
66.312,2436595712,4
66.372,2481979392,4
66.432,2527264768,4
66.492,2567471104,4
66.543,2602205184,4
66.601,2637283328,4
66.657,2670821376,4
66.717,2813476864,4
66.776,3058188288,4
66.832,3334963200,4
66.892,3598778368,4
66.952,3848814592,4
67.010,4142202880,4
67.065,4381736960,4
67.125,4603756544,4
67.183,4649058304,4
67.240,4697964544,4
67.298,4974755840,4
67.359,5271076864,4
67.418,5497077760,4
67.478,5642600448,4
67.532,5700943872,4
67.592,5746786304,4
67.643,5787058176,4
67.701,5826428928,4
67.759,5873614848,4
67.817,5923127296,4
67.876,5935579136,4
67.936,5948817408,4
67.997,5952978944,4
68.057,5957828608,4
68.117,5975064576,4
68.173,5985894400,4
68.234,5989990400,4
68.293,5995937792,4
68.350,5999886336,4
68.409,6014992384,4
68.466,4492230656,3
68.527,4497211392,4
68.588,4584521728,4
68.643,4621991936,4
68.700,4647976960,4
68.759,4674256896,4
68.818,4696293376,4
68.875,4717756416,4
68.936,4738416640,4
68.993,4763713536,4
69.049,3253190656,3
69.111,3273097216,4
69.168,3369222144,4
69.226,3413852160,4
69.285,3451961344,4
69.345,3493953536,4
69.398,3525754880,4
69.459,3558113280,4
69.515,3584327680,4
69.574,3611607040,4
69.634,3638280192,4
69.693,3663118336,4
69.751,3688841216,4
69.807,3710615552,4
69.867,3735289856,4
69.926,3767173120,4
69.980,3796418560,4
70.040,4050141184,4
70.098,4357062656,4
70.159,4591435776,4
70.218,4722556928,4
70.276,4750016512,4
70.336,3426910208,4
70.390,3476209664,3
70.452,3531669504,4
70.512,3884777472,4
70.573,4256727040,4
70.633,4516970496,4
70.693,4603232256,4
70.751,4682776576,4
70.810,2988408832,4
70.870,3036184576,3
70.932,3078946816,4
70.991,3218030592,4
71.051,3314696192,4
71.107,3364438016,4
71.167,3412508672,4
71.226,3448291328,4
71.282,3491692544,4
71.342,3524820992,4
71.399,3557752832,4
71.459,3590012928,4
71.515,3623075840,4
71.575,3649863680,4
71.635,3675193344,4
71.693,3698376704,4
71.751,3725737984,4
71.806,3753066496,4
71.867,3778871296,4
71.926,4043653120,4
71.979,4332388352,4
72.039,4555341824,4
72.098,4679860224,4
72.159,4711366656,4
72.219,4756406272,4
72.276,4806000640,4
72.332,4842061824,4
72.392,5099683840,4
72.452,5466914816,4
72.507,5675466752,4
72.567,5794906112,4
72.626,5821284352,4
72.686,5853544448,4
72.746,5903695872,4
72.802,5932613632,4
72.857,4435591168,4
72.918,4494360576,3
72.978,4523540480,4
73.038,4617224192,4
73.099,4658724864,4
73.159,4692426752,4
73.218,4722458624,4
73.276,4742512640,4
73.335,4770922496,4
73.390,4791664640,4
73.450,4812046336,4
73.510,4831936512,4
73.567,4851466240,4
73.628,4870914048,4
73.682,4897128448,4
73.742,4914249728,4
73.798,4932681728,4
73.859,4952735744,4
73.915,4966563840,4
73.975,4982341632,4
74.034,4997431296,4
74.093,5014962176,4
74.153,5031886848,4
74.213,5154783232,4
74.272,5367808000,4
74.323,5551603712,4
74.382,5787123712,4
74.442,5805637632,4
74.502,5830574080,4
74.557,5871992832,4
74.617,5905809408,4
74.673,5929304064,4
74.734,5982830592,4
74.790,5994627072,4
74.850,6005702656,4
74.910,6013304832,4
74.965,6024970240,4
75.025,6033833984,4
75.084,6037159936,4
75.142,6044270592,4
75.198,6048481280,4
75.259,6049136640,4
75.317,6050299904,4
75.376,6051414016,4
75.435,6071255040,4
75.495,4430430208,3
75.557,4439261184,4
75.617,4525555712,4
75.676,2984640512,4
75.735,3017539584,3
75.792,3040231424,4
75.851,3139846144,4
75.907,3184738304,4
75.967,3226337280,4
76.018,1917665280,3
76.075,1951465472,4
76.135,2062385152,4
76.192,2125135872,4
76.251,2179694592,4
76.309,2226503680,4
76.369,2277146624,4
76.430,2325823488,4
76.484,2362654720,4
76.542,2398814208,4
76.601,2439249920,4
76.662,2478211072,4
76.719,2513485824,4
76.779,2550857728,4
76.832,2580004864,4
76.892,2614804480,4
76.952,2650439680,4
77.013,2868281344,4
77.073,3146973184,4
77.130,3387015168,4
77.182,3588620288,4
77.242,3842146304,4
77.301,4274831360,4
77.360,4725751808,4
77.418,5080760320,4
77.476,5324341248,4
77.536,5392826368,4
77.596,5499535360,4
77.655,5571608576,4
77.709,5613797376,4
77.769,5685100544,4
77.825,5782372352,4
77.886,5815975936,4
77.940,5841584128,4
78.000,5865275392,4
78.057,5873680384,4
78.117,5879463936,4
78.177,5888114688,4
78.238,5896650752,4
78.297,5903810560,4
78.351,5908414464,4
78.410,5912887296,4
78.470,5918572544,4
78.530,5925306368,4
78.590,5929926656,4
78.650,5931630592,4
78.711,5936627712,4
78.765,5938937856,4
78.825,5943836672,4
78.886,5951094784,4
78.943,5957697536,4
78.998,5962678272,4
79.059,5967200256,4
79.109,5974261760,4
79.165,5977669632,4
79.225,5989089280,4
79.285,5992120320,4
79.342,5995675648,4
79.402,5996740608,4
79.457,5999755264,4
79.517,6003359744,4
79.577,6007881728,4
79.637,6012108800,4
79.690,6014828544,4
79.750,6020300800,4
79.811,6029017088,4
79.868,6030868480,4
79.928,6032785408,4
79.984,6050627584,4
80.045,4482318336,3
80.100,4487102464,4
80.157,4564041728,4
80.217,4599005184,4
80.267,4626546688,4
80.323,4650614784,4
80.384,4672339968,4
80.442,4693917696,4
80.498,4713365504,4
80.559,4732289024,4
80.619,4750671872,4
80.676,4765892608,4
80.732,4786814976,4
80.792,4805476352,4
80.851,4822630400,4
80.910,4846993408,4
80.967,4862427136,4
81.028,4880498688,4
81.085,4894441472,4
81.140,4908269568,4
81.200,4921131008,4
81.251,4936957952,4
81.311,4949983232,4
81.368,4964204544,4
81.428,4973805568,4
81.489,4984012800,4
81.548,5169790976,4
81.609,5419679744,4
81.666,3959242752,3
81.728,4206968832,4
81.788,4296474624,4
81.848,4366778368,4
81.909,2828828672,4
81.968,2874441728,3
82.025,2914615296,4
82.082,3066134528,4
82.140,3148382208,4
82.200,3207593984,4
82.260,3262791680,4
82.321,3307405312,4
82.381,3350740992,4
82.432,3375824896,4
82.492,3405021184,4
82.548,3436986368,4
82.609,3465232384,4
82.669,3500081152,4
82.729,3524395008,4
82.789,3549872128,4
82.850,3578216448,4
82.901,3599958016,4
82.960,3623141376,4
83.018,2219819008,4
83.079,2367569920,3
83.135,2593701888,4
83.195,2924462080,4
83.256,3167633408,4
83.316,3217178624,4
83.376,3273687040,4
83.432,3340468224,4
83.492,3654369280,4
83.549,3991650304,4
83.610,4232871936,4
83.667,4372021248,4
83.726,4422451200,4
83.784,4465639424,4
83.840,4515938304,4
83.899,4553490432,4
83.951,3181019136,3
84.007,3246047232,4
84.063,3362652160,4
84.123,3417997312,4
84.184,3471589376,4
84.244,3513925632,4
84.298,3546103808,4
84.358,3582148608,4
84.418,3616489472,4
84.474,3844734976,4
84.534,4144152576,4
84.590,4365811712,4
84.651,2967257088,3
84.713,3000516608,4
84.773,3124871168,4
84.834,3202154496,4
84.893,3261612032,4
84.951,3332505600,4
85.007,3406430208,4
85.067,3447078912,4
85.126,3484942336,4
85.187,3514351616,4
85.240,3539648512,4
85.300,3566878720,4
85.357,3597238272,4
85.415,3623075840,4
85.475,3755180032,4
85.535,3986210816,4
85.595,4285399040,4
85.655,4541366272,4
85.716,4589043712,4
85.776,4628283392,4
85.832,4668424192,4
85.892,4714332160,4
85.951,4744085504,4
86.007,4777623552,4
86.065,4836098048,4
86.126,4864294912,4
86.185,5036048384,4
86.243,3694739456,4
86.302,3927261184,3
86.364,4193370112,4
86.415,4267737088,4
86.475,4325179392,4
86.536,4385718272,4
86.590,4435279872,4
86.650,4484890624,4
86.710,3101032448,3
86.767,3168829440,4
86.826,3279650816,4
86.886,3333029888,4
86.943,3378184192,4
86.998,3414589440,4
87.059,3451797504,4
87.115,3482042368,4
87.175,3516481536,4
87.235,3557212160,4
87.290,3585327104,4
87.350,3620159488,4
87.411,3646390272,4
87.468,3670196224,4
87.523,3694444544,4
87.575,3719397376,4
87.635,3751559168,4
87.692,3774480384,4
87.753,2250113024,4
87.810,2271477760,3
87.872,2450948096,4
87.933,2770419712,4
87.992,3043508224,4
88.052,3319316480,4
88.110,3357704192,4
88.167,3407249408,4
88.226,3570302976,4
88.284,3823058944,4
88.343,4133634048,4
88.401,2834104320,4
88.462,2984837120,3
88.520,3034038272,4
88.580,3165110272,4
88.640,3242835968,4
88.701,3318251520,4
88.761,3394289664,4
88.815,3472179200,4
88.872,3515318272,4
88.932,3552133120,4
88.992,3585343488,4
89.048,3615260672,4
89.105,3649716224,4
89.157,3673210880,4
89.217,3698458624,4
89.276,3746955264,4
89.337,4044750848,4
89.390,4345724928,4
89.441,4521361408,4
89.498,4640653312,4
89.559,4674781184,4
89.615,3180249088,4
89.676,3233972224,3
89.738,3269476352,4
89.798,3384295424,4
89.855,3472490496,4
89.913,3585212416,4
89.971,3846979584,4
90.031,4163764224,4
90.082,4343349248,4
90.142,4468244480,4
90.192,4499128320,4
90.251,4542758912,4
90.307,4596006912,4
90.367,4636246016,4
90.423,4664213504,4
90.484,4734025728,4
90.540,4769349632,4
90.601,4779163648,4
90.662,4802854912,4
90.722,4824498176,4
90.782,4840407040,4
90.842,4858265600,4
90.898,4880678912,4
90.959,4896882688,4
91.019,4911841280,4
91.077,4929241088,4
91.137,4940857344,4
91.197,3455631360,4
91.258,3715268608,3
91.320,4039426048,4
91.381,4284579840,4
91.434,4418043904,4
91.492,4462608384,4
91.542,4507189248,4
91.601,4579721216,4
91.652,4618289152,4
91.712,4653547520,4
91.772,4725964800,4
91.832,3270606848,4
91.893,3294724096,3
91.954,3315531776,4
92.015,3409739776,4
92.075,3451830272,4
92.135,3491741696,4
92.190,3529736192,4
92.250,3564503040,4
92.307,3595436032,4
92.367,3626270720,4
92.423,2059943936,4
92.482,2087206912,3
92.544,2119385088,4
92.604,2224668672,4
92.665,2274787328,4
92.725,2324037632,4
92.782,2529017856,4
92.842,2807054336,4
92.892,3016933376,4
92.953,3302277120,4
93.010,3346251776,4
93.065,3394043904,4
93.122,3462266880,4
93.183,3505963008,4
93.240,2040823808,4
93.301,2101280768,3
93.358,2356281344,4
93.415,2700181504,4
93.475,2994601984,4
93.532,3173056512,4
93.592,3225583616,4
93.651,3278733312,4
93.707,3348021248,4
93.767,3401089024,4
93.827,3439132672,4
93.888,3524919296,4
93.948,3569647616,4
93.998,3783589888,4
94.059,4049993728,4
94.118,4282499072,4
94.177,4487102464,4
94.235,4513071104,4
94.293,4548853760,4
94.353,4609540096,4
94.413,4649664512,4
94.474,4675321856,4
94.534,4743479296,4
94.594,4782014464,4
94.651,4804804608,4
94.712,4823810048,4
94.772,4836622336,4
94.830,5046222848,4
94.882,5254201344,4
94.942,5470470144,4
95.002,5709791232,4
95.057,5721817088,4
95.117,5748654080,4
95.177,5800738816,4
95.238,5826674688,4
95.289,4340219904,4
95.347,4373528576,3
95.400,4427235328,4
95.460,4517920768,4
95.521,4557242368,4
95.581,4595204096,4
95.641,4626989056,4
95.702,4654727168,4
95.757,4676681728,4
95.817,4695965696,4
95.876,4715560960,4
95.936,3249143808,4
95.997,3270852608,3
96.058,3295739904,4
96.117,3390963712,4
96.173,3433218048,4
96.234,3482599424,4
96.290,3516956672,4
96.340,3548069888,4
96.401,3581722624,4
96.461,3611000832,4
96.517,3638558720,4
96.576,3663396864,4
96.632,3686416384,4
96.689,2187198464,4
96.750,2207023104,3
96.808,2228436992,4
96.869,2554822656,4
96.926,2900197376,4
96.982,3121463296,4
97.040,3265298432,4
97.092,3309387776,4
97.151,3361177600,4
97.211,3430858752,4
97.272,3481026560,4
97.332,3526868992,4
97.391,3604348928,4
97.448,3791732736,4
97.509,4023681024,4
97.569,4269588480,4
97.629,4520509440,4
97.689,4547346432,4
97.750,4583981056,4
97.810,4640849920,4
97.865,4679680000,4
97.925,4705058816,4
97.980,4765335552,4
98.040,4806115328,4
98.101,4827136000,4
98.161,4853399552,4
98.215,4868571136,4
98.276,3442589696,4
98.332,3600023552,3
98.394,3840589824,4
98.455,4154572800,4
98.516,2981183488,3
98.577,3016310784,4
98.632,3135012864,4
98.692,3228139520,4
98.751,3300802560,4
98.807,3355803648,4
98.867,3422191616,4
98.924,3502473216,4
98.984,3546759168,4
99.040,3584851968,4
99.100,3615883264,4
99.151,3656204288,4
99.207,2098315264,4
99.267,2122285056,3
99.328,2151219200,4
99.382,2250407936,4
99.442,2311553024,4
99.500,2364817408,4
99.557,2407710720,4
99.617,2451259392,4
99.673,2488598528,4
99.734,2524086272,4
99.794,2720219136,4
99.845,2916630528,4
99.905,3184345088,4
99.957,3680256000,4
100.015,3982966784,4
100.076,4215947264,4
100.132,4367450112,4
100.192,4432691200,4
100.248,4492476416,4
100.308,4573806592,4
100.369,3106013184,4
100.424,3136454656,3
100.486,3202957312,4
100.546,3316563968,4
100.606,3367387136,4
100.667,3406856192,4
100.730,3445293056,4
100.790,3673145344,4
100.850,2503475200,4
100.911,2742026240,3
100.967,2925641728,4
101.026,3026796544,4
101.084,3094069248,4
101.145,3180756992,4
101.205,3244851200,4
101.265,3291578368,4
101.326,3366027264,4
101.386,3430432768,4
101.446,3465707520,4
101.500,3503144960,4
101.557,3532505088,4
101.617,3569860608,4
101.671,3595403264,4
101.732,3617538048,4
101.789,3640737792,4
101.849,3664789504,4
101.910,3694280704,4
101.968,3718004736,4
102.023,3967434752,4
102.083,4295344128,4
102.136,4487757824,4
102.196,4616044544,4
102.248,4636327936,4
102.309,4667637760,4
102.368,4718821376,4
102.426,4941168640,4
102.485,5186912256,4
102.543,5422678016,4
102.602,4181639168,4
102.663,4200955904,3
102.725,4231413760,4
102.785,4352114688,4
102.840,4404477952,4
102.900,4449075200,4
102.960,4518674432,4
103.018,4581359616,4
103.076,3144843264,4
103.135,3178233856,3
103.194,3200581632,4
103.251,3295723520,4
103.312,1821966336,4
103.366,1860124672,3
103.428,1900216320,4
103.488,2012889088,4
103.548,2077622272,4
103.608,2131542016,4
103.669,2186952704,4
103.729,2235547648,4
103.788,2286731264,4
103.840,2318024704,4
103.900,2357411840,4
103.959,2395275264,4
104.015,2435547136,4
104.075,2470379520,4
104.136,2509570048,4
104.196,2547138560,4
104.255,2630156288,4
104.315,2913828864,4
104.375,3239133184,4
104.435,1985642496,4
104.496,2070577152,3
104.549,2107981824,4
104.607,2232532992,4
104.667,2556018688,4
104.723,2913517568,4
104.784,3159883776,4
104.840,3393290240,4
104.900,3699228672,4
104.960,4036296704,4
105.021,4297654272,4
105.073,4397006848,4
105.134,4443078656,4
105.193,4539678720,4
105.248,4607787008,4
105.309,4648189952,4
105.369,4690214912,4
105.429,4755406848,4
105.489,4802035712,4
105.550,4826923008,4
105.609,4848238592,4
105.669,4861214720,4
105.729,4873994240,4
105.782,4886724608,4
105.842,4901339136,4
105.898,4914741248,4
105.959,4927717376,4
106.019,5022236672,4
106.075,5240324096,4
106.135,5535367168,4
106.193,5713035264,4
106.251,5810618368,4
106.307,5830311936,4
106.367,5862096896,4
106.423,4390125568,4
106.484,4416995328,3
106.544,4438540288,4
106.605,4568842240,4
106.665,4620763136,4
106.725,3144663040,4
106.782,3168010240,3
106.844,3189489664,4
106.904,3293544448,4
106.957,3342614528,4
107.017,3390816256,4
107.077,1948958720,4
107.134,1983922176,3
107.186,2019049472,4
107.247,2126561280,4
107.307,2182168576,4
107.367,2237284352,4
107.423,2284044288,4
107.483,2330722304,4
107.544,2377383936,4
107.596,2412560384,4
107.656,2455371776,4
107.715,2493825024,4
107.775,2529869824,4
107.835,2565013504,4
107.896,2598060032,4
107.956,2627092480,4
108.016,2661548032,4
108.076,2904211456,4
108.135,3189702656,4
108.195,3446784000,4
108.255,3606609920,4
108.315,3642425344,4
108.375,3683303424,4
108.432,3934715904,4
108.492,4222582784,4
108.552,4468998144,4
108.612,4760354816,4
108.673,4805246976,4
108.733,4843945984,4
108.790,5126668288,4
108.848,5431902208,4
108.901,5630230528,4
108.957,5838553088,4
109.017,5908578304,4
109.073,5946425344,4
109.134,5979455488,4
109.194,6023725056,4
109.248,6049382400,4
109.308,6065143808,4
109.365,4537040896,4
109.426,4565942272,3
109.483,4580360192,4
109.540,4674568192,4
109.600,4714840064,4
109.656,4744183808,4
109.716,4772200448,4
109.777,4794335232,4
109.828,4811571200,4
109.888,4830216192,4
109.948,3322085376,4
110.009,3339403264,3
110.066,3356639232,4
110.123,3456434176,4
110.184,3499655168,4
110.239,3537682432,4
110.300,3575611392,4
110.357,3607887872,4
110.415,3639279616,4
110.475,2092384256,4
110.536,2122088448,3
110.594,2151530496,4
110.655,2258272256,4
110.715,2308145152,4
110.773,2353233920,4
110.833,2396553216,4
110.890,2434908160,4
110.950,2520465408,4
111.006,2789720064,4
111.067,3114303488,4
111.123,3318087680,4
111.183,3429679104,4
111.237,3470917632,4
111.297,3523624960,4
111.357,3580788736,4
111.417,3628318720,4
111.473,3670654976,4
111.533,3879469056,4
111.590,4107452416,4
111.650,4379213824,4
111.707,4627906560,4
111.767,4665032704,4
111.823,4700651520,4
111.884,4742512640,4
111.942,4784799744,4
112.002,4814716928,4
112.062,4860231680,4
112.122,5163712512,4
112.183,5498028032,4
112.243,5677678592,4
112.301,5786746880,4
112.357,5806899200,4
112.417,5836079104,4
112.476,5877219328,4
112.537,5903351808,4
112.597,5924536320,4
112.648,5978243072,4
112.709,6000934912,4
112.779,6023675904,4
112.832,6030245888,4
112.892,6037913600,4
112.952,6045106176,4
113.007,6060998656,4
113.067,6067191808,4
113.127,6070419456,4
113.182,6073106432,4
113.236,6078316544,4
113.296,6084820992,4
113.348,6091325440,4
113.409,6096371712,4
113.469,6100074496,4
113.523,6101483520,4
113.583,6104809472,4
113.644,4594892800,4
113.705,4600037376,3
113.767,4609867776,4
113.826,4690067456,4
113.884,4726947840,4
113.940,4751556608,4
114.000,4774100992,4
114.060,4797775872,4
114.121,4823580672,4
114.181,3328589824,4
114.239,3345088512,3
114.292,3361013760,4
114.348,3455107072,4
114.409,3502014464,4
114.469,3545743360,4
114.529,3583033344,4
114.590,2016051200,4
114.647,2054307840,3
114.708,2088894464,4
114.769,2197471232,4
114.829,2256732160,4
114.882,2302509056,4
114.942,2352103424,4
115.002,2396864512,4
115.062,2437906432,4
115.115,2475720704,4
115.175,2520481792,4
115.235,2594701312,4
115.290,2855845888,4
115.343,3164454912,4
115.403,3371188224,4
115.463,3494936576,4
115.523,3538763776,4
115.583,2032680960,4
115.640,2086354944,3
115.702,2294824960,4
115.757,2591522816,4
115.817,2913517568,4
115.877,3228123136,4
115.938,3278635008,4
115.990,3327754240,4
116.048,3399892992,4
116.109,3451912192,4
116.165,3497771008,4
116.223,3627188224,4
116.284,3927293952,4
116.340,4250370048,4
116.400,4440162304,4
116.457,4561272832,4
116.517,4604739584,4
116.577,4653268992,4
116.638,4705501184,4
116.690,4740071424,4
116.750,4771430400,4
116.809,4844748800,4
116.870,4876779520,4
116.930,4898373632,4
116.990,4912578560,4
117.051,4926013440,4
117.103,4938055680,4
117.156,5004607488,4
117.217,5248614400,4
117.273,5538414592,4
117.334,5722685440,4
117.385,5815091200,4
117.440,5836455936,4
117.500,4375150592,4
117.556,4416946176,3
117.618,4447535104,4
117.678,4541923328,4
117.732,4628398080,4
117.788,4679254016,4
117.848,4713332736,4
117.909,4744331264,4
117.969,4767809536,4
118.023,4788600832,4
118.084,4813996032,4
118.140,4829806592,4
118.200,4849500160,4
118.260,4869242880,4
118.321,4879089664,4
118.380,4895473664,4
118.440,4910399488,4
118.500,4924096512,4
118.555,4936630272,4
118.615,4964876288,4
118.675,4979015680,4
118.736,4994940928,4
118.790,5007261696,4
118.850,5020565504,4
118.910,5034622976,4
118.967,5046779904,4
119.026,5280350208,4
119.081,5549768704,4
119.142,5753716736,4
119.201,5854478336,4
119.261,5877841920,4
119.319,5909151744,4
119.376,5947736064,4
119.434,5976358912,4
119.493,6005735424,4
119.553,6056361984,4
119.613,6068420608,4
119.674,6081249280,4
119.731,6084739072,4
119.792,6091276288,4
119.848,6096109568,4
119.908,6102859776,4
119.969,6105907200,4
120.026,6113001472,4
120.080,6116835328,4
120.135,6122717184,4
120.190,6126305280,4
120.250,6133301248,4
120.310,6149029888,4
120.365,6151749632,4
120.417,6154420224,4
120.473,6155272192,4
120.531,6156681216,4
120.592,6161219584,4
120.652,6162956288,4
120.712,6169149440,4
120.773,4568530944,4
120.824,3021127680,3
120.886,3022258176,3
120.948,3109273600,4
121.008,3222339584,4
121.065,3276734464,4
121.125,3329130496,4
121.185,3371827200,4
121.240,3406872576,4
121.300,3443310592,4
121.358,3475292160,4
121.418,3509927936,4
121.478,1910702080,4
121.532,1938620416,3
121.594,1963327488,4
121.648,2059010048,4
121.708,2114666496,4
121.765,2163621888,4
121.825,2217918464,4
121.882,2259648512,4
121.940,2302361600,4
122.000,2341535744,4
122.056,2376941568,4
122.117,2414067712,4
122.177,2438594560,4
122.237,2476376064,4
122.298,2507440128,4
122.355,2535358464,4
122.415,2918023168,4
122.475,3413934080,4
122.536,3881975808,4
122.590,4309385216,4
122.650,4338597888,4
122.706,4393713664,4
122.767,4477616128,4
122.823,4535681024,4
122.883,4580868096,4
122.944,4679892992,4
123.004,5025103872,4
123.058,5312954368,4
123.119,5532336128,4
123.176,5590024192,4
123.234,5621874688,4
123.295,5660491776,4
123.355,5695111168,4
123.415,5715001344,4
123.473,5757927424,4
123.533,5797560320,4
123.594,5808799744,4
123.654,5819449344,4
123.706,5824413696,4
123.767,5828345856,4
123.823,5830803456,4
123.883,5836242944,4
123.943,5846155264,4
124.001,5850071040,4
124.056,5851643904,4
124.117,5860622336,4
124.177,5864931328,4
124.236,5870518272,4
124.295,5880856576,4
124.355,5885886464,4
124.415,5889015808,4
124.475,5900353536,4
124.534,5903171584,4
124.595,5907283968,4
124.648,5911543808,4
124.702,5914673152,4
124.756,5920161792,4
124.817,5921800192,4
124.873,5926453248,4
124.933,5928812544,4
124.994,5929992192,4
125.054,5933547520,4
125.114,5937135616,4
125.175,5946392576,4
125.231,5955354624,4
125.292,4513464320,4
125.353,4515299328,3
125.411,4520280064,4
125.465,4595220480,4
125.525,4629954560,4
125.581,4653907968,4
125.642,4677140480,4
125.698,4696145920,4
125.758,3297869824,4
125.818,1774108672,3
125.875,1789214720,3
125.937,1891041280,4
125.990,2007728128,4
126.050,2085699584,4
126.111,2146828288,4
126.165,2194522112,4
126.225,2246082560,4
126.285,2295529472,4
126.338,2333868032,4
126.390,2377039872,4
126.450,2422030336,4
126.506,2464251904,4
126.559,2496806912,4
126.619,2528051200,4
126.679,2562818048,4
126.731,2592636928,4
126.792,2836348928,4
126.848,3138600960,4
126.908,3370303488,4
126.967,3495297024,4
127.028,3539206144,4
127.083,3586965504,4
127.143,3640754176,4
127.201,3833462784,4
127.259,4279762944,4
127.318,4821303296,4
127.373,5235277824,4
127.433,5365039104,4
127.490,5410799616,4
127.550,5475975168,4
127.606,5538480128,4
127.667,5578571776,4
127.727,5644124160,4
127.787,5724684288,4
127.848,5755813888,4
127.908,5769838592,4
127.968,5776703488,4
128.029,5782339584,4
128.089,5787058176,4
128.140,5794316288,4
128.200,5805391872,4
128.256,5812387840,4
128.316,5813993472,4
128.376,5814894592,4
128.437,5816483840,4
128.497,5820055552,4
128.557,5824282624,4
128.615,5825773568,4
128.675,5829083136,4
128.735,5830017024,4
128.790,5830737920,4
128.850,5832081408,4
128.902,5834227712,4
128.963,5835571200,4
129.023,5838536704,4
129.083,5841371136,4
129.140,5843369984,4
129.200,5844385792,4
129.256,5847449600,4
129.317,5849513984,4
129.376,5851971584,4
129.431,5857394688,4
129.492,5869142016,4
129.552,5875449856,4
129.606,5876613120,4
129.667,5879873536,4
129.727,5888376832,4
129.787,4466032640,4
129.840,4468047872,3
129.902,4472520704,4
129.963,3119710208,4
130.019,3151790080,3
130.075,3181182976,4
130.126,3278110720,4
130.186,3335192576,4
130.243,3380051968,4
130.303,3423387648,4
130.363,3456679936,4
130.424,3493560320,4
130.484,3527262208,4
130.540,3555082240,4
130.600,3585753088,4
130.656,3615539200,4
130.717,3636232192,4
130.777,3661987840,4
130.837,3689414656,4
130.898,3718135808,4
130.956,3743596544,4
131.017,3770810368,4
131.071,3792420864,4
131.132,3816194048,4
131.192,3836805120,4
131.250,3866820608,4
131.306,4126998528,4
131.367,4514594816,4
131.427,4941266944,4
131.487,5218631680,4
131.548,5485969408,4
131.598,5514559488,4
131.658,5573246976,4
131.715,5625610240,4
131.775,5684527104,4
131.826,5746622464,4
131.887,5797117952,4
131.947,5849907200,4
131.998,5860130816,4
132.058,5871239168,4
132.118,5875941376,4
132.178,5885345792,4
132.234,5894815744,4
132.292,5898027008,4
132.351,5906890752,4
132.409,5913968640,4
132.467,5916803072,4
132.527,5923422208,4
132.582,5927354368,4
132.642,5929074688,4
132.698,5934694400,4
132.759,4527243264,4
132.819,4531290112,3
132.872,4532764672,4
132.923,4607066112,4
132.983,4641013760,4
133.040,4669014016,4
133.098,4692983808,4
133.158,4715413504,4
133.215,4734877696,4
133.275,4755210240,4
133.331,4771495936,4
133.392,4788387840,4
133.450,4803723264,4
133.510,4828102656,4
133.565,4841357312,4
133.625,4860952576,4
133.685,4880269312,4
133.736,4895997952,4
133.790,4910612480,4
133.850,4923899904,4
133.909,4936892416,4
133.970,4949491712,4
134.023,4959338496,4
134.083,4971511808,4
134.134,4981342208,4
134.195,4992892928,4
134.248,5104451584,4
134.308,5321834496,4
134.368,5548670976,4
134.426,5791711232,4
134.484,5805670400,4
134.540,5828968448,4
134.598,5873205248,4
134.658,5900566528,4
134.715,5921521664,4
134.773,5963235328,4
134.830,5999706112,4
134.891,6008176640,4
134.951,6019006464,4
135.011,6026231808,4
135.071,6030950400,4
135.132,6041796608,4
135.185,6049808384,4
135.237,6054805504,4
135.297,6067552256,4
135.348,4618846208,4
135.409,4622745600,3
135.466,4631527424,4
135.523,4711350272,4
135.583,4746903552,4
135.644,4776165376,4
135.699,3373252608,3
135.758,3393503232,4
135.818,3494854656,4
135.879,3538288640,4
135.931,3574661120,4
135.992,3611541504,4
136.052,3644833792,4
136.107,3677732864,4
136.165,3702800384,4
136.225,3728490496,4
136.285,3757015040,4
136.338,3779674112,4
136.390,3809427456,4
136.450,3831775232,4
136.506,3850829824,4
136.567,3874701312,4
136.623,3893870592,4
136.683,3918774272,4
136.744,3940483072,4
136.798,3964026880,4
136.856,4194828288,4
136.917,4493623296,4
136.973,4717395968,4
137.033,4830003200,4
137.093,4960026624,4
137.153,5202296832,4
137.213,3958472704,4
137.275,4222287872,3
137.336,4275617792,4
137.397,2666708992,3
137.458,2749104128,4
137.518,2884911104,4
137.569,2944630784,4
137.629,3041820672,4
137.689,3112140800,4
137.750,3160326144,4
137.806,3195273216,4
137.867,3230973952,4
137.927,3267461120,4
137.981,3302146048,4
138.042,3333242880,4
138.102,3361095680,4
138.156,3382214656,4
138.217,3410542592,4
138.277,3451584512,4
138.337,3481485312,4
138.390,3503915008,4
138.450,3528441856,4
138.506,3549659136,4
138.567,3573841920,4
138.623,3594108928,4
138.683,3681632256,4
138.740,3914563584,4
138.800,4177362944,4
138.860,4473126912,4
138.915,4704911360,4
138.975,5046108160,4
139.031,5251022848,4
139.092,5384863744,4
139.148,5423628288,4
139.208,5486723072,4
139.265,5560303616,4
139.325,5591973888,4
139.381,5610438656,4
139.442,5678317568,4
139.493,5695520768,4
139.551,5704056832,4
139.611,5717606400,4
139.665,5721571328,4
139.725,5727387648,4
139.785,5747048448,4
139.840,5760237568,4
139.900,5774295040,4
139.960,5781291008,4
140.018,5787549696,4
140.076,5792006144,4
140.136,5795561472,4
140.196,5799510016,4
140.257,5806178304,4
140.317,5809373184,4
140.373,5812092928,4
140.431,5814976512,4
140.481,5818744832,4
140.542,4364861440,4
140.599,4367122432,3
140.661,4367876096,4
140.721,4450533376,4
140.773,4478353408,4
140.834,4508483584,4
140.890,4532502528,4
140.950,4553146368,4
141.010,4574134272,4
141.071,4590436352,4
141.123,4606099456,4
141.183,4625776640,4
141.244,4647895040,4
141.304,4663427072,4
141.356,4679811072,4
141.417,4692852736,4
141.477,4712497152,4
141.531,4729946112,4
141.592,4747739136,4
141.652,4763205632,4
141.712,4786765824,4
141.765,4804050944,4
141.825,4824793088,4
141.882,3288645632,3
141.944,3299147776,4
142.005,3388964864,4
142.056,3427532800,4
142.117,1997930496,4
142.177,2032877568,3
142.233,2304933888,4
142.293,2729721856,4
142.348,2956279808,4
142.408,3104096256,4
142.465,3154771968,4
142.525,3216048128,4
142.581,3285991424,4
142.642,3342647296,4
142.698,3380805632,4
142.758,3466739712,4
142.819,3518300160,4
142.875,3554115584,4
142.935,3581870080,4
142.996,3605037056,4
143.048,3629711360,4
143.108,3656204288,4
143.165,3679813632,4
143.225,3703390208,4
143.281,3724476416,4
143.342,3980935168,4
143.402,4293148672,4
143.456,4467130368,4
143.517,4564221952,4
143.573,4798414848,4
143.631,5093687296,4
143.692,5338808320,4
143.752,5467095040,4
143.806,5514166272,4
143.867,5587812352,4
143.927,5633179648,4
143.980,5665554432,4
144.041,5693636608,4
144.100,5751488512,4
144.160,5775130624,4
144.218,5793693696,4
144.273,5812125696,4
144.334,5827854336,4
144.390,5836849152,4
144.450,5840650240,4
144.506,5845123072,4
144.567,5851873280,4
144.624,4444078080,3
144.686,4448993280,4
144.740,4529111040,4
144.800,4563943424,4
144.860,4593827840,4
144.921,4620566528,4
144.973,4641275904,4
145.033,4663541760,4
145.090,4680761344,4
145.148,4701044736,4
145.208,4720181248,4
145.268,4737712128,4
145.326,4757143552,4
145.384,4774166528,4
145.443,4789927936,4
145.498,4810080256,4
145.558,4823875584,4
145.615,4845125632,4
145.675,4861378560,4
145.731,4878204928,4
145.792,4892475392,4
145.851,4914397184,4
145.908,4930519040,4
145.969,4941119488,4
146.023,5075451904,4
146.076,5256478720,4
146.131,5505875968,4
146.192,5741035520,4
146.251,5766004736,4
146.308,5797642240,4
146.368,5837471744,4
146.428,5862096896,4
146.481,5878743040,4
146.542,5924945920,4
146.598,5961662464,4
146.658,5969100800,4
146.715,5981896704,4
146.775,5988499456,4
146.835,5995118592,4
146.890,6001098752,4
146.950,6007390208,4
147.011,6014926848,4
147.071,6022119424,4
147.131,6026674176,4
147.185,6030819328,4
147.245,6034817024,4
147.298,6041780224,4
147.358,6047465472,4
147.415,6053593088,4
147.475,6056165376,4
147.531,6056214528,4
147.589,6056902656,4
147.640,6058639360,4
147.700,6090506240,4
147.757,3045490688,3
147.819,3047505920,3
147.879,3128541184,4
147.939,3241738240,4
147.990,3292659712,4
148.050,3343958016,4
148.109,3391258624,4
148.170,3431989248,4
148.225,3473145856,4
148.281,3518529536,4
148.342,3554148352,4
148.398,3586686976,4
148.458,3619848192,4
148.515,3641786368,4
148.575,3663691776,4
148.631,3685629952,4
148.692,2272149504,4
148.752,2302803968,3
148.808,2325708800,4
148.868,2432270336,4
148.928,2486026240,4
148.980,2527854592,4
149.040,2572812288,4
149.100,2612690944,4
149.156,2662137856,4
149.217,2956705792,4
149.273,3364732928,4
149.333,3809378304,4
149.393,4102340608,4
149.454,4375068672,4
149.514,4449828864,4
149.574,4517249024,4
149.635,2915647488,4
149.690,2994274304,3
149.752,3067871232,4
149.806,3188867072,4
149.866,3290513408,4
149.923,3337814016,4
149.976,3374956544,4
150.036,3408789504,4
150.096,3440410624,4
150.156,3471523840,4
150.217,3499048960,4
150.273,3724410880,4
150.333,4004872192,4
150.390,4224303104,4
150.450,4438294528,4
150.509,4466802688,4
150.569,4501504000,4
150.630,4560306176,4
150.690,4602642432,4
150.748,4635099136,4
150.808,4699815936,4
150.865,4740251648,4
150.925,4759781376,4
150.980,4778950656,4
151.040,4793892864,4
151.098,4809457664,4
151.158,5002657792,4
151.218,5260853248,4
151.273,5478645760,4
151.333,5645418496,4
151.394,5664325632,4
151.448,5685657600,4
151.506,5726027776,4
151.567,5756551168,4
151.627,5781815296,4
151.679,5836537856,4
151.738,5859868672,4
151.798,5875023872,4
151.856,5882953728,4
151.917,5894569984,4
151.973,5899304960,4
152.033,5906219008,4
152.090,5916655616,4
152.150,5925404672,4
152.206,5928697856,4
152.267,5932056576,4
152.327,5934448640,4
152.381,5937627136,4
152.442,4403118080,4
152.503,4407623680,3
152.564,4410966016,4
152.623,4490330112,4
152.683,4524933120,4
152.743,4555702272,4
152.801,4585308160,4
152.856,4605231104,4
152.917,4634443776,4
152.977,4653039616,4
153.034,4671684608,4
153.095,4689920000,4
153.148,4708417536,4
153.208,4724588544,4
153.268,4740169728,4
153.323,4750999552,4
153.375,4761993216,4
153.435,4779098112,4
153.495,4795842560,4
153.555,3332849664,4
153.607,3352641536,3
153.669,3367337984,4
153.729,3461283840,4
153.788,3502014464,4
153.848,3539910656,4
153.906,3571515392,4
153.967,3602104320,4
154.027,3632250880,4
154.082,3815833600,4
154.140,4043161600,4
154.192,2806693888,4
154.247,3030614016,3
154.300,3096969216,4
154.360,3213672448,4
154.415,3278176256,4
154.475,3356033024,4
154.535,3417718784,4
154.595,3476733952,4
154.648,3548626944,4
154.708,3595632640,4
154.765,3628351488,4
154.825,3657809920,4
154.884,3685466112,4
154.940,3710648320,4
155.000,3733061632,4
155.060,3761143808,4
155.115,3903766528,4
155.175,4144545792,4
155.235,4416716800,4
155.293,4670341120,4
155.351,4708810752,4
155.409,4744544256,4
155.468,4791074816,4
155.523,4830674944,4
155.583,4871290880,4
155.641,5119836160,4
155.702,5451661312,4
155.762,5666357248,4
155.815,5775327232,4
155.875,5802622976,4
155.931,5831032832,4
155.992,5870649344,4
156.052,5909626880,4
156.106,5940887552,4
156.167,5993906176,4
156.227,6006063104,4
156.281,6017679360,4
156.342,6022938624,4
156.393,6030852096,4
156.453,6039748608,4
156.513,6049529856,4
156.574,6058508288,4
156.634,6068600832,4
156.694,6074630144,4
156.745,6081462272,4
156.799,4662525952,3
156.860,4668030976,4
156.915,4748689408,4
156.975,4783636480,4
157.034,4812816384,4
157.095,4841979904,4
157.149,4872421376,4
157.209,4897619968,4
157.265,4915789824,4
157.325,4932337664,4
157.381,4949196800,4
157.442,4968054784,4
157.498,4987174912,4
157.556,5005033472,4
157.617,5026906112,4
157.673,5045927936,4
157.733,5066473472,4
157.790,5081513984,4
157.850,5097455616,4
157.910,5106417664,4
157.971,5118492672,4
158.023,5129142272,4
158.083,5142102016,4
158.143,5158125568,4
158.196,5169872896,4
158.257,3591749632,4
158.317,1978040320,3
158.376,2085847040,3
158.433,2388344832,4
158.493,2763243520,4
158.551,3051896832,4
158.606,3122528256,4
158.665,3183230976,4
158.725,3256287232,4
158.781,1750220800,4
158.842,1805271040,3
158.899,1863303168,4
158.956,2021261312,4
159.017,2094268416,4
159.077,2162655232,4
159.134,2209480704,4
159.190,2246737920,4
159.248,2295365632,4
159.305,2340061184,4
159.365,2381479936,4
159.425,2422718464,4
159.481,2459402240,4
159.542,2500706304,4
159.602,2537062400,4
159.662,2569404416,4
159.722,2606252032,4
159.773,2638135296,4
159.833,2696871936,4
159.890,3165192192,4
159.950,3781918720,4
160.006,4162715648,4
160.067,4425613312,4
160.127,4468178944,4
160.187,4526473216,4
160.240,4609540096,4
160.300,4666195968,4
160.360,4910710784,4
160.414,5244895232,4
160.471,5509758976,4
160.532,5718130688,4
160.590,5743591424,4
160.642,5768921088,4
160.698,5812649984,4
160.758,5839323136,4
160.818,5863473152,4
160.879,5911232512,4
160.939,5952258048,4
160.999,5966725120,4
161.056,5991677952,4
161.117,6006931456,4
161.173,6016745472,4
161.233,6026330112,4
161.290,6031507456,4
161.348,6046941184,4
161.408,6051758080,4
161.468,6061768704,4
161.529,6067732480,4
161.581,6072991744,4
161.639,6077628416,4
161.700,6084100096,4
161.760,6090244096,4
161.820,6102302720,4
161.881,6109757440,4
161.940,6113689600,4
162.000,6116950016,4
162.060,6121226240,4
162.115,6128664576,4
162.175,4610244608,3
162.237,4613832704,4
162.298,4697358336,4
162.358,4731371520,4
162.415,4762632192,4
162.475,4802232320,4
162.535,4827709440,4
162.590,4846354432,4
162.650,4866293760,4
162.710,4885069824,4
162.765,4901011456,4
162.825,4918083584,4
162.881,4935335936,4
162.941,4953571328,4
163.001,4968710144,4
163.056,4985765888,4
163.116,5002182656,4
163.177,5030936576,4
163.237,5044944896,4
163.297,5057822720,4
163.357,5068881920,4
163.415,5082038272,4
163.473,5095211008,4
163.533,5107630080,4
163.593,5119721472,4
163.648,5130223616,4
163.708,5247336448,4
163.768,5470552064,4
163.823,5725552640,4
163.883,5957140480,4
163.943,5996527616,4
164.003,4444749824,4
164.057,4472733696,3
164.119,4513529856,4
164.173,4617469952,4
164.233,4681842688,4
164.290,4759814144,4
164.347,4802985984,4
164.407,4833624064,4
164.465,4861198336,4
164.525,4882153472,4
164.585,4903911424,4
164.645,4923949056,4
164.698,4939792384,4
164.758,4961239040,4
164.818,4978556928,4
164.878,4997808128,4
164.931,5015404544,4
164.991,5032460288,4
165.052,5046566912,4
165.109,5059657728,4
165.165,5072633856,4
165.225,5084692480,4
165.281,5096325120,4
165.341,5108678656,4
165.402,5122228224,4
165.459,5134614528,4
165.518,5145788416,4
165.573,5253332992,4
165.633,5477777408,4
165.690,5750636544,4
165.750,5965955072,4
165.811,4397547520,3
165.873,4428201984,4
165.933,4544135168,4
165.992,4608868352,4
166.051,4657823744,4
166.109,4710694912,4
166.167,4782145536,4
166.228,4815224832,4
166.281,4837883904,4
166.338,4868751360,4
166.390,4885348352,4
166.450,4908367872,4
166.510,3423862784,4
166.571,3440508928,3
166.624,3452403712,4
166.684,3548577792,4
166.745,3594797056,4
166.805,3635855360,4
166.856,3665330176,4
166.916,3698180096,4
166.977,3727671296,4
167.034,3755507712,4
167.089,3782246400,4
167.150,3808591872,4
167.209,3835330560,4
167.267,3860185088,4
167.326,3884875776,4
167.381,4119756800,4
167.441,4428857344,4
167.501,4664197120,4
167.559,4803100672,4
167.619,4833280000,4
167.679,4868046848,4
167.740,4925243392,4
167.800,4961255424,4
167.859,4990304256,4
167.914,5058707456,4
167.971,5198069760,4
168.031,5416894464,4
168.092,5652971520,4
168.152,5906743296,4
168.209,5919424512,4
168.269,5950029824,4
168.323,5991989248,4
168.383,6018416640,4
168.439,6044106752,4
168.500,6092619776,4
168.556,6124208128,4
168.616,4618354688,4
168.677,4634230784,3
168.733,4638916608,4
168.793,4729847808,4
168.848,4763942912,4
168.908,4792205312,4
168.968,4823515136,4
169.029,4849942528,4
169.089,4872814592,4
169.140,3365978112,4
169.200,1974353920,3
169.261,1993867264,3
169.316,2086830080,4
169.376,2214739968,4
169.434,2281979904,4
169.492,2340356096,4
169.553,2400485376,4
169.613,2456125440,4
169.664,2519875584,4
169.723,2562260992,4
169.779,2603778048,4
169.831,2639216640,4
169.891,2684649472,4
169.948,2718253056,4
170.008,2748514304,4
170.065,2783690752,4
170.125,2818097152,4
170.185,2855288832,4
170.245,3101360128,4
170.304,3410984960,4
170.365,3664510976,4
170.425,3823288320,4
170.481,3855319040,4
170.542,3896786944,4
170.598,3958980608,4
170.658,4374167552,4
170.718,4895932416,4
170.779,5316820992,4
170.837,5694701568,4
170.897,5742673920,4
170.948,5788008448,4
171.008,5869158400,4
171.068,5928140800,4
171.129,5981798400,4
171.186,6053134336,4
171.240,6112215040,4
171.300,6143410176,4
171.360,6154158080,4
171.420,6163136512,4
171.479,6175965184,4
171.540,6178029568,4
171.600,6179602432,4
171.659,6183354368,4
171.719,6187139072,4
171.779,6191267840,4
171.839,6197198848,4
171.900,6202621952,4
171.956,6207455232,4
172.016,6210666496,4
172.077,6220906496,4
172.134,6225838080,4
172.186,6229213184,4
172.246,6231638016,4
172.298,6235193344,4
172.358,6237241344,4
172.414,6241583104,4
172.475,6247989248,4
172.535,6253690880,4
172.595,6257131520,4
172.648,6259343360,4
172.708,6260801536,4
172.768,6263029760,4
172.823,6265618432,4
172.883,6269861888,4
172.939,6271696896,4
173.000,6280773632,4
173.059,6294700032,4
173.119,6307397632,4
173.180,6312198144,4
173.240,6318194688,4
173.298,6323453952,4
173.358,6336675840,4
173.413,4834131968,3
173.473,4843307008,4
173.529,4918886400,4
173.590,4951949312,4
173.648,4979933184,4
173.708,5006360576,4
173.764,5024563200,4
173.825,5046812672,4
173.885,5101731840,4
173.939,5129420800,4
174.000,5150703616,4
174.061,3304816640,3
174.122,3319988224,4
174.183,3416129536,4
174.236,3453452288,4
174.292,3494707200,4
174.351,2090156032,4
174.410,2120908800,3
174.472,2156773376,4
174.532,2266071040,4
174.592,2322284544,4
174.648,2373304320,4
174.708,2426748928,4
174.763,2465136640,4
174.814,2497986560,4
174.875,2535260160,4
174.931,2644639744,4
174.991,2926559232,4
175.048,3206840320,4
175.108,3468591104,4
175.164,3518087168,4
175.225,3565568000,4
175.281,3621224448,4
175.341,3676635136,4
175.398,3719626752,4
175.458,3894984704,4
175.514,4152180736,4
175.575,4396908544,4
175.631,4656824320,4
175.691,4680843264,4
175.748,4715151360,4
175.806,4768153600,4
175.866,4812128256,4
175.923,4895473664,4
175.983,5182275584,4
176.039,5504270336,4
176.100,5682036736,4
176.160,5792808960,4
176.216,5810847744,4
176.269,5830180864,4
176.323,5868634112,4
176.383,5897682944,4
176.442,5918785536,4
176.502,5959729152,4
176.563,6007324672,4
176.614,4534321152,4
176.675,4543643648,3
176.732,4547543040,4
176.792,4633001984,4
176.852,4680073216,4
176.906,4710776832,4
176.966,4737908736,4
177.023,4768792576,4
177.083,4792467456,4
177.143,4815224832,4
177.198,4834361344,4
177.258,4856070144,4
177.314,4873404416,4
177.375,4893278208,4
177.431,4913479680,4
177.491,4927275008,4
177.548,4946329600,4
177.608,4961042432,4
177.666,4979113984,4
177.723,4996055040,4
177.783,5014192128,4
177.839,5026037760,4
177.900,5041700864,4
177.956,5054971904,4
178.016,5069291520,4
178.077,5087264768,4
178.137,5099307008,4
178.189,5117165568,4
178.250,5353209856,4
178.310,5646188544,4
178.370,5868208128,4
178.431,5982830592,4
178.491,6001639424,4
178.551,6027264000,4
178.612,6069813248,4
178.669,6094667776,4
178.723,6107365376,4
178.783,6165184512,4
178.836,6190006272,4
178.897,6212599808,4
178.948,4771987456,4
179.009,3042705408,3
179.067,3047161856,3
179.124,3142139904,4
179.180,3252977664,4
179.238,3314368512,4
179.298,3366977536,4
179.354,3409723392,4
179.414,3450470400,4
179.471,3484778496,4
179.523,3513106432,4
179.583,3546824704,4
179.643,3580936192,4
179.698,3611688960,4
179.758,3637542912,4
179.818,3662479360,4
179.873,3684483072,4
179.933,3711631360,4
179.993,3745169408,4
180.048,3772186624,4
180.108,3799613440,4
180.168,3824484352,4
180.226,3844669440,4
180.286,3867475968,4
180.346,3888676864,4
180.398,4090429440,4
180.458,4352753664,4
180.518,4604477440,4
180.573,4917624832,4
180.633,5179785216,4
180.693,5414961152,4
180.748,5667651584,4
180.808,5701730304,4
180.865,5734465536,4
180.923,5834227712,4
180.983,5882396672,4
181.039,5909970944,4
181.100,5951258624,4
181.156,6000754688,4
181.216,6015451136,4
181.276,6026903552,4
181.334,6032850944,4
181.392,6044991488,4
181.451,6050496512,4
181.509,6054723584,4
181.567,6058475520,4
181.626,6062080000,4
181.684,6072254464,4
181.744,6076661760,4
181.805,6083051520,4
181.865,6089605120,4
181.925,6100697088,4
181.981,6104940544,4
182.041,6112362496,4
182.102,6119161856,4
182.162,6125256704,4
182.222,6129975296,4
182.279,6134169600,4
182.331,6142525440,4
182.391,6148456448,4
182.448,6155763712,4
182.508,6168166400,4
182.568,6174261248,4
182.623,6178127872,4
182.683,6181732352,4
182.743,6186909696,4
182.798,6188138496,4
182.858,6191448064,4
182.916,6195232768,4
182.976,6198886400,4
183.036,6199836672,4
183.096,6204014592,4
183.156,6204030976,4
183.216,6206095360,4
183.273,6219087872,4
183.334,4804640768,3
183.392,3107848192,3
183.449,3189129216,4
183.510,3305291776,4
183.570,3361505280,4
183.630,3413737472,4
183.681,3450732544,4
183.741,3491020800,4
183.801,3529326592,4
183.855,3556933632,4
183.916,3590045696,4
183.976,3621355520,4
184.036,3648061440,4
184.088,3677700096,4
184.139,3696771072,4
184.200,3720904704,4
184.259,3758292992,4
184.314,3782623232,4
184.375,3815735296,4
184.435,4010770432,4
184.492,4231249920,4
184.551,4444880896,4
184.609,4467245056,4
184.667,4497473536,4
184.726,4544528384,4
184.786,4577394688,4
184.837,4640358400,4
184.897,4929060864,4
184.957,5231083520,4
185.014,5411471360,4
185.075,5508808704,4
185.131,5538840576,4
185.191,5578620928,4
185.248,5613830144,4
185.308,5640142848,4
185.364,5667127296,4
185.423,5720260608,4
185.484,5741363200,4
185.542,5751848960,4
185.601,5773295616,4
185.662,4200382464,3
185.724,4209819648,4
185.784,4302323712,4
185.837,3191914496,3
185.891,3221323776,4
185.951,3333242880,4
186.008,3382706176,4
186.068,3434348544,4
186.129,3477405696,4
186.189,3516383232,4
186.249,3555885056,4
186.309,3589390336,4
186.370,3622633472,4
186.423,3646832640,4
186.483,3681288192,4
186.539,3706552320,4
186.600,3732455424,4
186.656,3759210496,4
186.716,3784802304,4
186.777,3818078208,4
186.838,2335621120,3
186.891,2355380224,4
186.951,2455355392,4
187.006,2502967296,4
187.066,2551824384,4
187.127,2596012032,4
187.181,2825125888,4
187.241,3120136192,4
187.301,3417702400,4
187.361,3830546432,4
187.421,4157472768,4
187.482,4371709952,4
187.542,4517150720,4
187.601,4577935360,4
187.656,4621975552,4
187.716,4728094720,4
187.777,4788699136,4
187.837,4832329728,4
187.897,4903124992,4
187.958,4945297408,4
188.014,4966301696,4
188.075,4985028608,4
188.135,5003591680,4
188.195,5020631040,4
188.256,5034491904,4
188.306,5049696256,4
188.366,5064458240,4
188.427,5274353664,4
188.487,5527289856,4
188.547,5737086976,4
188.607,5971083264,4
188.668,5983895552,4
188.728,6012059648,4
188.780,6053330944,4
188.841,6080659456,4
188.898,6106628096,4
188.958,6145114112,4
189.018,6193283072,4
189.079,6208241664,4
189.135,6217826304,4
189.195,6225985536,4
189.255,6236225536,4
189.306,6240157696,4
189.366,6248054784,4
189.423,6257459200,4
189.483,6271418368,4
189.543,6285475840,4
189.601,6290194432,4
189.661,6298009600,4
189.721,6302744576,4
189.778,6305398784,4
189.838,6307495936,4
189.896,6311346176,4
189.956,6313295872,4
190.017,6315032576,4
190.077,6320455680,4
190.131,6326599680,4
190.191,6333513728,4
190.251,6338265088,4
190.306,6345605120,4
190.366,6350782464,4
190.423,6356877312,4
190.483,6360956928,4
190.540,6363398144,4
190.594,6367330304,4
190.654,6371196928,4
190.706,6376538112,4
190.767,6380240896,4
190.827,6385401856,4
190.881,6387941376,4
190.941,6390202368,4
190.998,6395297792,4
191.058,6397870080,4
191.118,6400475136,4
191.179,6409601024,4
191.239,6413598720,4
191.299,6419496960,4
191.360,6424903680,4
191.414,6440140800,4
191.475,6445203456,4
191.535,6449987584,4
191.589,6464225280,4
191.650,6488342528,4
191.706,6509215744,4
191.766,4759486464,4
191.827,4762796032,3
191.890,4767744000,4
191.950,4848828416,4
192.009,4882333696,4
192.067,4919050240,4
192.118,4944723968,4
192.178,3361226752,4
192.232,3383558144,3
192.293,3413671936,4
192.354,3510583296,4
192.414,3558490112,4
192.474,3600482304,4
192.531,3634774016,4
192.584,3663495168,4
192.644,3694182400,4
192.698,3716038656,4
192.758,3745349632,4
192.818,3774349312,4
192.873,3797958656,4
192.933,3826565120,4
192.993,3846733824,4
193.053,3865542656,4
193.106,3884630016,4
193.166,3909353472,4
193.223,3933814784,4
193.279,3957456896,4
193.340,2394324992,4
193.398,2540879872,3
193.460,2769567744,4
193.518,3097985024,4
193.578,3397632000,4
193.631,3431956480,4
193.689,3488890880,4
193.750,3554000896,4
193.810,3819077632,4
193.870,4134387712,4
193.927,4378361856,4
193.981,4593188864,4
194.041,4635852800,4
194.102,4679237632,4
194.159,4737613824,4
194.217,4773838848,4
194.278,4801937408,4
194.331,4856856576,4
194.391,4912463872,4
194.452,4940660736,4
194.506,4964532224,4
194.564,4985028608,4
194.625,5005082624,4
194.681,5021024256,4
194.741,5044224000,4
194.802,5069766656,4
194.862,5088165888,4
194.921,5103747072,4
194.981,5324980224,4
195.042,5604687872,4
195.102,5832278016,4
195.156,5973344256,4
195.216,5989138432,4
195.273,6014353408,4
195.333,6060490752,4
195.393,6091259904,4
195.454,6108741632,4
195.514,6167920640,4
195.574,6201638912,4
195.631,6213910528,4
195.691,6243647488,4
195.748,6250364928,4
195.808,6257508352,4
195.864,6265274368,4
195.925,6270779392,4
195.981,6272008192,4
196.041,6275284992,4
196.102,6280544256,4
196.156,6284918784,4
196.216,6292439040,4
196.276,6297059328,4
196.334,6300762112,4
196.389,6309199872,4
196.450,6315802624,4
196.506,6319456256,4
196.566,6322864128,4
196.623,6326321152,4
196.683,6328811520,4
196.739,6330712064,4
196.800,6335315968,4
196.859,6337691648,4
196.917,6341754880,4
196.976,6351372288,4
197.031,6356189184,4
197.091,6369001472,4
197.148,6376538112,4
197.208,6382010368,4
197.268,6388465664,4
197.329,6392332288,4
197.389,6395822080,4
197.445,6402244608,4
197.504,6410059776,4
197.565,6423068672,4
197.623,6426853376,4
197.684,6428229632,4
197.739,6430277632,4
197.800,6432653312,4
197.859,6437158912,4
197.919,4860002304,4
197.980,4883841024,3
198.042,3160768512,4
198.103,3240181760,3
198.164,3274784768,4
198.225,3383558144,4
198.281,3435429888,4
198.341,3482746880,4
198.398,3524788224,4
198.458,3565764608,4
198.518,3601924096,4
198.578,3634413568,4
198.631,3663986688,4
198.691,3696738304,4
198.751,3732979712,4
198.809,3755376640,4
198.867,3776512000,4
198.926,3803480064,4
198.984,3832250368,4
199.042,3855040512,4
199.103,3882991616,4
199.163,3907059712,4
199.223,3930062848,4
199.283,3951312896,4
199.338,3969630208,4
199.398,3992322048,4
199.458,4017848320,4
199.514,4132208640,4
199.575,4369924096,4
199.631,4890263552,4
199.691,5413175296,4
199.752,5647400960,4
199.812,5776113664,4
199.865,5820514304,4
199.925,5877334016,4
199.984,5942493184,4
200.044,5986107392,4
200.098,6047055872,4
200.158,6122749952,4
200.214,6153863168,4
200.275,6166265856,4
200.335,6185435136,4
200.389,6196871168,4
200.450,6211387392,4
200.509,6225543168,4
200.564,6235947008,4
200.625,6250446848,4
200.681,6263029760,4
200.741,6267944960,4
200.802,6273744896,4
200.862,6280478720,4
200.922,6289817600,4
200.973,6295158784,4
201.033,6302007296,4
201.093,6306873344,4
201.154,6312116224,4
201.214,6325780480,4
201.274,6333808640,4
201.331,6338740224,4
201.391,6344687616,4
201.448,6351552512,4
201.508,6357598208,4
201.567,6362054656,4
201.626,6366707712,4
201.684,6382403584,4
201.745,4846338048,3
201.807,4852105216,4
201.867,4936892416,4
201.923,4973821952,4
201.983,5003051008,4
202.039,5026824192,4
202.100,5048909824,4
202.160,5072322560,4
202.217,5096112128,4
202.273,5117657088,4
202.333,5133434880,4
202.392,5148753920,4
202.451,5164859392,4
202.509,5180063744,4
202.564,5193318400,4
202.625,5205016576,4
202.681,5219745792,4
202.741,3681075200,4
202.801,3694133248,3
202.860,3710861312,4
202.921,3811999744,4
202.981,3855843328,4
203.041,3895017472,4
203.102,3916136448,4
203.159,3943989248,4
203.219,3973677056,4
203.273,3998040064,4
203.331,4022632448,4
203.391,4248256512,4
203.448,4507844608,4
203.506,4725309440,4
203.566,4950163456,4
203.626,4969332736,4
203.684,5007179776,4
203.744,5064146944,4
203.804,5098569728,4
203.856,5123211264,4
203.916,5176115200,4
203.976,5224611840,4
204.034,5243027456,4
204.092,5263458304,4
204.151,5275975680,4
204.206,5287395328,4
204.266,5299994624,4
204.326,5312774144,4
204.384,5469536256,4
204.442,5675646976,4
204.500,5933989888,4
204.556,6146736128,4
204.616,6215155712,4
204.673,6238470144,4
204.731,6269976576,4
204.791,6307577856,4
204.852,6337101824,4
204.906,6361563136,4
204.966,6419693568,4
205.023,6440943616,4
205.083,6470615040,4
205.143,4799332352,4
205.204,4806590464,3
205.266,4813012992,4
205.326,4897390592,4
205.384,4930600960,4
205.442,4962484224,4
205.501,4990812160,4
205.559,5016076288,4
205.619,5043060736,4
205.673,5060231168,4
205.733,5082087424,4
205.792,5105270784,4
205.848,5125357568,4
205.908,5151145984,4
205.968,5166972928,4
206.026,5191155712,4
206.081,5210423296,4
206.141,5229395968,4
206.198,5243420672,4
206.258,5262032896,4
206.314,5277876224,4
206.375,5291573248,4
206.435,5302697984,4
206.488,5318213632,4
206.549,5334155264,4
206.609,5346312192,4
206.669,5385338880,4
206.730,5602312192,4
206.790,5848711168,4
206.851,4203397120,3
206.908,4431314944,4
206.964,4514627584,4
207.025,4572545024,4
207.081,4649484288,4
207.141,4697030656,4
207.198,4732256256,4
207.258,4790190080,4
207.318,4847550464,4
207.373,4875141120,4
207.433,4908630016,4
207.493,4927242240,4
207.551,4948393984,4
207.609,4961828864,4
207.667,4973723648,4
207.726,4987338752,4
207.781,5000085504,4
207.838,5013045248,4
207.889,5029396480,4
207.942,5042700288,4
207.998,5055135744,4
208.058,5068554240,4
208.118,5084774400,4
208.179,3526410240,3
208.241,3543433216,4
208.298,3629498368,4
208.358,3672309760,4
208.414,3710746624,4
208.474,4014391296,4
208.535,2699329536,4
208.590,2895970304,3
208.643,3022258176,4
208.703,3135635456,4
208.756,3199680512,4
208.816,3285303296,4
208.876,3347693568,4
208.931,3391782912,4
208.991,3483795456,4
209.048,3534045184,4
209.108,3571728384,4
209.168,3607855104,4
209.228,3643457536,4
209.289,3674914816,4
209.348,3706273792,4
209.408,3729948672,4
209.468,3758931968,4
209.523,2271395840,4
209.583,2295463936,3
209.641,2317844480,4
209.701,2422767616,4
209.761,2646016000,4
209.814,2883518464,4
209.874,3147300864,4
209.934,3439443968,4
209.989,3471572992,4
210.046,3532832768,4
210.098,3799400448,4
210.158,4158636032,4
210.218,4394532864,4
210.278,4540547072,4
210.339,4617945088,4
210.398,4672585728,4
210.458,4733239296,4
210.518,4776214528,4
210.576,4811620352,4
210.636,4879171584,4
210.696,4914053120,4
210.756,4934402048,4
210.814,4953686016,4
210.874,4968775680,4
210.935,4984143872,4
210.989,4998397952,4
211.049,5012226048,4
211.109,5190942720,4
211.169,5427757056,4
211.229,5649285120,4
211.281,5891178496,4
211.338,5904678912,4
211.389,5926158336,4
211.449,5963464704,4
211.506,6000771072,4
211.566,6039371776,4
211.626,6071910400,4
211.683,6120669184,4
211.744,6149029888,4
211.798,6160777216,4
211.858,6168838144,4
211.914,6178193408,4
211.974,6184140800,4
212.034,6201147392,4
212.092,6210174976,4
212.148,6216318976,4
212.208,6228426752,4
212.267,6233636864,4
212.327,6241337344,4
212.388,6259195904,4
212.448,6267289600,4
212.508,6272204800,4
212.567,4714954752,4
212.628,4719722496,3
212.683,4725407744,4
212.743,4808376320,4
212.803,4842438656,4
212.856,4871503872,4
212.916,4900536320,4
212.976,4922441728,4
213.037,4944003072,4
213.089,4961124352,4
213.149,4975968256,4
213.210,4992614400,4
213.267,5008048128,4
213.323,3482238976,4
213.384,3495821312,3
213.446,3510255616,4
213.506,3601973248,4
213.566,3648585728,4
213.625,3689545728,4
213.686,3726688256,4
213.746,3758850048,4
213.806,3790913536,4
213.866,3826761728,4
213.927,2197028864,3
213.989,2227388416,4
214.039,2323152896,4
214.099,2383921152,4
214.160,2434416640,4
214.220,2637479936,4
214.280,2896986112,4
214.339,3137568768,4
214.399,3420471296,4
214.460,3454484480,4
214.520,3505979392,4
214.580,3573415936,4
214.638,3624779776,4
214.698,3661922304,4
214.759,3726360576,4
214.814,3780083712,4
214.874,3810852864,4
214.935,3860054016,4
214.992,4128817152,4
215.043,4412293120,4
215.103,4641865728,4
215.156,4769300480,4
215.216,4793942016,4
215.276,4829282304,4
215.331,4879253504,4
215.391,4912087040,4
215.451,4936368128,4
215.506,5114413056,4
215.566,5358780416,4
215.625,5627265024,4
215.684,5866291200,4
215.742,5916262400,4
215.802,5945376768,4
215.862,5981519872,4
215.922,6027165696,4
215.983,6056787968,4
216.043,6090997760,4
216.097,6142312448,4
216.158,6164889600,4
216.216,6176997376,4
216.276,6187335680,4
216.337,6196314112,4
216.397,6205423616,4
216.457,6215254016,4
216.514,6223691776,4
216.574,6230966272,4
216.631,6238715904,4
216.691,6244597760,4
216.747,6251282432,4
216.808,6259785728,4
216.864,6270435328,4
216.924,6277955584,4
216.981,6286524416,4
217.041,6299729920,4
217.097,6306316288,4
217.158,6312116224,4
217.214,6317441024,4
217.274,6326452224,4
217.334,6332104704,4
217.389,6338560000,4
217.449,6343475200,4
217.510,4789796864,4
217.571,4794269696,3
217.624,4798988288,4
217.681,4880990208,4
217.741,4916936704,4
217.800,4944756736,4
217.861,4970823680,4
217.914,4991549440,4
217.974,5016174592,4
218.031,5036474368,4
218.091,5055070208,4
218.148,5073666048,4
218.208,5091655680,4
218.268,5113020416,4
218.322,5128945664,4
218.383,5142364160,4
218.443,5163122688,4
218.497,5177163776,4
218.558,5191303168,4
218.612,5209210880,4
218.664,5221318656,4
218.724,5236768768,4
218.781,5250416640,4
218.841,5269209088,4
218.901,5286346752,4
218.962,5304451072,4
219.021,5336973312,4
219.081,5351833600,4
219.141,5555044352,4
219.198,5785108480,4
219.258,6012796928,4
219.318,6217760768,4
219.379,6233620480,4
219.433,6253953024,4
219.493,6298304512,4
219.547,6317359104,4
219.601,6338379776,4
219.661,6375309312,4
219.714,6419300352,4
219.775,6433210368,4
219.835,6460686336,4
219.895,6464110592,4
219.947,6466863104,4
220.008,6468108288,4
220.064,6471499776,4
220.124,6476972032,4
220.185,6477987840,4
220.244,6480019456,4
220.304,6490603520,4
220.364,4856299520,4
220.425,4860772352,3
220.485,4862820352,4
220.542,4948738048,4
220.597,4980588544,4
220.658,5010948096,4
220.718,5038407680,4
220.778,5059215360,4
220.837,5081153536,4
220.897,5098274816,4
220.957,5118394368,4
221.014,5145870336,4
221.075,3512287232,3
221.135,3545104384,4
221.196,3651059712,4
221.257,1925791744,3
221.318,1977286656,4
221.379,2095120384,4
221.439,2157019136,4
221.499,2211020800,4
221.560,2259484672,4
221.617,2300821504,4
221.675,2351874048,4
221.735,858243072,3
221.791,896172032,4
221.851,1010810880,4
221.911,1075445760,4
221.968,1298661376,4
222.028,1610432512,4
222.083,1862041600,4
222.139,2114879488,4
222.199,2167488512,4
222.256,2225373184,4
222.316,2307129344,4
222.377,2367569920,4
222.437,2414854144,4
222.492,2494676992,4
222.547,2555002880,4
222.608,2739683328,4
222.668,2990063616,4
222.728,3235872768,4
222.789,3765764096,4
222.839,4028628992,4
222.899,4286480384,4
222.960,4468539392,4
223.020,4525113344,4
223.073,4574822400,4
223.133,4649828352,4
223.193,4731486208,4
223.250,4871749632,4
223.311,5146099712,4
223.367,5452333056,4
223.427,5663637504,4
223.481,5744787456,4
223.541,5771083776,4
223.597,5805916160,4
223.658,5849284608,4
223.714,5877104640,4
223.774,5903122432,4
223.831,5965774848,4
223.891,5998231552,4
223.947,6018105344,4
224.008,6030508032,4
224.064,6036029440,4
224.124,6042828800,4
224.184,6047055872,4
224.242,6050693120,4
224.300,6054428672,4
224.359,6057738240,4
224.419,4517052416,4
224.480,4523327488,3
224.541,4528078848,4
224.597,4610523136,4
224.658,4644143104,4
224.718,4672995328,4
224.778,4703617024,4
224.831,4725473280,4
224.891,4756996096,4
224.947,4782538752,4
225.006,4805820416,4
225.066,4830330880,4
225.127,4853530624,4
225.187,4872306688,4
225.247,4894556160,4
225.308,4909760512,4
225.368,4928847872,4
225.428,4947001344,4
225.481,4965318656,4
225.541,4982145024,4
225.601,4996956160,4
225.662,5014044672,4
225.714,5026988032,4
225.774,5043535872,4
225.835,5057822720,4
225.889,5069684736,4
225.949,5086986240,4
226.005,5097914368,4
226.066,5264113664,4
226.126,5482364928,4
226.181,5709627392,4
226.241,5952520192,4
226.297,5980848128,4
226.358,6013501440,4
226.418,6048841728,4
226.478,6084427776,4
226.531,6107611136,4
226.591,6136414208,4
226.651,6188728320,4
226.702,6206488576,4
226.756,6217531392,4
226.816,6225018880,4
226.876,6229721088,4
226.937,6234800128,4
226.997,6243303424,4
227.047,6246727680,4
227.108,6252068864,4
227.164,6259605504,4
227.225,6272073728,4
227.285,6278135808,4
227.345,6281592832,4
227.405,6286114816,4
227.466,6289981440,4
227.522,6295109632,4
227.583,6298583040,4
227.639,6303694848,4
227.697,6310166528,4
227.758,6318931968,4
227.817,6327336960,4
227.877,6333677568,4
227.931,6341984256,4
227.991,6347276288,4
228.051,6352125952,4
228.106,6357221376,4
228.166,6362251264,4
228.222,6366773248,4
228.283,6372786176,4
228.343,6385139712,4
228.403,6391545856,4
228.464,6399131648,4
228.524,6403735552,4
228.584,6408421376,4
228.645,6411747328,4
228.705,6415007744,4
228.764,6421725184,4
228.824,6426132480,4
228.881,6433112064,4
228.941,6445662208,4
228.997,6458064896,4
229.058,6467059712,4
229.118,6475595776,4
229.172,6478036992,4
229.233,6482411520,4
229.293,6492422144,4
229.347,6505971712,4
229.408,6515179520,4
229.464,6516342784,4
229.524,6519422976,4
229.581,6521176064,4
229.641,6523191296,4
229.697,6524108800,4
229.758,6526828544,4
229.814,6529302528,4
229.874,6532497408,4
229.931,6534447104,4
229.991,6537986048,4
230.045,6556844032,4
230.105,6562185216,4
230.156,6564331520,4
230.214,6567346176,4
230.274,4980539392,4
230.335,4981833728,3
230.397,4983439360,4
230.458,5063442432,4
230.514,5095424000,4
230.574,5122670592,4
230.635,5146738688,4
230.689,5164105728,4
230.749,5184454656,4
230.804,5202968576,4
230.864,5217730560,4
230.922,5234098176,4
230.983,5249843200,4
231.039,5265178624,4
231.099,5281185792,4
231.159,5292572672,4
231.217,5313708032,4
231.272,3647913984,4
231.333,3664789504,3
231.392,3679420416,4
231.452,3771170816,4
231.513,3818061824,4
231.573,3853287424,4
231.633,3886481408,4
231.689,3914629120,4
231.749,3944841216,4
231.805,3971514368,4
231.865,3998121984,4
231.925,4122918912,4
231.986,4353802240,4
232.046,4647665664,4
232.097,4819992576,4
232.157,4937547776,4
232.214,4965515264,4
232.275,5005869056,4
232.333,5057101824,4
232.389,5092540416,4
232.443,5113626624,4
232.497,5175296000,4
232.556,5214928896,4
232.614,5234884608,4
232.674,5256200192,4
232.735,5272928256,4
232.789,5285806080,4
232.850,5309890560,4
232.909,5488951296,4
232.967,5693997056,4
233.027,5936562176,4
233.088,6200328192,4
233.139,6200999936,4
233.189,6220840960,4
233.250,6251446272,4
233.302,6285099008,4
233.362,6310952960,4
233.414,6322946048,4
233.472,6383632384,4
233.533,6408994816,4
233.589,6415417344,4
233.649,6427295744,4
233.709,6439452672,4
233.769,6442090496,4
233.829,6444957696,4
233.890,6448545792,4
233.950,6451494912,4
234.006,6453379072,4
234.064,6457589760,4
234.124,6461128704,4
234.181,6464749568,4
234.241,6469894144,4
234.301,6472990720,4
234.357,6476791808,4
234.418,6480494592,4
234.478,6486458368,4
234.537,6492815360,4
234.598,6499598336,4
234.657,6509772800,4
234.717,6527238144,4
234.772,6533578752,4
234.833,6540607488,4
234.893,6544949248,4
234.953,6550781952,4
235.014,6554550272,4
235.074,6559645696,4
235.131,6563971072,4
235.191,6566248448,4
235.251,6570115072,4
235.306,6574407680,4
235.366,6583615488,4
235.426,6588645376,4
235.481,6590611456,4
235.541,6595690496,4
235.597,6600474624,4
235.658,6605504512,4
235.718,6607699968,4
235.773,6610092032,4
235.824,6613909504,4
235.884,6616334336,4
235.944,6623019008,4
235.998,6624935936,4
236.052,6627098624,4
236.112,6628540416,4
236.164,6630473728,4
236.224,6633783296,4
236.281,6654574592,4
236.341,6695223296,4
236.402,5022973952,3
236.464,3214884864,4
236.525,1678819328,3
236.583,1708851200,3
236.641,1813790720,4
236.697,1936850944,4
236.757,2010316800,4
236.816,2078588928,4
236.877,2144501760,4
236.937,2199945216,4
236.996,2253815808,4
237.056,2302574592,4
237.114,2349400064,4
237.168,2392080384,4
237.222,2429894656,4
237.276,2463383552,4
237.337,2506899456,4
237.389,2539569152,4
237.449,2578350080,4
237.509,2617802752,4
237.569,2658877440,4
237.629,2695036928,4
237.687,2727837696,4
237.748,2761785344,4
237.808,2793832448,4
237.868,2825420800,4
237.922,2961948672,4
237.983,3209740288,4
238.043,3505618944,4
238.103,4208771072,4
238.162,4756275200,4
238.217,5119426560,4
238.278,5525815296,4
238.337,5576589312,4
238.398,5643845632,4
238.458,5739937792,4
238.514,5834539008,4
238.574,5892308992,4
238.634,5972017152,4
238.692,6062522368,4
238.752,6095028224,4
238.812,6123143168,4
238.873,6147538944,4
238.933,6162219008,4
238.993,6175801344,4
239.050,6187204608,4
239.111,6196019200,4
239.164,6205767680,4
239.215,6215352320,4
239.272,6228492288,4
239.333,6240845824,4
239.389,6250971136,4
239.449,6257852416,4
239.509,6267813888,4
239.567,6275694592,4
239.625,6283624448,4
239.684,6295732224,4
239.742,6302007296,4
239.800,6307577856,4
239.859,6309576704,4
239.919,6318964736,4
239.976,6325469184,4
240.034,6333841408,4
240.092,6341722112,4
240.150,6347915264,4
240.206,6352994304,4
240.266,6359842816,4
240.325,6364708864,4
240.384,6369001472,4
240.442,6375587840,4
240.497,6382141440,4
240.558,6393839616,4
240.618,4813537280,4
240.673,4821270528,3
240.735,4826742784,4
240.795,4908908544,4
240.856,4943429632,4
240.916,4975673344,4
240.976,5003411456,4
241.034,3455614976,4
241.090,3473965056,3
241.152,3496198144,4
241.212,3594665984,4
241.267,3638820864,4
241.322,3679846400,4
241.383,3717513216,4
241.439,3752378368,4
241.499,3780788224,4
241.556,3806232576,4
241.616,3836411904,4
241.676,3866509312,4
241.731,3895558144,4
241.791,3925868544,4
241.847,3955572736,4
241.908,3983654912,4
241.968,4008951808,4
242.028,4035231744,4
242.089,4060053504,4
242.149,4084154368,4
242.209,4106190848,4
242.269,4340924416,4
242.322,4587012096,4
242.383,4806279168,4
242.439,5030019072,4
242.499,5049663488,4
242.560,5085462528,4
242.614,5134172160,4
242.674,5405097984,4
242.735,5759975424,4
242.789,5995167744,4
242.849,6221103104,4
242.910,6248726528,4
242.964,6277906432,4
243.022,6332235776,4
243.083,6364708864,4
243.139,6385418240,4
243.199,6436667392,4
243.259,6472728576,4
243.314,6486687744,4
243.374,6505971712,4
243.431,6516523008,4
243.491,6524076032,4
243.551,6528139264,4
243.606,6529794048,4
243.666,6534725632,4
243.726,6541361152,4
243.781,6546292736,4
243.841,6552485888,4
243.900,6562119680,4
243.956,6566608896,4
244.016,6573670400,4
244.076,6581698560,4
244.131,6585712640,4
244.187,6585909248,4
244.239,6586384384,4
244.299,6590709760,4
244.360,6594019328,4
244.420,6602276864,4
244.480,6605897728,4
244.540,6608224256,4
244.597,6614106112,4
244.658,6618513408,4
244.714,6623625216,4
244.772,6628622336,4
244.833,6631538688,4
244.892,6636404736,4
244.947,6643597312,4
245.008,6646317056,4
245.068,6651740160,4
245.128,6656475136,4
245.188,6658064384,4
245.246,6661570560,4
245.306,6665175040,4
245.366,6666371072,4
245.422,6673039360,4
245.483,6678216704,4
245.535,6679838720,4
245.595,6684344320,4
245.647,6685392896,4
245.708,6687752192,4
245.764,6690177024,4
245.824,6691225600,4
245.884,6695043072,4
245.939,6697779200,4
245.999,6701301760,4
246.056,6706003968,4
246.114,6707281920,4
246.174,6710820864,4
246.231,6713933824,4
246.291,6720389120,4
246.348,6724796416,4
246.404,6726369280,4
246.464,6732349440,4
246.524,6734479360,4
246.585,6738280448,4
246.645,6742933504,4
246.697,6747652096,4
246.758,6752976896,4
246.818,6755663872,4
246.878,6762954752,4
246.931,6764429312,4
246.991,6769754112,4
247.051,6774800384,4
247.106,6778798080,4
247.166,6784876544,4
247.222,6793641984,4
247.283,6796132352,4
247.339,6799671296,4
247.397,6803636224,4
247.457,6832979968,4
247.518,6840107008,4
247.578,6847348736,4
247.631,6850887680,4
247.691,6850969600,4
247.747,6851592192,4
247.808,5254316032,4
247.865,5254348800,3
247.927,5255020544,4
247.979,5327355904,4
248.039,5361041408,4
248.097,5385617408,4
248.158,5408833536,4
248.214,5426626560,4
248.274,5445337088,4
248.331,5461819392,4
248.391,5475860480,4
248.442,5488574464,4
248.497,5502337024,4
248.550,5514706944,4
248.606,5526650880,4
248.666,5543903232,4
248.726,5553487872,4
248.781,5561417728,4
248.841,5573541888,4
248.897,5583765504,4
248.958,5600182272,4
249.018,5611929600,4
249.078,5621972992,4
249.138,5631082496,4
249.197,5640962048,4
249.256,5650677760,4
249.316,5662375936,4
249.372,5671714816,4
249.433,5681856512,4
249.489,5878956032,4
249.549,6125699072,4
249.610,6347751424,4
249.664,6570704896,4
249.716,6588776448,4
249.776,4910153728,4
249.831,4939055104,3
249.893,4972986368,4
249.947,5071028224,4
250.008,5129158656,4
250.068,5205065728,4
250.122,5243797504,4
250.175,5269307392,4
250.235,5300256768,4
250.295,5324374016,4
250.347,5342658560,4
250.408,5368119296,4
250.468,5388877824,4
250.528,5408260096,4
250.581,5425872896,4
250.641,5437767680,4
250.701,5454151680,4
250.761,5470044160,4
250.814,5482708992,4
250.874,5495095296,4
250.931,5506334720,4
250.989,5516984320,4
251.049,5528944640,4
251.106,5541675008,4
251.166,5559664640,4
251.222,5590155264,4
251.283,5616467968,4
251.337,5636210688,4
251.398,3912548352,4
251.459,4181442560,3
251.516,4383703040,4
251.572,4665245696,4
251.633,4714610688,4
251.693,4771577856,4
251.747,4835622912,4
251.808,4883234816,4
251.868,4918722560,4
251.922,4973756416,4
251.981,5026856960,4
252.041,5049810944,4
252.101,5086461952,4
252.156,5101912064,4
252.216,3551952896,4
252.277,3582885888,3
252.335,3598499840,4
252.389,3690299392,4
252.449,3740041216,4
252.506,3777249280,4
252.566,3812950016,4
252.625,3845832704,4
252.681,3876552704,4
252.741,3906961408,4
252.801,3938271232,4
252.856,3961618432,4
252.916,3986440192,4
252.976,4011163648,4
253.031,4111597568,4
253.091,4369940480,4
253.143,4646502400,4
253.193,4812292096,4
253.247,4936056832,4
253.308,4967514112,4
253.368,5001003008,4
253.428,5055234048,4
253.488,5091524608,4
253.549,5116575744,4
253.606,5183242240,4
253.666,5215469568,4
253.726,5236555776,4
253.781,5251235840,4
253.841,5464588288,4
253.901,5731794944,4
253.961,5954453504,4
254.022,4366270464,4
254.081,4383653888,3
254.143,4416077824,4
254.197,4541366272,4
254.256,4600070144,4
254.316,4649467904,4
254.376,4714545152,4
254.436,4776951808,4
254.497,3225337856,4
254.550,3249405952,3
254.612,3272425472,4
254.664,3365044224,4
254.716,3420635136,4
254.776,3465756672,4
254.837,3508289536,4
254.897,3541221376,4
254.957,3579133952,4
255.017,3612835840,4
255.072,3642638336,4
255.124,3670016000,4
255.185,3702816768,4
255.239,3725656064,4
255.299,3751854080,4
255.356,3774676992,4
255.416,3800940544,4
255.476,2282897408,4
255.531,2305359872,3
255.593,2331869184,4
255.653,2704752640,4
255.714,3068264448,4
255.774,3269607424,4
255.834,3407380480,4
255.889,3454025728,4
255.949,3510403072,4
256.006,3569369088,4
256.066,3816439808,4
256.122,4086022144,4
256.181,4365500416,4
256.241,4592664576,4
256.297,4620271616,4
256.358,3090972672,4
256.415,3148382208,3
256.476,3192111104,4
256.531,3297132544,4
256.591,3381886976,4
256.651,3462643712,4
256.711,3502882816,4
256.772,3544514560,4
256.832,3583131648,4
256.890,3615457280,4
256.947,3643293696,4
257.007,3671687168,4
257.068,3825975296,4
257.128,4065263616,4
257.181,4325556224,4
257.241,4570660864,4
257.296,4617879552,4
257.356,4656857088,4
257.416,4704518144,4
257.473,4768546816,4
257.533,4810620928,4
257.593,4845322240,4
257.653,4907876352,4
257.712,4942053376,4
257.764,4963221504,4
257.824,4978900992,4
257.884,4994842624,4
257.939,5008752640,4
257.996,3460988928,4
258.048,3685351424,3
258.110,3969138688,4
258.170,4244373504,4
258.231,4458053632,4
258.289,4502355968,4
258.350,4550459392,4
258.410,4616634368,4
258.466,4664000512,4
258.522,4698537984,4
258.582,4763074560,4
258.639,4810424320,4
258.699,4837048320,4
258.759,4866670592,4
258.820,4888231936,4
258.880,4901945344,4
258.937,4921245696,4
258.989,4942659584,4
259.049,4963811328,4
259.106,4978851840,4
259.166,4997496832,4
259.226,5012897792,4
259.284,5027332096,4
259.342,5044109312,4
259.397,5057298432,4
259.457,5072273408,4
259.514,5085609984,4
259.574,5100355584,4
259.634,5324800000,4
259.689,5574557696,4
259.749,5802016768,4
259.810,5977079808,4
259.870,5998149632,4
259.930,6025887744,4
259.989,6072909824,4
260.049,6098092032,4
260.106,6117244928,4
260.166,6176849920,4
260.222,6207946752,4
260.283,6219694080,4
260.337,6239518720,4
260.398,6245531648,4
260.458,6250577920,4
260.514,6259834880,4
260.574,6268600320,4
260.628,6277447680,4
260.689,6284115968,4
260.749,6309396480,4
260.809,6317457408,4
260.870,6322847744,4
260.927,6328090624,4
260.987,4761075712,4
261.049,4767367168,3
261.110,4771086336,4
261.164,4849467392,4
261.224,4885233664,4
261.283,4914069504,4
261.342,4937416704,4
261.402,4959010816,4
261.462,4978409472,4
261.523,4996677632,4
261.583,5014061056,4
261.643,5031395328,4
261.697,5046943744,4
261.751,5061246976,4
261.805,5074157568,4
261.866,5090672640,4
261.926,5102108672,4
261.986,5121769472,4
262.039,5136941056,4
262.099,5154308096,4
262.159,5170626560,4
262.216,5183193088,4
262.276,5200904192,4
262.334,5231607808,4
262.394,3573432320,3
262.449,3654680576,4
262.506,3952345088,4
262.566,4241768448,4
262.622,4495360000,4
262.682,4543692800,4
262.743,4588011520,4
262.803,4650778624,4
262.855,4687003648,4
262.916,4723212288,4
262.972,4789223424,4
263.034,3267706880,3
263.095,3294838784,4
263.154,3399565312,4
263.214,3449880576,4
263.274,3498934272,4
263.335,3536371712,4
263.395,3575136256,4
263.449,3605004288,4
263.506,3632463872,4
263.566,3660677120,4
263.626,3688955904,4
263.686,3721412608,4
263.746,3749511168,4
263.804,3771793408,4
263.864,3797467136,4
263.920,4070014976,4
263.972,4355686400,4
264.032,4573315072,4
264.093,4696997888,4
264.147,4727603200,4
264.207,4768645120,4
264.264,4817813504,4
264.324,4856922112,4
264.384,4883431424,4
264.445,4951719936,4
264.505,4988665856,4
264.564,5018271744,4
264.624,5291573248,4
264.684,5604327424,4
264.745,4317265920,4
264.806,4425515008,3
264.866,4448387072,4
264.922,4553768960,4
264.983,4624023552,4
265.042,4674125824,4
265.097,4716511232,4
265.157,4791287808,4
265.218,4837212160,4
265.278,4865425408,4
265.338,4886003712,4
265.398,4909350912,4
265.458,4929781760,4
265.518,4948262912,4
265.579,4967006208,4
265.630,4983324672,4
265.691,4997513216,4
265.751,5014667264,4
265.805,5035786240,4
265.866,5055594496,4
265.926,5072633856,4
265.980,5105516544,4
266.041,5120131072,4
266.101,5133680640,4
266.161,5148229632,4
266.222,5337120768,4
266.272,5520719872,4
266.330,5737873408,4
266.391,5946359808,4
266.447,5956026368,4
266.508,5980782592,4
266.568,6025035776,4
266.628,6049349632,4
266.680,6062505984,4
266.741,6119604224,4
266.797,6143606784,4
266.857,6156484608,4
266.918,6165217280,4
266.970,6174621696,4
267.030,6177685504,4
267.091,4788076544,3
267.153,4789649408,4
267.214,4870078464,4
267.274,4901404672,4
267.334,4928831488,4
267.389,4950687744,4
267.449,4970151936,4
267.505,4988944384,4
267.564,5006721024,4
267.624,5024661504,4
267.680,5038981120,4
267.741,5055299584,4
267.799,5070077952,4
267.855,5083889664,4
267.916,5095309312,4
267.972,5107056640,4
268.032,5125128192,4
268.093,5164269568,4
268.153,5195579392,4
268.206,3429433344,4
268.267,3441246208,3
268.328,3456974848,4
268.389,3549626368,4
268.449,3589783552,4
268.505,3630514176,4
268.566,3665739776,4
268.626,3695476736,4
268.680,3915923456,4
268.741,4193861632,4
268.801,4441063424,4
268.861,4620926976,4
268.922,4661936128,4
268.981,3110305792,4
269.041,3163979776,3
269.099,3201122304,4
269.155,3308912640,4
269.216,3409199104,4
269.276,3474063360,4
269.330,3521282048,4
269.391,3559096320,4
269.451,3592159232,4
269.505,3619028992,4
269.566,3650306048,4
269.622,3677437952,4
269.682,3706634240,4
269.742,3732242432,4
269.797,3938353152,4
269.857,4205707264,4
269.908,4384817152,4
269.961,3076308992,4
270.023,3104325632,3
270.084,3143434240,4
270.139,3265544192,4
270.199,3338469376,4
270.250,3390062592,4
270.305,3454697472,4
270.366,3542007808,4
270.422,3584131072,4
270.483,3620864000,4
270.539,3840229376,4
270.599,4116463616,4
270.659,4350296064,4
270.720,4553703424,4
270.780,4585832448,4
270.830,4614160384,4
270.891,4676730880,4
270.951,4716019712,4
271.008,4744134656,4
271.067,4802576384,4
271.127,4851023872,4
271.178,4867473408,4
271.230,4898652160,4
271.291,4917428224,4
271.347,4933435392,4
271.407,4947443712,4
271.468,4962320384,4
271.528,4983717888,4
271.580,5154422784,4
271.640,5388582912,4
271.697,5606866944,4
271.755,5867438080,4
271.816,5882445824,4
271.876,5911478272,4
271.930,5944606720,4
271.991,5980389376,4
272.051,6006554624,4
272.111,6037241856,4
272.164,6085197824,4
272.224,6107267072,4
272.284,6122651648,4
272.345,6131744768,4
272.405,6139510784,4
272.460,6144557056,4
272.517,4643848192,4
272.578,4647796736,3
272.632,4650975232,4
272.693,4737056768,4
272.747,4771086336,4
272.807,4802953216,4
272.859,4827185152,4
272.914,4851007488,4
272.974,4875190272,4
273.034,4896342016,4
273.089,4914544640,4
273.149,4937318400,4
273.205,4953112576,4
273.266,4968710144,4
273.322,4986109952,4
273.382,3440902144,4
273.439,3452583936,3
273.501,3471409152,4
273.562,3569942528,4
273.613,3611131904,4
273.673,3653304320,4
273.730,3688546304,4
273.785,3717005312,4
273.845,3749101568,4
273.897,3776610304,4
273.957,3806003200,4
274.014,3833724928,4
274.074,3862446080,4
274.134,4077387776,4
274.189,4327325696,4
274.249,4558602240,4
274.309,4788617216,4
274.370,4814962688,4
274.422,4846567424,4
274.480,4899241984,4
274.541,4933156864,4
274.597,4958470144,4
274.657,5013045248,4
274.714,5064458240,4
274.774,5085118464,4
274.830,5111119872,4
274.891,5125881856,4
274.951,5142904832,4
275.008,5375262720,4
275.064,5642797056,4
275.124,5865029632,4
275.184,6010044416,4
275.242,6026166272,4
275.302,6049120256,4
275.362,6092472320,4
275.419,6120128512,4
275.472,6133465088,4
275.532,6183501824,4
275.589,6219595776,4
275.649,4636917760,4
275.706,4650057728,3
275.768,4664803328,4
275.828,3082846208,4
275.881,3115597824,3
275.943,3149398016,4
276.003,3259744256,4
276.062,3313942528,4
276.122,3367272448,4
276.180,3408691200,4
276.241,3449765888,4
276.300,3488268288,4
276.358,3519102976,4
276.417,3555557376,4
276.477,3583721472,4
276.530,3606167552,4
276.591,3634987008,4
276.651,3666673664,4
276.711,3689857024,4
276.770,3713204224,4
276.829,3738992640,4
276.889,3764224000,4
276.947,3789914112,4
277.007,3814277120,4
277.068,3835478016,4
277.128,3855745024,4
277.188,3875553280,4
277.239,3892510720,4
277.296,4146118656,4
277.356,4553506816,4
277.414,4964171776,4
277.474,5372526592,4
277.529,5547704320,4
277.580,5670354944,4
277.641,5731172352,4
277.699,5772148736,4
277.758,5829459968,4
277.817,5891850240,4
277.875,5943918592,4
277.935,6013566976,4
277.995,6042992640,4
278.055,6059606016,4
278.116,6081642496,4
278.176,6091046912,4
278.236,6095093760,4
278.296,6101778432,4
278.357,6106005504,4
278.414,6113132544,4
278.474,4593532928,4
278.535,4595449856,3
278.597,4600250368,4
278.657,4680384512,4
278.718,4711268352,4
278.772,4736581632,4
278.832,4764450816,4
278.893,4786012160,4
278.953,4806475776,4
279.008,4826136576,4
279.064,4841062400,4
279.124,4860624896,4
279.180,4878893056,4
279.241,4896964608,4
279.294,4912267264,4
279.354,4929552384,4
279.414,4947165184,4
279.475,4965400576,4
279.535,4980195328,4
279.595,4997447680,4
279.655,5015453696,4
279.716,5032280064,4
279.776,5046255616,4
279.829,5059067904,4
279.881,5068554240,4
279.941,5082054656,4
280.001,5092769792,4
280.055,5104517120,4
280.116,5119442944,4
280.172,5353160704,4
280.232,5648711680,4
280.293,5876924416,4
280.353,6017351680,4
280.413,6037372928,4
280.464,6058819584,4
280.524,6105612288,4
280.580,6128009216,4
280.641,6145507328,4
280.697,6197002240,4
280.757,6230294528,4
280.814,6238961664,4
280.874,6257704960,4
280.930,6261587968,4
280.991,6267879424,4
281.047,6271795200,4
281.107,6275121152,4
281.168,6280527872,4
281.222,6295879680,4
281.282,6300647424,4
281.335,6302892032,4
281.395,6309085184,4
281.455,6325420032,4
281.516,4715331584,3
281.578,4720820224,4
281.639,4800724992,4
281.699,4834328576,4
281.756,4853088256,4
281.816,4873502720,4
281.876,4895539200,4
281.932,4914921472,4
281.992,4937121792,4
282.050,4953915392,4
282.108,4972609536,4
282.169,4990435328,4
282.229,5009457152,4
282.280,5031395328,4
282.337,3420078080,4
282.389,3430645760,3
282.451,3444146176,4
282.512,3539107840,4
282.567,3584573440,4
282.627,3626074112,4
282.680,3658481664,4
282.741,3690610688,4
282.797,3717971968,4
282.857,3747872768,4
282.914,3776937984,4
282.974,3805921280,4
283.034,3837689856,4
283.095,4046077952,4
283.147,4254253056,4
283.199,4467179520,4
283.255,4717674496,4
283.316,4761075712,4
283.376,4799873024,4
283.436,4853530624,4
283.489,4885479424,4
283.549,4914397184,4
283.609,4959617024,4
283.670,5015420928,4
283.730,5036916736,4
283.786,3477094400,4
283.847,3493101568,3
283.909,3507404800,4
283.969,3865427968,4
284.022,4174512128,4
284.082,4403118080,4
284.143,4542136320,4
284.195,4577034240,4
284.256,4623777792,4
284.316,4684316672,4
284.376,4724195328,4
284.427,4748476416,4
284.487,4830134272,4
284.539,4867407872,4
284.599,4894752768,4
284.655,4917690368,4
284.716,4934549504,4
284.772,4948770816,4
284.832,4967841792,4
284.889,4984487936,4
284.949,4999577600,4
285.009,5013864448,4
285.064,5028429824,4
285.124,5049876480,4
285.180,5066932224,4
285.241,5080678400,4
285.297,5090279424,4
285.357,5100290048,4
285.416,5321474048,4
285.475,5595774976,4
285.530,5777932288,4
285.589,5983535104,4
285.649,5993250816,4
285.709,6020071424,4
285.770,6064668672,4
285.822,6084739072,4
285.882,6103891968,4
285.936,6146031616,4
285.996,6189678592,4
286.057,6200377344,4
286.114,6211059712,4
286.174,6215368704,4
286.234,6224003072,4
286.289,6231080960,4
286.349,6241878016,4
286.405,6251462656,4
286.466,6265339904,4
286.525,6282362880,4
286.580,6288375808,4
286.641,6293291008,4
286.701,6300893184,4
286.761,6308839424,4
286.820,6312607744,4
286.880,6315933696,4
286.941,6317572096,4
286.997,6319489024,4
287.057,6325043200,4
287.109,6327664640,4
287.164,6329040896,4
287.224,6332760064,4
287.284,6334447616,4
287.345,6338035712,4
287.397,6355288064,4
287.457,6361104384,4
287.518,6367674368,4
287.578,6374391808,4
287.630,6381879296,4
287.685,6383239168,4
287.742,6383992832,4
287.796,6384205824,4
287.857,6384664576,4
287.917,6385483776,4
287.975,6389350400,4
288.029,6390857728,4
288.088,6391267328,4
288.148,6393102336,4
288.199,6394560512,4
288.255,6397853696,4
288.316,6400999424,4
288.372,6403899392,4
288.432,6406488064,4
288.493,6410223616,4
288.547,6411468800,4
288.607,6412599296,4
288.668,6415269888,4
288.722,6429622272,4
288.783,4843356160,3
288.839,4848156672,4
288.895,4925882368,4
288.956,4960305152,4
289.015,4986388480,4
289.075,5009588224,4
289.130,5028986880,4
289.191,5050531840,4
289.251,5068832768,4
289.311,5085282304,4
289.371,5102092288,4
289.430,5121802240,4
289.491,5153865728,4
289.551,3470852096,4
289.606,3482763264,3
289.668,3514826752,4
289.728,3611131904,4
289.780,3652141056,4
289.841,3692756992,4
289.901,3730849792,4
289.955,3758276608,4
290.010,3787522048,4
290.070,3817193472,4
290.131,3844440064,4
290.191,3869900800,4
290.251,3894624256,4
290.306,3917873152,4
290.366,4000907264,4
290.425,4260790272,4
290.483,4566466560,4
290.541,4744429568,4
290.597,4861558784,4
290.657,4893491200,4
290.718,4931420160,4
290.772,4975460352,4
290.832,5010341888,4
290.889,5043617792,4
290.949,3471294464,4
291.006,3499753472,3
291.068,3521462272,4
291.128,3615014912,4
291.189,3919003648,4
291.248,4276813824,4
291.308,4476043264,4
291.367,4602101760,4
291.422,4638932992,4
291.482,4681842688,4
291.539,4734566400,4
291.599,4776378368,4
291.659,4807655424,4
291.720,4885938176,4
291.780,4922327040,4
291.840,4944920576,4
291.897,4964433920,4
291.957,4979408896,4
292.013,4996923392,4
292.073,5011161088,4
292.133,5025349632,4
292.189,5040963584,4
292.249,5055348736,4
292.309,5073321984,4
292.367,5084119040,4
292.425,5095964672,4
292.483,5107236864,4
292.542,5315035136,4
292.602,5581160448,4
292.662,5828214784,4
292.723,5965627392,4
292.780,5985042432,4
292.841,6011191296,4
292.901,6056820736,4
292.961,6090899456,4
293.021,6110003200,4
293.082,6171328512,4
293.142,6198034432,4
293.197,6210289664,4
293.257,6216613888,4
293.317,6224936960,4
293.377,6227525632,4
293.437,6239354880,4
293.498,6246072320,4
293.555,6250151936,4
293.616,6261784576,4
293.676,6265143296,4
293.730,6267420672,4
293.791,6270517248,4
293.851,6277857280,4
293.911,6282461184,4
293.971,6286671872,4
294.032,6293700608,4
294.088,6297010176,4
294.148,6302433280,4
294.205,6312902656,4
294.264,6317162496,4
294.324,6320308224,4
294.384,6321979392,4
294.444,6326321152,4
294.505,6327844864,4
294.565,6332530688,4
294.625,6343213056,4
294.687,4779032576,3
294.749,4781047808,4
294.809,4863295488,4
294.864,4894654464,4
294.924,4922163200,4
294.980,4946345984,4
295.041,4969791488,4
295.100,4988993536,4
295.158,5007949824,4
295.219,5026971648,4
295.279,5049401344,4
295.339,5067980800,4
295.399,5088329728,4
295.460,5101912064,4
295.520,5115789312,4
295.572,5128388608,4
295.632,5143003136,4
295.689,5162565632,4
295.749,5180801024,4
295.807,5204983808,4
295.867,5221122048,4
295.928,5233786880,4
295.988,5248090112,4
296.039,5256691712,4
296.099,5270716416,4
296.155,5281398784,4
296.216,5292539904,4
296.272,5458460672,4
296.332,5663064064,4
296.393,5911904256,4
296.447,6141394944,4
296.507,6182961152,4
296.564,6232014848,4
296.624,6272057344,4
296.679,4574347264,3
296.741,4597579776,4
296.797,4686512128,4
296.855,4776247296,4
296.916,4823547904,4
296.976,4860559360,4
297.036,3274719232,4
297.096,3301064704,3
297.150,3322380288,4
297.211,3424141312,4
297.264,3466477568,4
297.324,3511140352,4
297.380,3546398720,4
297.441,3580444672,4
297.501,3614130176,4
297.561,2052685824,4
297.616,2081046528,3
297.678,2118975488,4
297.738,2227372032,4
297.799,2283012096,4
297.855,2327592960,4
297.915,2374402048,4
297.972,2417393664,4
298.033,2462023680,4
298.093,2500558848,4
298.150,2537472000,4
298.206,2573418496,4
298.266,2609790976,4
298.322,2837135360,4
298.380,3098017792,4
298.441,3327606784,4
298.501,3591208960,4
298.558,3617865728,4
298.618,3703832576,4
298.671,3961438208,4
298.731,4318445568,4
298.792,4522147840,4
298.852,4668997632,4
298.905,4730322944,4
298.966,4799971328,4
299.022,4854054912,4
299.082,4899323904,4
299.142,4949950464,4
299.197,5211996160,4
299.257,5573787648,4
299.317,5791449088,4
299.372,5908414464,4
299.432,5933891584,4
299.489,5962694656,4
299.549,6009110528,4
299.609,6039322624,4
299.669,6057377792,4
299.730,6124109824,4
299.790,6157533184,4
299.847,6169690112,4
299.905,6185533440,4
299.965,6199607296,4
300.026,6209323008,4
300.086,6216318976,4
300.139,6222659584,4
300.199,6230966272,4
300.255,6236897280,4
300.316,6245253120,4
300.376,6256099328,4
300.436,6263029760,4
300.496,6268239872,4
300.557,6278512640,4
300.617,6283001856,4
300.677,6288818176,4
300.728,6292307968,4
300.789,6299762688,4
300.849,6307201024,4
300.907,6312198144,4
300.964,6320390144,4
301.024,6347358208,4
301.081,4696489984,3
301.143,4704403456,4
301.203,3220488192,4
301.256,3253157888,3
301.318,3288121344,4
301.372,3387146240,4
301.432,3440902144,4
301.489,3484319744,4
301.549,3531243520,4
301.608,3569844224,4
301.663,3607478272,4
301.724,3643752448,4
301.783,3672735744,4
301.843,3703980032,4
301.897,3731554304,4
301.956,3754377216,4
302.014,3776364544,4
302.074,3798532096,4
302.132,3828269056,4
302.193,3855515648,4
302.253,3882450944,4
302.306,3902832640,4
302.364,3924361216,4
302.424,3947790336,4
302.484,3970138112,4
302.539,3991257088,4
302.599,4012736512,4
302.659,4036345856,4
302.719,4309385216,4
302.780,4640096256,4
302.837,5078581248,4
302.897,5498028032,4
302.958,5724160000,4
303.018,5861294080,4
303.074,5917868032,4
303.134,5967396864,4
303.194,4432510976,4
303.248,4499292160,3
303.307,4548214784,4
303.368,4684496896,4
303.428,4759109632,4
303.480,4793352192,4
303.540,4850204672,4
303.601,4878319616,4
303.655,4900503552,4
303.714,4921802752,4
303.774,4941037568,4
303.831,4963696640,4
303.891,4990943232,4
303.951,5011456000,4
304.008,5028036608,4
304.068,5044994048,4
304.129,5061820416,4
304.189,5076385792,4
304.249,5095243776,4
304.305,5115101184,4
304.365,5129371648,4
304.426,5145395200,4
304.479,5156438016,4
304.539,5170446336,4
304.600,3510845440,4
304.661,3522150400,3
304.723,3536584704,4
304.783,3634528256,4
304.838,3888840704,4
304.898,4206772224,4
304.955,4464230400,4
305.014,4623171584,4
305.074,4657922048,4
305.134,4698980352,4
305.194,4758585344,4
305.254,4802134016,4
305.305,4832477184,4
305.366,4899913728,4
305.422,4941611008,4
305.482,4959993856,4
305.542,4982767616,4
305.597,4999610368,4
305.657,5018550272,4
305.714,5034426368,4
305.774,5047091200,4
305.834,5060378624,4
305.889,5073600512,4
305.949,5090918400,4
306.005,5104173056,4
306.065,5117476864,4
306.122,5129830400,4
306.182,5326372864,4
306.242,5574524928,4
306.303,5796560896,4
306.363,6009503744,4
306.414,6022758400,4
306.474,6052020224,4
306.534,6100172800,4
306.594,6133432320,4
306.655,6150520832,4
306.715,6195888128,4
306.775,4644896768,4
306.827,3094528000,3
306.890,3105013760,3
306.952,3191177216,4
307.012,3301998592,4
307.072,3359047680,4
307.132,3412197376,4
307.189,3454599168,4
307.249,3499999232,4
307.308,3540303872,4
307.364,3569303552,4
307.424,3602726912,4
307.483,3634315264,4
307.538,3661447168,4
307.599,3690332160,4
307.655,2086993920,4
307.716,2109620224,3
307.774,2137538560,4
307.834,2246541312,4
307.894,2304311296,4
307.954,2357575680,4
308.015,2406727680,4
308.072,2455912448,4
308.130,2495381504,4
308.191,2530934784,4
308.247,2565079040,4
308.307,2600484864,4
308.364,2636824576,4
308.424,3019620352,4
308.480,3465723904,4
308.540,3941793792,4
308.597,4421844992,4
308.657,4466982912,4
308.714,4521148416,4
308.774,4601511936,4
308.834,4670308352,4
308.894,4721491968,4
308.947,4777525248,4
309.007,4890198016,4
309.063,4931534848,4
309.124,4957798400,4
309.184,4981506048,4
309.244,5159911424,4
309.297,5343690752,4
309.357,5609357312,4
309.418,5865947136,4
309.478,5891751936,4
309.538,5923061760,4
309.598,4433477632,4
309.660,4461346816,3
309.715,4484792320,4
309.772,4595826688,4
309.832,4679090176,4
309.892,4721885184,4
309.947,4752637952,4
310.007,4777918464,4
310.067,4804968448,4
310.128,4827201536,4
310.188,4846616576,4
310.247,4870520832,4
310.307,4892327936,4
310.367,4916822016,4
310.428,4940660736,4
310.487,4964663296,4
310.539,4976656384,4
310.597,4990140416,4
310.657,5008195584,4
310.713,5020762112,4
310.774,5033541632,4
310.825,5047320576,4
310.885,5063393280,4
310.946,5084397568,4
311.006,5096325120,4
311.066,5107089408,4
311.122,5118296064,4
311.182,5226840064,4
311.242,5453709312,4
311.296,5730549760,4
311.357,5895503872,4
311.417,6003572736,4
311.470,6026739712,4
311.530,4468785152,4
311.591,4511055872,3
311.649,4544331776,4
311.709,4645699584,4
311.763,4735664128,4
311.824,4783325184,4
311.884,4817256448,4
311.938,4838162432,4
311.999,4864196608,4
312.049,4881661952,4
312.109,4903239680,4
312.166,4922687488,4
312.225,4938022912,4
312.280,4953997312,4
312.340,4968513536,4
312.397,4979703808,4
312.457,4995317760,4
312.517,5009817600,4
312.578,5028069376,4
312.630,5040685056,4
312.690,5055692800,4
312.742,5066194944,4
312.797,5078614016,4
312.857,5091868672,4
312.913,5107040256,4
312.974,5122555904,4
313.034,5134090240,4
313.088,5143887872,4
313.149,5157945344,4
313.208,5403951104,4
313.260,5652856832,4
313.318,5865684992,4
313.375,6047858688,4
313.435,6063046656,4
313.495,6091063296,4
313.556,6138413056,4
313.613,6160613376,4
313.674,6180306944,4
313.730,6229704704,4
313.790,6267748352,4
313.847,6279348224,4
313.907,6297075712,4
313.963,6303465472,4
314.017,6308265984,4
314.072,6312787968,4
314.132,6318981120,4
314.188,6329499648,4
314.249,6343901184,4
314.305,6348079104,4
314.365,6352551936,4
314.422,6356254720,4
314.482,6361743360,4
314.538,6367821824,4
314.599,6371753984,4
314.659,6374899712,4
314.713,6377193472,4
314.774,6380027904,4
314.829,6385090560,4
314.889,6390235136,4
314.949,6398803968,4
315.005,6405423104,4
315.065,6414450688,4
315.122,6420430848,4
315.182,6423625728,4
315.238,6426132480,4
315.299,6430523392,4
315.359,6437847040,4
315.415,6450053120,4
315.472,6453428224,4
315.532,6462259200,4
315.588,6464880640,4
315.649,6472335360,4
315.705,6480707584,4
315.765,6496780288,4
315.826,6511378432,4
315.887,4929699840,3
315.940,4932304896,4
316.000,5014798336,4
316.055,5047975936,4
316.115,5077712896,4
316.176,5110890496,4
316.236,5133516800,4
316.296,5152948224,4
316.356,5168807936,4
316.412,5183520768,4
316.473,5200150528,4
316.533,5219139584,4
316.593,5229674496,4
316.654,5239586816,4
316.705,5249286144,4
316.763,5260394496,4
316.824,5271683072,4
316.884,5288951808,4
316.944,5318311936,4
316.998,3650551808,3
317.059,3671719936,4
317.120,3786211328,4
317.181,2104197120,3
317.234,2138308608,4
317.294,2251784192,4
317.355,2312028160,4
317.415,2367897600,4
317.475,2644819968,4
317.530,2947907584,4
317.590,3218243584,4
317.651,3387850752,4
317.705,3428745216,4
317.765,3480748032,4
317.822,3549184000,4
317.882,3597074432,4
317.939,3631218688,4
317.999,3706667008,4
318.055,3761569792,4
318.116,3796533248,4
318.175,3830497280,4
318.230,3861069824,4
318.290,3886661632,4
318.347,4082515968,4
318.405,4318101504,4
318.466,4577673216,4
318.526,4689887232,4
318.578,4717281280,4
318.630,4748017664,4
318.690,4885348352,4
318.747,5117607936,4
318.807,5447630848,4
318.867,5674467328,4
318.928,5782208512,4
318.980,5810421760,4
319.040,5846499328,4
319.101,5889589248,4
319.155,5918261248,4
319.215,5942755328,4
319.272,6002868224,4
319.332,6028148736,4
319.388,6041321472,4
319.449,6054969344,4
319.509,6062342144,4
319.566,6071926784,4
319.622,6083231744,4
319.682,6092603392,4
319.738,6099320832,4
319.799,6104907776,4
319.859,6114066432,4
319.913,6123143168,4
319.974,6139920384,4
320.034,6146473984,4
320.088,6151405568,4
320.149,6156271616,4
320.209,6164774912,4
320.269,6172901376,4
320.322,6179356672,4
320.382,6185467904,4
320.441,6188187648,4
320.497,6193856512,4
320.557,6208028672,4
320.613,6212124672,4
320.674,6217072640,4
320.734,6223757312,4
320.794,6231359488,4
320.855,6235455488,4
320.915,6241533952,4
320.975,6245679104,4
321.035,6249709568,4
321.096,6252560384,4
321.156,6258180096,4
321.213,6259785728,4
321.274,6262554624,4
321.334,6269468672,4
321.394,6273761280,4
321.455,6287982592,4
321.515,4644782080,4
321.573,4649648128,3
321.634,4677287936,4
321.695,4765696000,4
321.755,4802756608,4
321.815,4832542720,4
321.872,4854923264,4
321.932,4877795328,4
321.992,4901306368,4
322.050,4918378496,4
322.108,4934090752,4
322.166,4950654976,4
322.225,4966514688,4
322.283,4981047296,4
322.337,4994007040,4
322.397,5005656064,4
322.458,5017206784,4
322.518,3597582336,4
322.579,3612196864,3
322.641,3627565056,4
322.697,3723640832,4
322.757,3767631872,4
322.817,3809345536,4
322.872,3841458176,4
322.932,3871866880,4
322.992,3901161472,4
323.047,3925213184,4
323.107,3949592576,4
323.167,4037001216,4
323.228,4296687616,4
323.280,4591910912,4
323.340,4773740544,4
323.397,4894490624,4
323.450,4921196544,4
323.505,4952080384,4
323.565,5004935168,4
323.626,5044371456,4
323.686,5068619776,4
323.738,5129584640,4
323.799,5164515328,4
323.855,5180784640,4
323.915,5374853120,4
323.976,5617500160,4
324.036,5855379456,4
324.096,5961023488,4
324.147,5981143040,4
324.207,6008029184,4
324.267,6050971648,4
324.322,6083739648,4
324.382,4394827776,4
324.439,4444160000,3
324.501,4459216896,4
324.561,4553670656,4
324.613,4584456192,4
324.674,4616159232,4
324.730,4640686080,4
324.790,4672700416,4
324.851,4694736896,4
324.911,4721180672,4
324.971,4741988352,4
325.022,4756996096,4
325.082,4777508864,4
325.138,4793581568,4
325.199,4810489856,4
325.259,4830674944,4
325.313,4846993408,4
325.374,4861067264,4
325.434,4872716288,4
325.488,4888182784,4
325.549,4902256640,4
325.609,4916609024,4
325.669,4935499776,4
325.729,4949131264,4
325.788,4965629952,4
325.849,4980523008,4
325.900,4990861312,4
325.955,5002592256,4
326.015,5207523328,4
326.072,5432033280,4
326.132,5657280512,4
326.191,5903302656,4
326.252,5913460736,4
326.305,5938053120,4
326.365,5980454912,4
326.425,6007193600,4
326.480,6031441920,4
326.540,6069420032,4
326.601,4728963072,4
326.656,4745003008,3
326.716,4760010752,4
326.776,4848254976,4
326.830,4886118400,4
326.890,4916838400,4
326.951,4947181568,4
327.011,4975427584,4
327.063,5006344192,4
327.124,5034033152,4
327.184,5056086016,4
327.244,5076992000,4
327.304,5097209856,4
327.365,5118492672,4
327.422,5138972672,4
327.482,5168824320,4
327.538,5189451776,4
327.599,5203558400,4
327.659,5219860480,4
327.717,5233852416,4
327.772,5245665280,4
327.832,5258412032,4
327.892,5271289856,4
327.950,5284364288,4
328.008,5294080000,4
328.066,5312446464,4
328.125,5325176832,4
328.183,5345329152,4
328.243,5409406976,4
328.304,3949215744,4
328.356,4228612096,3
328.418,4424892416,4
328.475,4605427712,4
328.533,4654006272,4
328.588,4710187008,4
328.649,3119890432,3
328.707,1568571392,4
328.767,1678311424,3
328.829,1786822656,4
328.889,1929723904,4
328.949,2006368256,4
329.009,2073395200,4
329.070,2133426176,4
329.127,2183987200,4
329.180,2225766400,4
329.240,2268839936,4
329.297,2313388032,4
329.357,2359427072,4
329.417,2400550912,4
329.470,2434498560,4
329.530,2476195840,4
329.591,2509209600,4
329.647,2550874112,4
329.707,2588033024,4
329.763,2620047360,4
329.824,2655584256,4
329.884,2688548864,4
329.938,2851487744,4
329.999,3099508736,4
330.055,3353198592,4
330.113,3610984448,4
330.174,3780067328,4
330.230,4029906944,4
330.290,4471996416,4
330.351,4919771136,4
330.411,5264228352,4
330.470,5545213952,4
330.530,5654642688,4
330.590,5722554368,4
330.647,5776637952,4
330.705,5826461696,4
330.765,5909987328,4
330.826,5953142784,4
330.880,6014599168,4
330.940,6056247296,4
330.997,6071648256,4
331.057,6091472896,4
331.113,6101712896,4
331.174,6114148352,4
331.230,6129008640,4
331.290,6137102336,4
331.347,6145359872,4
331.407,6151438336,4
331.467,6160777216,4
331.522,6169051136,4
331.582,6176686080,4
331.641,6185287680,4
331.700,6198771712,4
331.758,6209028096,4
331.815,6220480512,4
331.875,6228738048,4
331.936,6241419264,4
331.996,6252494848,4
332.055,6260326400,4
332.115,6264913920,4
332.172,6273335296,4
332.232,6284165120,4
332.288,6293372928,4
332.347,6301089792,4
332.407,6316785664,4
332.468,6324387840,4
332.528,6326796288,4
332.588,6342787072,4
332.649,6345375744,4
332.709,6360973312,4
332.770,4774821888,3
332.823,4777787392,4
332.880,4854595584,4
332.940,4887642112,4
332.997,4912414720,4
333.057,4937334784,4
333.117,4960763904,4
333.172,4978376704,4
333.232,4997152768,4
333.292,5014847488,4
333.347,5030952960,4
333.407,5049810944,4
333.463,5065818112,4
333.524,5080678400,4
333.584,5097799680,4
333.644,5107564544,4
333.704,5118689280,4
333.765,5135237120,4
333.822,5149409280,4
333.882,3531030528,4
333.943,3547447296,3
334.005,3562504192,4
334.063,3654139904,4
334.124,3694133248,4
334.180,3728949248,4
334.240,3764781056,4
334.297,3796353024,4
334.357,3829989376,4
334.417,4066033664,4
334.478,4349280256,4
334.530,4539088896,4
334.590,4787322880,4
334.647,4814782464,4
334.707,4859445248,4
334.763,4909056000,4
334.822,4946264064,4
334.882,4979458048,4
334.942,5034557440,4
335.002,5091311616,4
335.055,5111742464,4
335.115,5132779520,4
335.176,5146083328,4
335.236,5163286528,4
335.292,5175738368,4
335.348,5191286784,4
335.408,5203263488,4
335.463,5222285312,4
335.524,5236228096,4
335.584,5422874624,4
335.638,5623660544,4
335.699,5870616576,4
335.755,6118277120,4
335.815,6146179072,4
335.872,6172655616,4
335.932,6203719680,4
335.991,6241124352,4
336.050,6264061952,4
336.110,6310412288,4
336.171,4690378752,3
336.230,3072671744,4
336.291,3166502912,3
336.348,3208364032,4
336.405,3321544704,4
336.465,3381510144,4
336.525,3425992704,4
336.585,3473571840,4
336.645,3512647680,4
336.706,3553083392,4
336.766,3585572864,4
336.819,3615129600,4
336.879,3646865408,4
336.930,3673751552,4
336.990,3705946112,4
337.047,3727147008,4
337.107,3757359104,4
337.163,3783393280,4
337.224,3817013248,4
337.280,2269347840,4
337.341,2292252672,3
337.403,2316304384,4
337.463,2415919104,4
337.523,2467446784,4
337.584,2516303872,4
337.642,2558279680,4
337.702,2598371328,4
337.755,2633580544,4
337.815,3007873024,4
337.872,3501096960,4
337.932,4032593920,4
337.992,4412342272,4
338.053,4482924544,4
338.113,4544315392,4
338.172,4621139968,4
338.232,4691968000,4
338.292,4739006464,4
338.352,4828774400,4
338.413,4919148544,4
338.463,4950048768,4
338.524,4980801536,4
338.580,5001183232,4
338.640,5031575552,4
338.696,5051252736,4
338.756,5069094912,4
338.813,5087346688,4
338.874,5104484352,4
338.934,5243404288,4
338.994,5472632832,4
339.054,5749800960,4
339.115,5950341120,4
339.172,6030639104,4
339.232,6057443328,4
339.292,6087950336,4
339.352,6131286016,4
339.405,6160203776,4
339.465,6186303488,4
339.522,6250643456,4
339.582,6278578176,4
339.638,6291324928,4
339.699,6320734208,4
339.759,6329974784,4
339.819,6337167360,4
339.879,6344851456,4
339.930,6348849152,4
339.990,6352928768,4
340.047,6359220224,4
340.107,6366658560,4
340.163,6372687872,4
340.224,6377897984,4
340.282,6385483776,4
340.343,6394150912,4
340.403,6398214144,4
340.463,6402539520,4
340.523,6410698752,4
340.584,6419595264,4
340.644,6429851648,4
340.704,6435143680,4
340.765,6443024384,4
340.822,6457950208,4
340.882,6460358656,4
340.938,6463619072,4
340.999,6469828608,4
341.059,6477250560,4
341.113,6485852160,4
341.174,6491193344,4
341.230,6493388800,4
341.290,6496944128,4
341.347,6500990976,4
341.407,6507102208,4
341.468,6512803840,4
341.528,6516097024,4
341.580,6519242752,4
341.640,6527451136,4
341.697,6531858432,4
341.757,6533316608,4
341.817,6538690560,4
341.877,6553468928,4
341.938,4942086144,3
342.000,4945985536,4
342.055,5040209920,4
342.115,3381575680,4
342.172,1751990272,3
342.235,1776795648,3
342.297,1882193920,4
342.357,2006433792,4
342.417,2074984448,4
342.478,510214144,4
342.538,567558144,3
342.600,622837760,4
342.660,754237440,4
342.720,826146816,4
342.772,883818496,4
342.832,947011584,4
342.887,1001340928,4
342.948,1061601280,4
343.008,1118601216,4
343.066,1164640256,4
343.127,1218691072,4
343.187,1267253248,4
343.247,1327775744,4
343.305,1372078080,4
343.365,1416675328,4
343.426,1459732480,4
343.486,1502609408,4
343.538,1545060352,4
343.599,1833205760,4
343.659,2225438720,4
343.719,2535522304,4
343.779,2881929216,4
343.837,3412836352,4
343.888,3845341184,4
343.949,4209278976,4
344.009,4481564672,4
344.063,4527341568,4
344.124,4802707456,4
344.183,5090066432,4
344.243,5403525120,4
344.303,5713494016,4
344.364,5811470336,4
344.422,5890506752,4
344.482,5951275008,4
344.542,6005243904,4
344.597,6037700608,4
344.657,6068551680,4
344.717,6131105792,4
344.777,6157254656,4
344.830,6171508736,4
344.890,6188351488,4
344.951,6198771712,4
345.011,6207029248,4
345.071,6213910528,4
345.131,6221135872,4
345.192,6226345984,4
345.252,6231670784,4
345.312,6238732288,4
345.363,6244925440,4
345.424,6249971712,4
345.480,6257164288,4
345.540,6261456896,4
345.597,6265077760,4
345.657,6269091840,4
345.713,6275448832,4
345.774,6279659520,4
345.834,6288228352,4
345.888,6306414592,4
345.949,6320832512,4
346.005,6327107584,4
346.065,6330138624,4
346.122,6337200128,4
346.180,6345293824,4
346.240,6351945728,4
346.301,6361120768,4
346.361,6368493568,4
346.421,6372573184,4
346.480,6377455616,4
346.540,6380421120,4
346.600,6383501312,4
346.655,6385483776,4
346.715,6390235136,4
346.775,6396166144,4
346.833,6400606208,4
346.891,6413434880,4
346.947,6422446080,4
347.005,6427705344,4
347.065,6432669696,4
347.122,6436667392,4
347.182,6443089920,4
347.238,6451904512,4
347.299,6455181312,4
347.355,6460899328,4
347.415,6464421888,4
347.472,6466355200,4
347.528,6468976640,4
347.589,6471221248,4
347.649,6473302016,4
347.705,6477103104,4
347.765,6484901888,4
347.822,6492192768,4
347.882,6499024896,4
347.932,6505152512,4
347.992,6511132672,4
348.053,6514065408,4
348.108,6519717888,4
348.166,6530154496,4
348.222,6545555456,4
348.282,6553354240,4
348.341,6556762112,4
348.397,6560825344,4
348.457,6562430976,4
348.517,6563692544,4
348.575,6564675584,4
348.630,6567510016,4
348.690,6569885696,4
348.747,6572654592,4
348.807,6593888256,4
348.863,4923998208,4
348.924,4937711616,3
348.986,3277635584,4
349.041,3353542656,3
349.098,3388080128,4
349.159,3499048960,4
349.213,3548774400,4
349.273,3595616256,4
349.334,3639951360,4
349.394,2030649344,4
349.447,2060648448,3
349.509,2093875200,4
349.569,2206416896,4
349.622,2259599360,4
349.682,2318778368,4
349.742,2369077248,4
349.797,2405007360,4
349.857,2446999552,4
349.913,2485944320,4
349.973,2530672640,4
350.034,2578022400,4
350.088,2622799872,4
350.148,2659762176,4
350.209,2691301376,4
350.269,2726821888,4
350.329,2762948608,4
350.388,2795388928,4
350.448,2830172160,4
350.508,2933063680,4
350.568,3202400256,4
350.628,3750805504,4
350.686,4209573888,4
350.746,4540186624,4
350.797,4723802112,4
350.857,4768677888,4
350.917,4841553920,4
350.977,4915527680,4
351.038,5174132736,4
351.098,5521440768,4
351.158,5787402240,4
351.215,6032359424,4
351.272,6063063040,4
351.332,6099877888,4
351.392,6155354112,4
351.452,6184599552,4
351.505,6210338816,4
351.557,6244352000,4
351.617,6301630464,4
351.672,6321340416,4
351.732,6339346432,4
351.793,4778377216,3
351.855,4791517184,4
351.910,4869537792,4
351.970,4909318144,4
352.022,4934942720,4
352.082,4961091584,4
352.138,4982112256,4
352.196,5002100736,4
352.257,5022957568,4
352.317,5042552832,4
352.377,5074714624,4
352.430,3374055424,4
352.491,3391651840,3
352.548,3408904192,4
352.609,3508371456,4
352.663,3547480064,4
352.723,3586113536,4
352.783,3622207488,4
352.838,3656368128,4
352.898,3695951872,4
352.955,3728343040,4
353.015,3756392448,4
353.072,3784638464,4
353.132,3810541568,4
353.188,3839623168,4
353.249,3862249472,4
353.309,3885252608,4
353.369,3910549504,4
353.422,3931553792,4
353.482,4199841792,4
353.542,4523442176,4
353.597,4714725376,4
353.657,4885708800,4
353.717,4909793280,4
353.772,4938956800,4
353.830,4990746624,4
353.890,5024268288,4
353.941,5049810944,4
353.997,5093310464,4
354.057,5153947648,4
354.113,5374705664,4
354.174,5641371648,4
354.234,5850873856,4
354.294,6092750848,4
354.354,6106447872,4
354.405,6131613696,4
354.465,6174179328,4
354.522,6204915712,4
354.582,6232965120,4
354.638,6265782272,4
354.698,6325436416,4
354.755,6343753728,4
354.815,6356779008,4
354.875,6377455616,4
354.930,6387154944,4
354.990,6393921536,4
355.050,6406553600,4
355.111,6414123008,4
355.171,6425083904,4
355.230,6443057152,4
355.290,6452543488,4
355.350,6458834944,4
355.411,6467207168,4
355.471,6471073792,4
355.530,6481362944,4
355.590,6484623360,4
355.647,6493405184,4
355.707,6501056512,4
355.763,6502121472,4
355.823,6505119744,4
355.880,4920508416,4
355.941,4923080704,3
355.998,4924538880,4
356.059,5006311424,4
356.113,5036195840,4
356.173,5065768960,4
356.234,5089280000,4
356.293,5108842496,4
356.353,5129945088,4
356.405,5148491776,4
356.465,3495755776,4
356.525,3515023360,3
356.587,3533406208,4
356.648,3624271872,4
356.705,3665805312,4
356.765,3710074880,4
356.825,3759210496,4
356.886,2132459520,3
356.940,2160508928,4
357.000,2271952896,4
357.060,2330312704,4
357.116,2381037568,4
357.171,2424700928,4
357.230,2470494208,4
357.290,2510356480,4
357.346,2544812032,4
357.407,2583216128,4
357.467,2621751296,4
357.522,2660220928,4
357.582,2911240192,4
357.641,3213393920,4
357.697,3419766784,4
357.757,3652255744,4
357.817,3685859328,4
357.877,3734650880,4
357.930,3793600512,4
357.991,3823452160,4
358.051,3862822912,4
358.108,3901489152,4
358.166,4166582272,4
358.221,4422320128,4
358.282,4648828928,4
358.333,4898390016,4
358.393,4940660736,4
358.447,5062754304,4
358.507,5326946304,4
358.563,5653495808,4
358.623,5844058112,4
358.684,5969444864,4
358.741,6038093824,4
358.796,6080528384,4
358.857,6132482048,4
358.913,6168723456,4
358.974,6196871168,4
359.030,6263046144,4
359.090,6298320896,4
359.148,6308921344,4
359.207,4769660928,3
359.265,4777312256,4
359.325,4869390336,4
359.386,4905336832,4
359.438,4937728000,4
359.498,4974755840,4
359.557,4997365760,4
359.613,5016502272,4
359.673,5034049536,4
359.730,5051072512,4
359.788,5070209024,4
359.848,5092605952,4
359.905,5111693312,4
359.963,5128355840,4
360.023,5137989632,4
360.083,5152571392,4
360.138,5166497792,4
360.198,5181734912,4
360.255,5195808768,4
360.315,5208981504,4
360.371,5217894400,4
360.432,5230182400,4
360.483,5242601472,4
360.535,5253922816,4
360.588,5265342464,4
360.649,5282611200,4
360.708,5293752320,4
360.766,5474729984,4
360.820,5684822016,4
360.877,5895225344,4
360.930,6132056064,4
360.990,6162071552,4
361.047,4602380288,4
361.108,4630577152,3
361.170,4664819712,4
361.230,4766810112,4
361.290,4828381184,4
361.349,4903813120,4
361.408,4937383936,4
361.463,4963336192,4
361.523,4988649472,4
361.580,5008474112,4
361.640,5027921920,4
361.700,5047418880,4
361.755,5066555392,4
361.815,5088673792,4
361.875,5111382016,4
361.936,5124734976,4
361.988,5142626304,4
362.048,5165023232,4
362.108,5181505536,4
362.168,5194072064,4
362.229,5207228416,4
362.289,5218385920,4
362.348,5230559232,4
362.405,5244518400,4
362.465,5257527296,4
362.525,5271388160,4
362.580,5284904960,4
362.640,5298700288,4
362.700,5504892928,4
362.755,5732352000,4
362.815,5948243968,4
362.875,4539809792,4
362.937,4553392128,3
362.999,4580884480,4
363.059,4702896128,4
363.119,4763975680,4
363.179,4806279168,4
363.240,4874682368,4
363.296,4929437696,4
363.357,4957143040,4
363.417,4992204800,4
363.477,5015322624,4
363.530,5042323456,4
363.588,5059969024,4
363.648,5074993152,4
363.708,5088772096,4
363.768,5104205824,4
363.821,5114216448,4
363.882,5126062080,4
363.938,5138333696,4
363.998,5167382528,4
364.059,3599646720,3
364.115,3612819456,4
364.175,3703685120,4
364.230,3739303936,4
364.290,3773153280,4
364.347,3808346112,4
364.407,3838951424,4
364.463,3868393472,4
364.523,3898441728,4
364.580,3964665856,4
364.640,4228841472,4
364.700,4574609408,4
364.756,4755996672,4
364.816,4888576000,4
364.876,4920426496,4
364.930,4948197376,4
364.990,5004279808,4
365.050,5041782784,4
365.110,5068849152,4
365.170,5131730944,4
365.230,5181915136,4
365.288,5201510400,4
365.348,5221548032,4
365.405,5234835456,4
365.463,5247844352,4
365.524,5259673600,4
365.584,5270765568,4
365.644,3732013056,4
365.697,3909353472,3
365.759,4152901632,4
365.819,4447764480,4
365.879,4730912768,4
365.938,4767334400,4
365.998,4815175680,4
366.055,4878548992,4
366.115,4920066048,4
366.175,4956274688,4
366.230,5006573568,4
366.290,5063557120,4
366.350,5087821824,4
366.405,5111365632,4
366.465,5127831552,4
366.525,5154504704,4
366.580,5171789824,4
366.640,5187764224,4
366.700,5200707584,4
366.761,5230428160,4
366.819,5263654912,4
366.879,5305057280,4
366.930,3497787392,4
366.991,3510321152,3
367.053,3525050368,4
367.113,3618209792,4
367.173,3661905920,4
367.234,3703144448,4
367.294,3737452544,4
367.354,3990306816,4
367.405,4241670144,4
367.465,4470358016,4
367.523,4708466688,4
367.584,4734189568,4
367.644,4776067072,4
367.696,4826169344,4
367.757,4861853696,4
367.816,4897144832,4
367.871,4949311488,4
367.932,5009113088,4
367.990,5030625280,4
368.050,5057658880,4
368.105,5073747968,4
368.165,5087281152,4
368.225,5101174784,4
368.280,5110235136,4
368.340,5124456448,4
368.396,5140152320,4
368.457,5151408128,4
368.513,5164138496,4
368.573,5247385600,4
368.630,5467619328,4
368.690,5793513472,4
368.750,5962219520,4
368.811,6070697984,4
368.871,6089981952,4
368.931,6120046592,4
368.991,6161399808,4
369.045,6185861120,4
369.105,6200049664,4
369.165,6266535936,4
369.221,6291996672,4
369.282,6302203904,4
369.338,6316654592,4
369.396,6324207616,4
369.453,6329122816,4
369.513,6344753152,4
369.571,4784947200,4
369.633,4787470336,3
369.690,4792352768,4
369.750,4883087360,4
369.805,4917166080,4
369.865,4947558400,4
369.921,4973543424,4
369.982,4996415488,4
370.042,5020614656,4
370.096,5037260800,4
370.157,5056593920,4
370.213,5074272256,4
370.273,5090557952,4
370.334,5106909184,4
370.388,5130141696,4
370.441,5144903680,4
370.502,5154521088,4
370.562,5167742976,4
370.622,5193859072,4
370.683,3548119040,4
370.739,3561488384,3
370.801,2007646208,4
370.856,2096513024,3
370.915,2140323840,4
370.971,2254356480,4
371.032,2322104320,4
371.088,2376105984,4
371.148,2429255680,4
371.205,2504245248,4
371.265,2808217600,4
371.321,3162685440,4
371.382,3366928384,4
371.439,3502850048,4
371.499,3550101504,4
371.557,3597271040,4
371.617,3657351168,4
371.671,3699523584,4
371.732,3739860992,4
371.792,3832119296,4
371.847,3873800192,4
371.905,3909271552,4
371.965,3935764480,4
372.021,3957571584,4
372.082,3990175744,4
372.138,4013637632,4
372.198,4035854336,4
372.255,4055072768,4
372.315,4076765184,4
372.371,4460953600,4
372.432,4970119168,4
372.488,5401214976,4
372.548,5838192640,4
372.605,5872402432,4
372.665,5922062336,4
372.721,5981028352,4
372.782,6044090368,4
372.842,6089637888,4
372.896,6137643008,4
372.957,6243450880,4
373.013,6278561792,4
373.073,6305021952,4
373.130,6312329216,4
373.190,6318358528,4
373.246,6328598528,4
373.307,6338461696,4
373.367,6344163328,4
373.426,6351568896,4
373.487,6359449600,4
373.546,6366609408,4
373.607,6373769216,4
373.667,6387515392,4
373.727,6391627776,4
373.780,6395871232,4
373.840,6404653056,4
373.900,6414598144,4
373.955,6420611072,4
374.015,6427410432,4
374.071,6433832960,4
374.132,6440157184,4
374.188,6446153728,4
374.248,6450659328,4
374.309,6457196544,4
374.363,6465011712,4
374.423,6475431936,4
374.484,6481035264,4
374.538,6488932352,4
374.598,6496157696,4
374.651,6499483648,4
374.705,6503956480,4
374.765,6512738304,4
374.821,6516015104,4
374.882,6520029184,4
374.938,6533939200,4
374.998,6539296768,4
375.055,6542835712,4
375.115,6543802368,4
375.175,6546227200,4
375.230,6549258240,4
375.290,6550372352,4
375.346,6551863296,4
375.407,6554222592,4
375.463,6555697152,4
375.523,6560432128,4
375.583,6567526400,4
375.643,6582960128,4
375.696,4972609536,4
375.754,4976787456,3
375.813,4983013376,4
375.874,5068144640,4
375.934,5103648768,4
375.988,5130092544,4
376.048,5159174144,4
376.105,5178687488,4
376.165,5198446592,4
376.225,5219336192,4
376.283,5235736576,4
376.341,5252530176,4
376.399,5272059904,4
376.460,5292572672,4
376.520,5311512576,4
376.580,5332860928,4
376.640,5348900864,4
376.701,5368250368,4
376.758,5386420224,4
376.816,5403099136,4
376.876,5417025536,4
376.930,5431738368,4
376.990,5443305472,4
377.050,5456347136,4
377.108,5468192768,4
377.163,5483184128,4
377.223,5509988352,4
377.284,5521637376,4
377.338,5532909568,4
377.395,5656805376,4
377.455,5879824384,4
377.515,6189318144,4
377.571,4649254912,4
377.633,4760780800,3
377.695,4781637632,4
377.755,4900126720,4
377.815,4971266048,4
377.871,5017026560,4
377.932,5056299008,4
377.988,5129109504,4
378.048,5168070656,4
378.105,5191778304,4
378.165,5214650368,4
378.224,5232050176,4
378.283,5249286144,4
378.341,5265588224,4
378.399,5280104448,4
378.460,5298651136,4
378.513,5309939712,4
378.571,5323292672,4
378.632,5343248384,4
378.688,5360730112,4
378.748,5373509632,4
378.808,5389287424,4
378.865,5403852800,4
378.925,5414174720,4
378.980,5424906240,4
379.040,5439242240,4
379.100,5452005376,4
379.160,5480431616,4
379.220,3803709440,4
379.273,3896279040,3
379.334,4146593792,4
379.388,4521033728,4
379.448,4725981184,4
379.508,4864311296,4
379.563,4915953664,4
379.624,4956717056,4
379.680,3197796352,4
379.741,3241738240,3
379.803,3280912384,4
379.863,1805778944,4
379.924,1898151936,3
379.984,1949663232,4
380.044,2077474816,4
380.105,2140225536,4
380.165,2202959872,4
380.224,2257649664,4
380.278,2300985344,4
380.330,2342993920,4
380.388,2395209728,4
380.448,2431516672,4
380.505,2469199872,4
380.565,2507767808,4
380.621,2541568000,4
380.682,2576859136,4
380.738,2612559872,4
380.798,2651963392,4
380.855,2863710208,4
380.915,3140567040,4
380.971,3351625728,4
381.032,3621666816,4
381.092,3653910528,4
381.146,3697229824,4
381.207,3758915584,4
381.267,3803414528,4
381.321,3986391040,4
381.382,4235640832,4
381.442,4567171072,4
381.496,4989485056,4
381.557,5398708224,4
381.613,5604737024,4
381.673,5786697728,4
381.730,5848563712,4
381.790,5911707648,4
381.850,5976293376,4
381.905,6048956416,4
381.965,6101073920,4
382.021,6149046272,4
382.082,6206357504,4
382.142,6220464128,4
382.202,6235193344,4
382.262,6241599488,4
382.323,6255804416,4
382.383,6274416640,4
382.438,6288179200,4
382.498,6297387008,4
382.559,6303924224,4
382.619,6314311680,4
382.679,6325682176,4
382.739,6331727872,4
382.796,6341607424,4
382.857,6356664320,4
382.913,6362677248,4
382.973,6369083392,4
383.030,6381699072,4
383.090,6386008064,4
383.150,6388727808,4
383.210,6392201216,4
383.263,6395396096,4
383.323,4836491264,4
383.383,4839702528,3
383.438,4845436928,3
383.498,4851499008,3
383.559,4857282560,3
383.619,4862951424,3
383.671,4869947392,3
383.732,4876959744,3
383.792,4880859136,3
383.852,4884447232,3
383.912,4888854528,3
383.971,4893868032,3
384.032,4898537472,3
384.088,4900519936,3
384.145,4903370752,3
384.205,4909154304,3
384.263,4916903936,3
384.323,4922015744,3
384.383,4927619072,3
384.442,4935712768,3
384.501,4941316096,3
384.555,4946509824,3
384.615,4953227264,3
384.671,4955324416,3
384.732,4965072896,3
384.792,4969070592,3
384.852,4970807296,3
384.912,4972494848,3
384.973,4973445120,3
385.030,4975460352,3
385.090,4977917952,3
385.146,4978720768,3
385.207,4979818496,3
385.267,4980375552,3
385.321,4980473856,3
385.382,4983570432,3
385.442,4985798656,3
385.502,4990566400,3
385.562,4993204224,3
385.621,4995203072,3
385.682,4997070848,3
385.741,5014077440,3
385.799,5019107328,3
385.860,5020876800,3
385.913,5022416896,3
385.973,5035180032,3
386.034,5037113344,3
386.088,5039374336,3
386.148,5046190080,3
386.205,5049942016,3
386.265,5054644224,3
386.325,5057576960,3
386.385,5061525504,3
386.446,5067276288,3
386.505,5069275136,3
386.565,5071978496,3
386.621,5074812928,3
386.682,5077549056,3
386.742,5080072192,3
386.799,5083676672,3
386.855,5084479488,3
386.915,5087657984,3
386.971,5089165312,3
387.032,5092229120,3
387.088,5094801408,3
387.148,5099388928,3
387.209,5104041984,3
387.269,5110792192,3
387.329,5121998848,3
387.380,5123276800,3
387.440,5125242880,3
387.496,5127159808,3
387.557,5129781248,3
387.617,5130141696,3
387.677,5131091968,3
387.730,5132009472,3
387.790,5132025856,3
387.847,5132943360,3
387.907,5142233088,3
387.967,5149884416,3
388.021,5152178176,3
388.082,5153456128,3
388.138,5175328768,3
388.198,3450601472,3
388.259,3452485632,2
388.323,3454320640,4
388.383,3601154048,4
388.438,3654238208,4
388.498,3693608960,4
388.555,3736535040,4
388.615,3780476928,4
388.675,3816898560,4
388.735,3854876672,4
388.796,3890397184,4
388.856,3948363776,4
388.913,2222866432,4
388.974,2252587008,3
389.036,2289090560,4
389.088,2382184448,4
389.148,2438217728,4
389.208,2488516608,4
389.263,2531049472,4
389.323,2573369344,4
389.378,2619408384,4
389.438,2659909632,4
389.498,2700148736,4
389.555,2733080576,4
389.615,2767306752,4
389.671,2797830144,4
389.732,2830991360,4
389.792,2863284224,4
389.852,2908143616,4
389.905,2957950976,4
389.966,1429684224,3
390.023,1887191040,4
390.083,2567110656,4
390.138,2954903552,4
390.198,3183624192,4
390.258,3258580992,4
390.316,3338043392,4
390.374,3440263168,4
390.434,3512074240,4
390.488,3555835904,4
390.546,3848732672,4
390.607,4131356672,4
390.663,4394516480,4
390.723,4651843584,4
390.783,4708139008,4
390.844,4752277504,4
390.904,4798267392,4
390.963,4845895680,4
391.021,4886315008,4
391.082,4931928064,4
391.137,4995121152,4
391.188,5027659776,4
391.248,5050089472,4
391.305,5070045184,4
391.365,5096013824,4
391.425,5113151488,4
391.486,5131468800,4
391.546,5150621696,4
391.596,5268750336,4
391.657,5491949568,4
391.713,5801099264,4
391.773,5974491136,4
391.830,6085967872,4
391.890,6106775552,4
391.946,6133039104,4
392.007,6179864576,4
392.063,6203654144,4
392.121,6218121216,4
392.182,6275579904,4
392.238,6305153024,4
392.298,6314983424,4
392.355,6339051520,4
392.415,6344704000,4
392.474,6356058112,4
392.530,6368542720,4
392.588,6374899712,4
392.648,6387810304,4
392.705,6392594432,4
392.765,6396968960,4
392.821,6403145728,4
392.882,6411567104,4
392.938,6413647872,4
392.998,6418481152,4
393.055,6421544960,4
393.115,6432440320,4
393.175,6436274176,4
393.235,6442532864,4
393.296,6448119808,4
393.356,6455377920,4
393.416,6456852480,4
393.471,6460866560,4
393.532,6466273280,4
393.592,4862705664,4
393.646,4865785856,3
393.708,4871733248,4
393.763,4949327872,4
393.823,4988157952,4
393.883,5017272320,4
393.944,5043601408,4
394.004,5069946880,4
394.064,5094457344,4
394.125,5115494400,4
394.180,5132484608,4
394.240,5148246016,4
394.300,5166039040,4
394.360,5189107712,4
394.417,5204443136,4
394.477,5217959936,4
394.537,5228871680,4
394.597,5247254528,4
394.655,5262671872,4
394.715,5277368320,4
394.771,5292376064,4
394.831,5305237504,4
394.888,5317705728,4
394.947,5341577216,4
395.005,3656007680,4
395.064,3666837504,3
395.126,3678470144,4
395.186,3769204736,4
395.241,3808591872,4
395.301,4017291264,4
395.361,4291510272,4
395.420,2873360384,4
395.472,3118579712,3
395.534,3178135552,4
395.594,3299753984,4
395.655,3375693824,4
395.715,3451420672,4
395.775,3514859520,4
395.830,3566813184,4
395.890,3648389120,4
395.950,3688710144,4
396.005,3719888896,4
396.065,3758096384,4
396.125,3791994880,4
396.185,3823878144,4
396.246,3850354688,4
396.296,3868721152,4
396.356,3896836096,4
396.413,3922771968,4
396.473,3953278976,4
396.533,3989241856,4
396.588,2334097408,4
396.649,2357805056,3
396.711,2586263552,4
396.771,2940223488,4
396.831,3204743168,4
396.886,3444473856,4
396.946,3485827072,4
397.006,3539976192,4
397.067,3783983104,4
397.127,4064575488,4
397.187,4298866688,4
397.238,4584144896,4
397.294,4668637184,4
397.353,4725391360,4
397.405,4765220864,4
397.465,4820549632,4
397.521,4857561088,4
397.581,4894720000,4
397.638,4968333312,4
397.696,5018615808,4
397.756,5045764096,4
397.817,5064753152,4
397.871,5080760320,4
397.931,5095718912,4
397.992,5114920960,4
398.046,5130502144,4
398.106,5147213824,4
398.167,5164695552,4
398.221,5178589184,4
398.282,5195333632,4
398.338,5414092800,4
398.398,5680218112,4
398.458,5880643584,4
398.516,6137593856,4
398.577,4516708352,3
398.631,4543823872,4
398.688,4644962304,4
398.748,4720230400,4
398.805,4766679040,4
398.865,4822646784,4
398.925,4904255488,4
398.983,4941463552,4
399.043,4968677376,4
399.096,4986142720,4
399.156,5008195584,4
399.217,3410984960,4
399.272,3424862208,3
399.334,3441639424,4
399.388,3527507968,4
399.446,3575873536,4
399.505,2021031936,4
399.566,2064416768,3
399.627,2098954240,4
399.688,2176466944,4
399.746,2253471744,4
399.807,2307620864,4
399.863,2357755904,4
399.923,2405400576,4
399.983,2454323200,4
400.038,2491187200,4
400.098,2527330304,4
400.158,2669821952,4
400.219,2927067136,4
400.278,3236544512,4
400.330,3275735040,4
400.390,3557408768,4
400.450,3592454144,4
400.510,3635478528,4
400.563,3691659264,4
400.623,3736748032,4
400.683,3780460544,4
400.744,3846520832,4
400.804,3907796992,4
400.863,3934568448,4
400.923,4115808256,4
400.980,4329766912,4
401.040,4633559040,4
401.100,4876877824,4
401.160,4929503232,4
401.219,4999053312,4
401.280,5287624704,4
401.338,5640273920,4
401.396,5847465984,4
401.456,5991022592,4
401.516,6059999232,4
401.576,6103646208,4
401.636,6156189696,4
401.688,6192250880,4
401.748,6218498048,4
401.808,6273499136,4
401.869,6317129728,4
401.921,6333333504,4
401.980,6356418560,4
402.040,6371508224,4
402.096,6381109248,4
402.156,6393298944,4
402.211,6401376256,4
402.263,6408994816,4
402.323,6414286848,4
402.383,6419398656,4
402.440,6426869760,4
402.496,6434996224,4
402.556,6443499520,4
402.613,6451838976,4
402.673,6457180160,4
402.729,6462439424,4
402.790,6467698688,4
402.850,6485393408,4
402.910,6492356608,4
402.964,6498877440,4
403.021,6504202240,4
403.081,6506381312,4
403.142,6508068864,4
403.202,6513410048,4
403.262,6519308288,4
403.323,6522273792,4
403.383,6537248768,4
403.444,4906483712,3
403.498,4915347456,4
403.555,4993122304,4
403.615,5028724736,4
403.671,5052481536,4
403.731,5076844544,4
403.788,5096833024,4
403.848,5116608512,4
403.908,5141446656,4
403.963,5158420480,4
404.023,3540385792,4
404.081,3557244928,3
404.142,3605479424,4
404.204,1964392448,3
404.256,2001453056,4
404.313,2114600960,4
404.373,2182512640,4
404.432,2239922176,4
404.488,2295267328,4
404.548,2348974080,4
404.604,2394292224,4
404.665,2438283264,4
404.721,2478686208,4
404.781,2521006080,4
404.841,2559639552,4
404.901,2602385408,4
404.961,2634481664,4
405.021,2670493696,4
405.081,2705211392,4
405.142,2960277504,4
405.202,3283894272,4
405.262,3538173952,4
405.323,3727212544,4
405.382,3758686208,4
405.441,3799154688,4
405.501,3859382272,4
405.555,3897917440,4
405.615,3931586560,4
405.676,3998007296,4
405.736,4290822144,4
405.788,4675747840,4
405.848,5109514240,4
405.908,5613961216,4
405.963,5786910720,4
406.023,5932859392,4
406.079,4319821824,4
406.141,4369448960,3
406.200,4431020032,4
406.260,4559028224,4
406.320,4651581440,4
406.371,4732207104,4
406.424,4795891712,4
406.479,4830265344,4
406.540,4865916928,4
406.600,4898226176,4
406.660,4920655872,4
406.721,4942413824,4
406.781,4972740608,4
406.841,4992319488,4
406.895,5012127744,4
406.955,5031280640,4
407.015,5048762368,4
407.075,5068242944,4
407.129,5086691328,4
407.189,5108875264,4
407.249,5123276800,4
407.304,5135089664,4
407.363,5147295744,4
407.423,5161025536,4
407.479,5174214656,4
407.540,3586260992,4
407.597,3597123584,3
407.659,3612262400,4
407.719,3702980608,4
407.779,3744923648,4
407.840,3797368832,4
407.896,4072701952,4
407.956,4426743808,4
408.017,4640309248,4
408.077,4776837120,4
408.137,4812947456,4
408.198,4850319360,4
408.254,4908269568,4
408.315,4954013696,4
408.374,4977213440,4
408.432,5047205888,4
408.488,5084119040,4
408.548,5105352704,4
408.604,5131599872,4
408.665,5156585472,4
408.721,5176410112,4
408.781,5197070336,4
408.837,5218369536,4
408.898,5234999296,4
408.954,5255512064,4
409.015,5269782528,4
409.071,5281464320,4
409.131,5298110464,4
409.192,3673899008,4
409.253,3794026496,3
409.315,4036132864,4
409.375,4413308928,4
409.435,4641193984,4
409.494,4750884864,4
409.554,4798955520,4
409.615,4852285440,4
409.671,4922097664,4
409.729,3296411648,4
409.791,3332243456,3
409.852,3408166912,4
409.904,3514318848,4
409.964,3571367936,4
410.025,3615309824,4
410.085,3656040448,4
410.138,3684532224,4
410.198,3724869632,4
410.248,3761963008,4
410.304,3793436672,4
410.365,3826712576,4
410.425,3859709952,4
410.485,3884924928,4
410.538,3906306048,4
410.598,3933077504,4
410.654,3952427008,4
410.715,3976019968,4
410.771,3999989760,4
410.831,4026384384,4
410.888,4190896128,4
410.948,4427776000,4
411.008,4716576768,4
411.069,4942725120,4
411.121,5007736832,4
411.181,5036097536,4
411.241,5071863808,4
411.296,5120671744,4
411.356,5156093952,4
411.413,5322670080,4
411.473,5589991424,4
411.531,5893226496,4
411.588,6065831936,4
411.648,6186041344,4
411.708,6203834368,4
411.763,6227345408,4
411.823,6276186112,4
411.883,6300647424,4
411.938,6317490176,4
411.998,6379929600,4
412.058,6405373952,4
412.119,6414188544,4
412.179,6439714816,4
412.239,6451150848,4
412.300,6460178432,4
412.360,6468861952,4
412.413,6473875456,4
412.465,6481657856,4
412.526,6486048768,4
412.586,6490800128,4
412.638,6496059392,4
412.698,6498992128,4
412.758,6503710720,4
412.813,6506921984,4
412.873,6513459200,4
412.933,4872568832,4
412.990,4875599872,3
413.048,4879482880,4
413.104,4954832896,4
413.165,4990877696,4
413.225,5016715264,4
413.285,5040095232,4
413.338,5058920448,4
413.399,5080416256,4
413.454,5098602496,4
413.515,5118787584,4
413.575,5136007168,4
413.635,5152997376,4
413.695,5173215232,4
413.756,5184765952,4
413.816,5196906496,4
413.876,5209194496,4
413.936,5224120320,4
413.997,5238226944,4
414.054,5254643712,4
414.115,5269209088,4
414.175,5282037760,4
414.229,5294620672,4
414.289,3718742016,3
414.351,3729850368,4
414.404,3815538688,4
414.465,3865231360,4
414.521,3899457536,4
414.581,3932471296,4
414.642,3986358272,4
414.696,4243111936,4
414.756,4585684992,4
414.817,4805984256,4
414.877,4941529088,4
414.929,4971921408,4
414.990,5010358272,4
415.046,5064851456,4
415.104,5104795648,4
415.165,5126815744,4
415.225,5196611584,4
415.281,5232115712,4
415.338,5256675328,4
415.398,5283741696,4
415.451,5297471488,4
415.504,5310398464,4
415.556,5321670656,4
415.615,5339578368,4
415.675,5360091136,4
415.729,5373722624,4
415.790,5388353536,4
415.850,5400248320,4
415.904,5451857920,4
415.965,5713510400,4
416.025,6045581312,4
416.079,6206980096,4
416.140,6325026816,4
416.196,6345818112,4
416.256,6371753984,4
416.317,6424494080,4
416.377,6451412992,4
416.428,6465093632,4
416.479,6514786304,4
416.540,6562054144,4
416.599,6587301888,4
416.660,4923424768,4
416.721,4926291968,3
416.781,4932272128,4
416.841,5009801216,4
416.896,5043814400,4
416.956,5073108992,4
417.017,5100568576,4
417.071,5121884160,4
417.131,5146886144,4
417.188,5166448640,4
417.248,5181734912,4
417.307,5204295680,4
417.368,5227003904,4
417.421,5243043840,4
417.481,5269454848,4
417.538,3487711232,4
417.599,1918844928,3
417.661,1931476992,3
417.714,2021507072,4
417.775,2148990976,4
417.835,2222718976,4
417.895,2285289472,4
417.946,2331262976,4
418.006,2380759040,4
418.067,2427207680,4
418.127,2469527552,4
418.187,2512093184,4
418.247,2553266176,4
418.308,2597650432,4
418.363,2686664704,4
418.423,2961932288,4
418.482,3308765184,4
418.543,3503259648,4
418.603,3641917440,4
418.663,3684941824,4
418.723,3739025408,4
418.784,3796566016,4
418.838,3837345792,4
418.898,3881631744,4
418.958,3953410048,4
419.013,3989520384,4
419.073,4020830208,4
419.129,4049813504,4
419.190,4214095872,4
419.250,4703043584,4
419.310,3684548608,4
419.364,4021698560,3
419.426,4268965888,4
419.479,4373544960,4
419.540,4449927168,4
419.596,4557045760,4
419.656,4628791296,4
419.713,4674666496,4
419.773,4765024256,4
419.832,4875010048,4
419.888,4908515328,4
419.948,4941742080,4
420.008,4966711296,4
420.063,4994973696,4
420.123,5020663808,4
420.179,5036163072,4
420.240,5059821568,4
420.296,5077778432,4
420.356,5097357312,4
420.413,5117345792,4
420.463,5130387456,4
420.524,5149310976,4
420.579,5161189376,4
420.640,5178408960,4
420.696,5190680576,4
420.757,5202329600,4
420.817,5213782016,4
420.871,5227446272,4
420.931,3641360384,4
420.989,3658465280,3
421.050,3899637760,4
421.104,4250730496,4
421.165,4501504000,4
421.225,4710891520,4
421.285,4748853248,4
421.337,4789878784,4
421.398,4854530048,4
421.458,4896817152,4
421.518,4927127552,4
421.578,4993286144,4
421.639,3411804160,4
421.700,3435560960,3
421.756,3463397376,4
421.814,3557015552,4
421.875,3602595840,4
421.929,3639558144,4
421.990,3681484800,4
422.046,3713679360,4
422.106,3750952960,4
422.163,2149826560,4
422.224,2174353408,3
422.281,2203402240,4
422.343,713654272,3
422.404,762675200,4
422.464,890060800,4
422.524,967278592,4
422.584,1031995392,4
422.645,1270956032,4
422.696,1521565696,4
422.756,1825570816,4
422.811,2133032960,4
422.871,2178924544,4
422.929,2247606272,4
422.990,2321170432,4
423.050,2384887808,4
423.110,2433236992,4
423.163,2493284352,4
423.223,2579742720,4
423.274,2617278464,4
423.334,2663366656,4
423.394,2950152192,4
423.446,3252404224,4
423.506,3486957568,4
423.563,3669262336,4
423.623,3701850112,4
423.679,3745071104,4
423.738,3812098048,4
423.798,3855826944,4
423.858,4057726976,4
423.913,2768027648,4
423.972,3324313600,3
424.034,3907403776,4
424.088,4173332480,4
424.148,4373364736,4
424.208,4442669056,4
424.263,4519936000,4
424.315,4599300096,4
424.376,4657119232,4
424.436,4748886016,4
424.496,4825972736,4
424.557,4897292288,4
424.616,4932419584,4
424.676,4960043008,4
424.729,4976394240,4
424.786,4998283264,4
424.838,5014896640,4
424.898,5037375488,4
424.958,5067079680,4
425.018,3521347584,4
425.079,3537780736,3
425.140,3553935360,3
425.200,3568091136,3
425.260,3582525440,3
425.321,3595649024,3
425.381,3609264128,3
425.441,3624501248,3
425.501,3636445184,3
425.555,3648045056,3
425.615,3877388288,3
425.671,4135927808,3
425.731,4348280832,3
425.791,4572299264,3
425.851,4579901440,3
425.911,4605263872,3
425.971,4656201728,3
426.032,4678549504,3
426.088,4693884928,3
426.148,4739284992,3
426.207,4776656896,3
426.266,4785504256,3
426.324,4796284928,3
426.379,4802150400,3
426.440,4809261056,3
426.496,3161686016,3
426.557,3164684288,2
426.616,3175825408,4
426.674,3324510208,4
426.729,3382296576,4
426.790,3427155968,4
426.850,3480780800,4
426.910,3523215360,4
426.963,3557654528,4
427.023,3598073856,4
427.083,3631742976,4
427.143,3662381056,4
427.196,3690151936,4
427.256,3723591680,4
427.317,3770253312,4
427.374,2165293056,4
427.430,2183839744,3
427.492,2208153600,4
427.552,2310127616,4
427.604,2357788672,4
427.665,2407268352,4
427.725,2455896064,4
427.779,2492727296,4
427.834,2530328576,4
427.887,2565750784,4
427.948,2600386560,4
428.004,2636103680,4
428.065,2672721920,4
428.121,2707488768,4
428.181,2743861248,4
428.241,2836365312,4
428.296,3300081664,4
428.356,3972005888,4
428.411,4345085952,4
428.463,4677713920,4
428.523,4712906752,4
428.583,4773560320,4
428.644,4870995968,4
428.698,4918411264,4
428.758,4963483648,4
428.816,5046288384,4
428.871,5147607040,4
428.931,5180047360,4
428.988,5210685440,4
429.048,5234982912,4
429.108,5296029696,4
429.168,5566316544,4
429.229,5901959168,4
429.288,6084034560,4
429.338,6205210624,4
429.398,6225428480,4
429.454,6249054208,4
429.515,6296453120,4
429.575,6323716096,4
429.635,6342017024,4
429.690,6389923840,4
429.749,6432718848,4
429.807,6443581440,4
429.863,6454722560,4
429.923,6461128704,4
429.983,6467026944,4
430.038,6473285632,4
430.098,6479626240,4
430.153,6487932928,4
430.204,6491373568,4
430.265,6497484800,4
430.321,6502760448,4
430.381,6516621312,4
430.442,6519816192,4
430.502,6532251648,4
430.562,6541721600,4
430.622,6547243008,4
430.679,6552584192,4
430.740,6558367744,4
430.799,6571114496,4
430.854,6579994624,4
430.915,6584467456,4
430.971,6587105280,4
431.031,6592249856,4
431.091,6596083712,4
431.146,4981997568,4
431.207,3384311808,3
431.271,3389128704,3
431.323,3469475840,4
431.379,3578904576,4
431.440,3635396608,4
431.500,3685253120,4
431.560,3728064512,4
431.620,3769319424,4
431.681,3808165888,4
431.741,3839672320,4
431.796,3869310976,4
431.854,3899949056,4
431.915,3931455488,4
431.966,3955359744,4
432.021,3982442496,4
432.081,4004560896,4
432.142,4030988288,4
432.202,4058382336,4
432.254,4083630080,4
432.315,4113448960,4
432.371,4135780352,4
432.431,4157882368,4
432.491,4179771392,4
432.552,4201545728,4
432.612,4222926848,4
432.662,4241031168,4
432.723,4267147264,4
432.783,4287168512,4
432.838,4308008960,4
432.896,4744642560,4
432.956,5326127104,4
433.016,5745786880,4
433.074,6156533760,4
433.130,6175145984,4
433.190,6220939264,4
433.250,6301253632,4
433.310,6344687616,4
433.362,6377340928,4
433.416,6425264128,4
433.476,6527320064,4
433.536,6569672704,4
433.597,6585024512,4
433.654,6602833920,4
433.715,6612041728,4
433.772,6619086848,4
433.829,6633881600,4
433.889,6646530048,4
433.946,6651183104,4
434.006,6658146304,4
434.065,6663700480,4
434.121,6667304960,4
434.181,6677118976,4
434.241,6683754496,4
434.302,6688768000,4
434.362,6700089344,4
434.421,6705250304,4
434.481,6707838976,4
434.544,6713982976,4
434.600,6724321280,4
434.660,6737264640,4
434.713,5115854848,4
434.774,5120376832,3
434.829,5122965504,3
434.890,5124308992,3
434.946,5127143424,3
435.006,5131485184,3
435.066,5134483456,3
435.124,5135597568,3
435.182,5135695872,3
435.241,5138563072,3
435.299,5153980416,3
435.355,3533963264,2
435.417,3536175104,3
435.474,3615293440,3
435.529,3659939840,3
435.590,1940471808,3
435.651,1963966464,2
435.706,1982562304,3
435.766,2083536896,3
435.826,2132017152,3
435.879,2168848384,3
435.939,2207334400,3
436.000,2242674688,3
436.054,2272821248,3
436.114,2301886464,3
436.175,2332377088,3
436.229,2355249152,3
436.289,2382168064,3
436.350,2407399424,3
436.404,2436874240,3
436.464,2458697728,3
436.521,2478538752,3
436.581,2500018176,3
436.638,2519285760,3
436.696,2547056640,3
436.756,2577465344,3
436.816,777289728,3
436.872,795951104,2
436.933,817348608,4
436.988,979681280,4
437.048,1346224128,4
437.104,1744486400,4
437.163,1969356800,4
437.223,2129412096,4
437.279,2360573952,4
437.339,2658779136,4
437.400,2980888576,4
437.460,3280732160,4
437.520,3349086208,4
437.578,3458826240,4
437.638,3536748544,4
437.698,3602219008,4
437.757,3653730304,4
437.817,3710124032,4
437.871,3779821568,4
437.931,3826221056,4
437.988,3865182208,4
438.048,3900309504,4
438.104,3931701248,4
438.164,3956621312,4
438.225,3983622144,4
438.285,4007804928,4
438.337,4030496768,4
438.394,4052221952,4
438.455,4082974720,4
438.515,4106928128,4
438.575,4521820160,4
438.629,4998299648,4
438.690,5514592256,4
438.746,5841420288,4
438.806,5970575360,4
438.867,4388241408,4
438.922,4446535680,3
438.984,4511678464,4
439.044,4634542080,4
439.096,4705157120,4
439.156,4826578944,4
439.213,4901847040,4
439.273,4938874880,4
439.333,4970577920,4
439.388,4998201344,4
439.448,5020434432,4
439.504,5043306496,4
439.556,5060755456,4
439.613,5085675520,4
439.671,5104599040,4
439.731,5122244608,4
439.788,5139218432,4
439.848,5157453824,4
439.904,5170675712,4
439.964,5189058560,4
440.021,3587506176,4
440.082,3600596992,3
440.139,3611312128,4
440.191,3698720768,4
440.246,3741974528,4
440.306,3781459968,4
440.363,3813572608,4
440.423,3844341760,4
440.479,3876995072,4
440.539,3908485120,4
440.596,4176166912,4
440.656,4508139520,4
440.716,4729569280,4
440.776,4881907712,4
440.836,4911497216,4
440.897,4944183296,4
440.954,5000921088,4
441.014,5038637056,4
441.075,5066162176,4
441.131,5132484608,4
441.191,5171871744,4
441.252,5192597504,4
441.312,5220712448,4
441.372,5239078912,4
441.432,5262360576,4
441.488,5277679616,4
441.548,5290672128,4
441.608,5302517760,4
441.663,5314478080,4
441.723,5545574400,4
441.783,5835718656,4
441.843,6058819584,4
441.904,6231441408,4
441.964,6250692608,4
442.024,6283755520,4
442.084,6329794560,4
442.138,6351634432,4
442.198,6371311616,4
442.258,6419906560,4
442.313,6456311808,4
442.373,6472712192,4
442.433,6489915392,4
442.494,6497796096,4
442.554,6509543424,4
442.604,6512885760,4
442.664,6524190720,4
442.721,6527451136,4
442.781,6531137536,4
442.838,6537035776,4
442.898,6543818752,4
442.954,6547980288,4
443.014,6558515200,4
443.076,4948836352,3
443.138,4950704128,4
443.194,5040275456,4
443.254,3332276224,4
443.315,3361505280,3
443.377,3389030400,4
443.437,3497869312,4
443.498,3551690752,4
443.554,3593895936,4
443.615,3631185920,4
443.671,3664871424,4
443.731,3701030912,4
443.791,3730800640,4
443.844,3758047232,4
443.904,3790176256,4
443.964,3815473152,4
444.025,3842916352,4
444.085,3872194560,4
444.145,3899506688,4
444.196,3922706432,4
444.254,3950641152,4
444.314,3979345920,4
444.375,4005953536,4
444.429,4029628416,4
444.489,4056334336,4
444.550,4080418816,4
444.610,4102438912,4
444.662,4120444928,4
444.723,4143415296,4
444.779,4357259264,4
444.839,4624072704,4
444.900,5032542208,4
444.960,5573492736,4
445.013,4121821184,4
445.074,4401643520,3
445.133,2770501632,4
445.190,2900852736,3
445.251,2988851200,4
445.311,3149840384,4
445.363,3269296128,4
445.421,3351019520,4
445.481,3460956160,4
445.540,3526131712,4
445.601,3577249792,4
445.654,3613278208,4
445.714,3654418432,4
445.771,3696115712,4
445.831,3730472960,4
445.891,3759652864,4
445.946,3794370560,4
446.006,3820175360,4
446.062,3845586944,4
446.123,3870965760,4
446.183,3898458112,4
446.243,3925901312,4
446.304,3954475008,4
446.364,3977641984,4
446.424,3999858688,4
446.484,4020912128,4
446.544,4045635584,4
446.604,4066131968,4
446.665,4090183680,4
446.721,4303978496,4
446.773,4685725696,4
446.833,5203460096,4
446.887,5587402752,4
446.948,5943410688,4
447.008,5990825984,4
447.068,6038765568,4
447.129,6110756864,4
447.179,6159564800,4
447.239,6194921472,4
447.300,6272106496,4
447.360,6353584128,4
447.420,6384140288,4
447.481,6408978432,4
447.541,6421200896,4
447.601,6426312704,4
447.661,6432997376,4
447.722,6435520512,4
447.782,6440271872,4
447.842,6444613632,4
447.903,6450446336,4
447.963,6458179584,4
448.021,6469140480,4
448.081,6476709888,4
448.141,6480510976,4
448.196,6487146496,4
448.256,6495191040,4
448.312,6517276672,4
448.373,4846518272,4
448.430,4849238016,3
448.492,4853186560,4
448.546,4932927488,4
448.606,4972249088,4
448.666,5001773056,4
448.721,5026611200,4
448.781,5049171968,4
448.838,5071945728,4
448.898,5091901440,4
448.954,5108957184,4
449.014,5127782400,4
449.075,5149360128,4
449.132,5173673984,4
449.187,5184536576,4
449.248,5197217792,4
449.304,5209767936,4
449.357,5221793792,4
449.418,5235769344,4
449.471,5256069120,4
449.531,5276483584,4
449.591,5291425792,4
449.646,5302943744,4
449.706,5312561152,4
449.762,5324980224,4
449.823,3680878592,4
449.884,3691118592,3
449.939,3702128640,4
449.996,3790356480,4
450.054,3833020416,4
450.115,2243133440,4
450.176,2511175680,3
450.232,2834644992,4
450.293,3139764224,4
450.346,3379986432,4
450.406,3427352576,4
450.462,3487891456,4
450.523,3555655680,4
450.579,3616587776,4
450.639,3668213760,4
450.695,3721658368,4
450.756,3796271104,4
450.812,3843424256,4
450.873,3876995072,4
450.929,3913121792,4
450.989,3943317504,4
451.040,3964665856,4
451.100,3990175744,4
451.154,4010196992,4
451.214,4038279168,4
451.274,4061577216,4
451.334,4082286592,4
451.394,4107026432,4
451.455,4130455552,4
451.515,4155047936,4
451.575,4340301824,4
451.635,4567842816,4
451.687,4855545856,4
451.748,5115068416,4
451.808,5461721088,4
451.862,5784911872,4
451.923,5988106240,4
451.979,6148210688,4
452.039,6188269568,4
452.099,6221807616,4
452.157,6312067072,4
452.215,6368395264,4
452.276,6391480320,4
452.336,6450937856,4
452.388,6488080384,4
452.448,6504267776,4
452.504,6518374400,4
452.564,6528172032,4
452.625,6536937472,4
452.677,4933550080,4
452.739,4945526784,3
452.801,4955226112,4
452.861,5040898048,4
452.921,5075877888,4
452.981,5102059520,4
453.037,5123194880,4
453.098,3572531200,4
453.155,3590209536,3
453.217,3609018368,4
453.274,3700736000,4
453.329,3747004416,4
453.389,2136719360,4
453.451,2174615552,3
453.506,2206187520,4
453.563,2311438336,4
453.623,2374336512,4
453.679,2424717312,4
453.739,2480406528,4
453.796,2529116160,4
453.856,817643520,4
453.913,858046464,3
453.975,897433600,4
454.035,1016463360,4
454.095,1083817984,4
454.152,1146372096,4
454.204,1200422912,4
454.264,1252999168,4
454.321,1300873216,4
454.381,1536770048,4
454.437,1820508160,4
454.498,2095628288,4
454.558,2363539456,4
454.618,2409627648,4
454.678,2463531008,4
454.731,2527133696,4
454.788,2793062400,4
454.848,3108847616,4
454.904,3353247744,4
454.964,3674947584,4
455.021,3708436480,4
455.081,3945201664,4
455.141,4223926272,4
455.196,4505239552,4
455.256,4722606080,4
455.313,4833067008,4
455.373,4893343744,4
455.434,4966055936,4
455.494,5033000960,4
455.554,5206130688,4
455.614,5449400320,4
455.671,5802950656,4
455.731,6017630208,4
455.791,6151208960,4
455.846,6183731200,4
455.906,6218825728,4
455.962,6267486208,4
456.023,6292176896,4
456.083,4720672768,4
456.141,4767334400,3
456.203,4811554816,4
456.262,4901847040,4
456.321,4947525632,4
456.381,4979032064,4
456.439,5010145280,4
456.499,5044092928,4
456.560,5070274560,4
456.620,5089378304,4
456.680,5112250368,4
456.737,5130846208,4
456.798,5146673152,4
456.858,5182767104,4
456.913,3546873856,3
456.971,3561144320,4
457.031,3655254016,4
457.087,3695722496,4
457.144,3735207936,4
457.196,3765452800,4
457.256,3799793664,4
457.316,3837804544,4
457.377,3873701888,4
457.437,3912400896,4
457.497,2269249536,3
457.558,2296184832,4
457.619,2400944128,4
457.679,814022656,4
457.740,861863936,3
457.802,906788864,4
457.862,1247166464,4
457.923,1637072896,4
457.983,1934049280,4
458.037,2129444864,4
458.098,2184151040,4
458.154,2247426048,4
458.214,2330869760,4
458.271,2392195072,4
458.331,2442428416,4
458.391,2527297536,4
458.452,2596782080,4
458.512,2639872000,4
458.572,2884206592,4
458.629,3161358336,4
458.689,3404857344,4
458.750,3699425280,4
458.810,3724820480,4
458.870,3770204160,4
458.927,3823763456,4
458.988,3875127296,4
459.048,3916038144,4
459.108,4071768064,4
459.165,4331454464,4
459.226,4686577664,4
459.279,4857315328,4
459.339,5078532096,4
459.400,5342248960,4
459.454,5661474816,4
459.514,5896355840,4
459.575,6084902912,4
459.629,6110887936,4
459.685,6162235392,4
459.746,4629217280,4
459.807,4669456384,3
459.869,4700504064,4
459.921,3186327552,4
459.982,3275243520,3
460.044,3323740160,4
460.104,3442737152,4
460.165,3500015616,4
460.221,3549069312,4
460.281,3592896512,4
460.341,3634020352,4
460.396,3668295680,4
460.456,3708600320,4
460.516,3745759232,4
460.577,3776954368,4
460.637,3809443840,4
460.694,3837165568,4
460.755,3860463616,4
460.815,3890806784,4
460.871,3914924032,4
460.931,3943989248,4
460.991,2335424512,4
461.052,2359181312,3
461.114,2384609280,4
461.173,2486239232,4
461.234,2540388352,4
461.287,2584231936,4
461.339,2621751296,4
461.400,2774548480,4
461.460,3034169344,4
461.512,3342663680,4
461.573,3533209600,4
461.633,3888070656,4
461.687,4170645504,4
461.748,4395073536,4
461.804,3050061824,4
461.865,3111960576,3
461.922,3157835776,4
461.983,3324641280,4
462.043,3429924864,4
462.103,3498639360,4
462.164,3567878144,4
462.224,3654713344,4
462.279,3701784576,4
462.339,3737567232,4
462.396,3771351040,4
462.456,3803086848,4
462.512,3830595584,4
462.573,3860267008,4
462.629,3892330496,4
462.689,4058841088,4
462.746,4275699712,4
462.806,4593319936,4
462.866,4808507392,4
462.927,4902584320,4
462.979,4930945024,4
463.039,4971937792,4
463.097,3424256000,3
463.159,3462742016,4
463.212,3559211008,4
463.273,3668180992,4
463.333,3731357696,4
463.393,3775692800,4
463.445,3811098624,4
463.505,3919675392,4
463.562,4168941568,4
463.623,4512464896,4
463.679,3141844992,4
463.740,1637777408,3
463.798,1663188992,3
463.856,1778450432,4
463.916,1940357120,4
463.976,2034073600,4
464.037,2112028672,4
464.087,2201714688,4
464.148,2293334016,4
464.204,2346139648,4
464.262,2396471296,4
464.323,2448621568,4
464.379,2489057280,4
464.439,2536210432,4
464.500,2573746176,4
464.556,2603876352,4
464.612,2635825152,4
464.673,2671116288,4
464.733,2888728576,4
464.787,3121020928,4
464.847,3428679680,4
464.907,3671326720,4
464.965,3747463168,4
465.024,3790110720,4
465.084,3841785856,4
465.144,3899916288,4
465.196,3939844096,4
465.248,3969302528,4
465.308,4126556160,4
465.362,4364812288,4
465.423,4905762816,4
465.483,5354913792,4
465.543,5693390848,4
465.594,5872631808,4
465.655,6012076032,4
465.715,6075858944,4
465.771,6118752256,4
465.827,6178816000,4
465.888,6242992128,4
465.948,6298910720,4
466.008,6368460800,4
466.069,6404276224,4
466.121,6415761408,4
466.181,6430048256,4
466.237,6446792704,4
466.297,6459719680,4
466.357,6474547200,4
466.418,6482149376,4
466.478,6486982656,4
466.538,6492209152,4
466.599,4879613952,4
466.655,4888576000,3
466.717,4892966912,4
466.777,4974149632,4
466.829,5006475264,4
466.889,5041225728,4
466.950,5070290944,4
467.010,5095276544,4
467.062,5116805120,4
467.123,5138710528,4
467.179,5156028416,4
467.239,5173411840,4
467.296,5192613888,4
467.356,5210734592,4
467.412,5230755840,4
467.473,5244911616,4
467.533,5261180928,4
467.593,5279219712,4
467.646,5294948352,4
467.706,5315133440,4
467.763,5329240064,4
467.824,5343969280,4
467.884,5357158400,4
467.937,5367382016,4
467.998,5382586368,4
468.058,5397364736,4
468.112,5407965184,4
468.173,5418008576,4
468.233,5430902784,4
468.293,5442158592,4
468.354,5525929984,4
468.414,5765267456,4
468.474,6105317376,4
468.529,6266126336,4
468.589,6403358720,4
468.650,6418382848,4
468.710,6442598400,4
468.765,6485704704,4
468.826,6511443968,4
468.879,6529105920,4
468.939,6571016192,4
469.000,6621331456,4
469.054,6634455040,4
469.109,6645481472,4
469.169,6652133376,4
469.229,6656016384,4
469.289,6668697600,4
469.350,6677086208,4
469.410,6685392896,4
469.462,6687670272,4
469.523,6697074688,4
469.583,6701023232,4
469.643,6707494912,4
469.702,6712180736,4
469.763,6718242816,4
469.823,6729203712,4
469.877,6733479936,4
469.937,6737346560,4
469.998,6755549184,4
470.058,6768771072,4
470.118,6789971968,4
470.183,5106384896,3
470.242,5108154368,4
470.302,5193957376,4
470.354,5223268352,4
470.414,5249843200,4
470.474,5272813568,4
470.529,5292523520,4
470.589,5312135168,4
470.649,5332205568,4
470.708,5347000320,4
470.762,5362810880,4
470.823,5381636096,4
470.879,5395873792,4
470.939,5409619968,4
471.000,5430886400,4
471.060,3713843200,4
471.114,3724099584,3
471.175,3736764416,4
471.236,3828318208,4
471.294,3878420480,4
471.354,3920805888,4
471.414,3954393088,4
471.471,3983245312,4
471.531,4014931968,4
471.587,4045815808,4
471.648,4079009792,4
471.708,4105977856,4
471.762,4130013184,4
471.823,4156735488,4
471.879,4394549248,4
471.939,4694802432,4
472.000,4908269568,4
472.060,5117968384,4
472.112,5145149440,4
472.173,3483222016,4
472.234,3534700544,3
472.289,3568189440,4
472.346,3671359488,4
472.406,3745579008,4
472.465,3826466816,4
472.521,3866902528,4
472.579,3906076672,4
472.636,3938910208,4
472.696,3971694592,4
472.756,4011737088,4
472.814,2715549696,3
472.872,3055812608,4
472.933,3354460160,4
472.990,3510337536,4
473.050,3562815488,4
473.111,3619405824,4
473.162,3685187584,4
473.215,3736813568,4
473.274,3784441856,4
473.334,3865411584,4
473.388,3938320384,4
473.448,2164834304,4
473.508,2201763840,3
473.564,2227945472,4
473.624,2331492352,4
473.685,2387558400,4
473.744,2439577600,4
473.804,2487697408,4
473.864,2531786752,4
473.921,2784215040,4
473.981,3102244864,4
474.037,3304849408,4
474.098,3588227072,4
474.157,3618570240,4
474.212,3669753856,4
474.273,3732439040,4
474.333,3785310208,4
474.387,3824140288,4
474.448,4024205312,4
474.508,4304764928,4
474.562,4624646144,4
474.623,4812259328,4
474.682,4935352320,4
474.740,4965629952,4
474.799,5002805248,4
474.859,5051924480,4
474.919,5097455616,4
474.980,3507339264,3
475.042,3576676352,4
475.103,3688923136,4
475.154,3847995392,4
475.214,4107223040,4
475.274,4457185280,4
475.331,4647813120,4
475.391,4786978816,4
475.449,4826890240,4
475.504,4861739008,4
475.564,4919148544,4
475.621,4955832320,4
475.681,4987699200,4
475.737,5018468352,4
475.796,5078499328,4
475.856,5108826112,4
475.916,5129043968,4
475.977,3524657152,4
476.038,3552395264,3
476.100,3570745344,4
476.160,3669082112,4
476.221,3713613824,4
476.281,3751493632,4
476.337,3784687616,4
476.398,3818274816,4
476.458,3850371072,4
476.512,3874504704,4
476.573,3898359808,4
476.633,4118790144,4
476.687,4341841920,4
476.748,4590338048,4
476.804,4848828416,4
476.864,4888330240,4
476.924,4928782336,4
476.979,4969431040,4
477.039,5014323200,4
477.099,5048205312,4
477.160,5090115584,4
477.212,5139578880,4
477.273,5172789248,4
477.333,5194498048,4
477.393,5212815360,4
477.453,5226790912,4
477.513,5239308288,4
477.574,5253267456,4
477.634,5265604608,4
477.694,5276352512,4
477.755,5537300480,4
477.815,5853249536,4
477.871,6039535616,4
477.931,6236258304,4
477.991,6248349696,4
478.046,6273810432,4
478.104,4733337600,4
478.165,4755488768,3
478.223,4775690240,4
478.283,4890148864,4
478.343,4969496576,4
478.404,5008424960,4
478.464,5039013888,4
478.521,5059526656,4
478.579,5080465408,4
478.639,5100830720,4
478.695,5120622592,4
478.756,5138464768,4
478.811,5156241408,4
478.871,5173526528,4
478.931,5187551232,4
478.987,5204951040,4
479.048,5225480192,4
479.104,5240782848,4
479.164,5255397376,4
479.221,5275189248,4
479.281,5289705472,4
479.341,5306007552,4
479.392,5314396160,4
479.452,5324013568,4
479.512,5336481792,4
479.572,5348212736,4
479.629,5357797376,4
479.689,5367349248,4
479.746,5376458752,4
479.806,5579145216,4
479.866,5831360512,4
479.927,6038847488,4
479.987,6298337280,4
480.047,6309232640,4
480.104,6332776448,4
480.164,6373769216,4
480.225,6400802816,4
480.285,6422364160,4
480.345,6460604416,4
480.404,6507544576,4
480.464,6518800384,4
480.525,6530170880,4
480.581,6537478144,4
480.637,6541246464,4
480.698,6552829952,4
480.759,6558580736,4
480.814,6565789696,4
480.874,6568558592,4
480.934,6570655744,4
480.994,6577094656,4
481.055,6579421184,4
481.115,6581960704,4
481.174,6589054976,4
481.232,6597246976,4
481.287,6599081984,4
481.348,6602194944,4
481.408,6606880768,4
481.466,5012750336,3
481.525,5016223744,4
481.579,5093081088,4
481.639,5129977856,4
481.699,5159927808,4
481.760,5183422464,4
481.812,5200969728,4
481.872,5220646912,4
481.929,5243617280,4
481.989,5260247040,4
482.049,5276221440,4
482.107,5297111040,4
482.165,5310398464,4
482.224,5324308480,4
482.284,5344919552,4
482.344,5358272512,4
482.404,5369298944,4
482.463,5380554752,4
482.524,5395955712,4
482.584,5408161792,4
482.637,5419139072,4
482.697,5429051392,4
482.754,5438996480,4
482.814,5451743232,4
482.871,5472550912,4
482.931,3714875392,4
482.992,3733471232,3
483.047,3742990336,4
483.108,3833888768,4
483.163,4110008320,4
483.221,4423778304,4
483.281,4659937280,4
483.338,4843716608,4
483.392,4870176768,4
483.452,4910874624,4
483.512,4967284736,4
483.572,5006196736,4
483.629,5035786240,4
483.689,5090934784,4
483.749,5147967488,4
483.810,5168562176,4
483.862,5189025792,4
483.922,5208227840,4
483.978,5224431616,4
484.038,5244469248,4
484.096,5259345920,4
484.156,5272109056,4
484.216,5287247872,4
484.276,5303795712,4
484.331,5313740800,4
484.391,5328568320,4
484.451,5342199808,4
484.504,5358632960,4
484.564,5370822656,4
484.621,5385666560,4
484.681,5615550464,4
484.737,5873532928,4
484.795,4476796928,4
484.847,4682924032,3
484.909,4758290432,4
484.969,4864524288,4
485.021,4918886400,4
485.081,4989026304,4
485.141,5042143232,4
485.201,5085691904,4
485.262,5160517632,4
485.312,5192237056,4
485.372,5215223808,4
485.433,5241929728,4
485.487,5262114816,4
485.547,5283872768,4
485.608,5305237504,4
485.662,5318279168,4
485.722,5330337792,4
485.783,5343707136,4
485.837,5355028480,4
485.897,5375606784,4
485.954,5389762560,4
486.014,5410635776,4
486.074,5426937856,4
486.129,5446172672,4
486.189,3796893696,4
486.247,3808100352,3
486.308,3821453312,4
486.369,3916562432,4
486.429,3965403136,4
486.489,4261134336,4
486.540,4556292096,4
486.596,4754784256,4
486.654,4956487680,4
486.714,4982112256,4
486.771,5018992640,4
486.831,5076058112,4
486.891,5113151488,4
486.951,5149687808,4
487.012,3560013824,4
487.064,3603316736,3
487.126,3625205760,4
487.179,3714613248,4
487.239,3760947200,4
487.298,3805528064,4
487.357,3845734400,4
487.412,3876880384,4
487.472,3907584000,4
487.532,3940253696,4
487.592,3964436480,4
487.645,3986669568,4
487.706,2435891200,4
487.762,2458140672,3
487.824,2483044352,4
487.885,2590375936,4
487.945,2762407936,4
487.996,2985541632,4
488.056,1557069824,4
488.117,1782857728,3
488.179,1927380992,4
488.239,2052341760,4
488.296,2130919424,4
488.356,2220507136,4
488.416,2293071872,4
488.466,2338947072,4
488.520,2431959040,4
488.582,2500558848,4
488.640,2525724672,4
488.695,2566520832,4
488.756,2847490048,4
488.812,3182198784,4
488.872,3436625920,4
488.929,3593011200,4
488.989,3635527680,4
489.048,3682156544,4
489.108,3752181760,4
489.168,3803152384,4
489.229,3837476864,4
489.289,3914121216,4
489.345,3957506048,4
489.406,4082384896,4
489.466,4329750528,4
489.522,4653088768,4
489.583,4851580928,4
489.637,4987011072,4
489.698,5013684224,4
489.754,5046403072,4
489.814,3771400192,4
489.877,4123967488,3
489.939,4366827520,4
489.998,4631887872,4
490.058,4709072896,4
490.118,4766056448,4
490.171,4836655104,4
490.231,4880023552,4
490.291,4921688064,4
490.351,4981358592,4
490.412,5042257920,4
490.471,5073829888,4
490.531,5105598464,4
490.591,5127667712,4
490.645,5155422208,4
490.706,5171658752,4
490.762,5198086144,4
490.823,3557752832,3
490.879,3570548736,3
490.937,3590160384,3
490.997,3606413312,3
491.054,3619110912,3
491.114,3632889856,3
491.171,3643097088,3
491.231,3657056256,3
491.287,3673227264,3
491.347,3689201664,3
491.404,3701456896,3
491.464,3716071424,3
491.524,3967893504,3
491.585,4286857216,3
491.645,4503175168,3
491.695,4650319872,3
491.756,4661919744,3
491.816,4686888960,3
491.876,4729438208,3
491.936,4753358848,3
491.997,4772495360,3
492.054,4815880192,3
492.114,4861394944,3
492.171,4874895360,3
492.231,4886167552,3
492.291,4895965184,3
492.351,4905664512,3
492.412,4916346880,3
492.470,4920983552,3
492.531,4926291968,3
492.591,4929847296,3
492.645,4935303168,3
492.706,4949852160,3
492.762,3285811200,3
492.824,1697333248,1
492.881,1699758080,2
492.937,1778499584,2
492.994,1811005440,2
493.054,1837842432,2
493.114,1861484544,2
493.174,1882669056,2
493.229,1902100480,2
493.289,1921269760,2
493.349,1936343040,2
493.404,1950842880,2
493.464,1967849472,2
493.520,1982234624,2
493.581,1996259328,2
493.637,2012479488,2
493.694,2022178816,2
493.754,2033483776,2
493.810,2045771776,2
493.862,2059583488,2
493.919,2073214976,2
493.979,2086141952,2
494.039,2096807936,2
494.098,2107785216,2
494.159,2118172672,2
494.212,2128281600,2
494.270,2140356608,2
494.329,2151776256,2
494.385,2164490240,2
494.446,2181627904,2
494.503,2232893440,2
494.554,2445361152,2
494.604,2706767872,2
494.665,2903670784,2
494.719,3137273856,2
494.771,3137273856,2
494.824,3156639744,2
494.880,3180478464,2
494.937,3218718720,2
494.996,3241017344,2
495.052,3251388416,2
495.112,3308830720,2
495.172,3331407872,2
495.229,3338567680,2
495.287,3352739840,2
495.337,3356295168,2
495.389,3358097408,2
495.449,3364585472,2
495.502,3368599552,2
495.554,3372941312,2
495.612,1621868544,2
495.672,1623195648,1
495.734,1624834048,2
495.787,1702576128,2
495.845,1738702848,2
495.896,1764884480,2
495.947,1787428864,2
495.997,1803878400,2
496.054,1823326208,2
496.111,1841250304,2
496.171,1857961984,2
496.231,1876639744,2
496.285,1891074048,2
496.338,1904148480,2
496.394,1917550592,2
496.454,1930346496,2
496.513,1948762112,2
496.572,1960755200,2
496.633,1977876480,2
496.687,1990819840,2
496.745,2004074496,2
496.802,2015739904,2
496.862,2028666880,2
496.920,2042118144,2
496.981,2054012928,2
497.038,2064809984,2
497.096,2075131904,2
497.156,2086191104,2
497.216,2096332800,2
497.276,2106900480,2
497.332,2317828096,2
497.392,2579726336,2
497.453,2789163008,2
497.510,3039412224,2
497.571,3066593280,2
497.629,3087843328,2
497.687,3117203456,2
497.745,3151839232,2
497.796,3177431040,2
497.854,3189735424,2
497.912,3249815552,2
497.970,3270377472,2
498.027,3277488128,2
498.079,3287810048,2
498.129,3292200960,2
498.187,3296051200,2
498.239,3299065856,2
498.300,3301244928,2
498.354,3308322816,2
498.412,3319234560,2
498.473,1626112000,2
498.534,1627619328,1
498.587,1628749824,1
498.645,1629880320,1
498.706,1630289920,1
498.762,1631633408,1
498.818,1633075200,1
498.871,1634467840,1
498.929,1635696640,1
498.985,1637040128,1
499.046,1637662720,1
499.106,1641824256,1
499.166,1647198208,1
499.226,1647312896,1
499.280,1647411200,1
499.337,1647411200,1
499.397,1647722496,1
499.457,0,1
499.513,0,0
499.576,442368,1
499.629,66453504,1
499.687,102891520,1
499.744,125845504,1
499.795,147734528,1
499.856,168280064,1
499.916,188121088,1
499.976,206372864,1
500.029,219267072,1
500.089,234831872,1
500.145,249397248,1
500.204,267780096,1
500.264,278315008,1
500.320,288129024,1
500.381,300417024,1
500.437,311394304,1
500.494,326696960,1
500.545,336478208,1
500.604,348798976,1
500.664,361185280,1
500.724,370999296,1
500.784,381272064,1
500.836,390152192,1
500.896,400097280,1
500.957,410140672,1
501.017,420855808,1
501.077,431587328,1
501.129,439631872,1
501.187,685359104,1
501.247,1039417344,1
501.308,1271742464,1
501.368,1392951296,1
501.427,1406599168,1
501.485,1427767296,1
501.546,1469022208,1
501.606,1493549056,1
501.666,1505083392,1
501.726,1568669696,1
501.787,1588101120,1
501.844,1597652992,1
501.895,1600929792,1
501.954,1604993024,1
502.005,1607008256,1
502.061,1611628544,1
502.119,1614200832,1
502.179,1615904768,1
502.237,1617739776,1
502.295,1625128960,1
502.353,1629274112,1
502.410,1635762176,1
502.469,1638563840,1
502.527,1642004480,1
502.587,1645101056,1
502.645,1647935488,1
502.706,1648443392,1
502.762,1650442240,1
502.819,1651261440,1
502.879,1654210560,1
502.933,1656340480,1
502.987,1658552320,1
503.044,1660190720,1
503.096,1662631936,1
503.154,1663729664,1
503.212,1666220032,1
503.269,1670905856,1
503.327,1675575296,1
503.379,1675608064,1
503.437,1677246464,1
503.495,1677262848,1
503.554,1677279232,1
503.614,1677279232,1
503.674,1677279232,1
503.728,1677312000,1
503.779,1679605760,1
503.829,1679638528,1
503.889,1681031168,1
503.949,1683374080,1
504.005,1685422080,1
504.065,1688436736,1
504.126,1689616384,1
504.186,1691648000,1
504.237,1693810688,1
504.297,1695842304,1
504.357,1696415744,1
504.412,1697185792,1
504.471,1698447360,1
504.529,1700102144,1
504.586,1702510592,1
504.637,1703182336,1
504.695,1705377792,1
504.755,1707802624,1
504.812,1709244416,1
504.870,1710407680,1
504.927,1713029120,1
504.979,1715257344,1
505.037,1717796864,1
505.097,1719042048,1
505.148,1720532992,1
505.204,1725988864,1
505.262,1727709184,1
505.321,1727774720,1
505.377,1727774720,1
505.437,1727791104,1
505.497,1727791104,1
505.556,1727840256,1
505.615,1727840256,1
505.670,1727840256,1
505.727,1727840256,1
505.785,1727938560,1
505.838,1727938560,1
505.895,1729232896,1
505.956,1731346432,1
506.016,1734426624,1
506.076,1736048640,1
506.135,1738391552,1
506.187,1740357632,1
506.244,1743765504,1
506.295,1746731008,1
506.356,1750040576,1
506.416,1751482368,1
506.470,1753300992,1
506.529,1753530368,1
506.586,1753759744,1
506.644,1755316224,1
506.704,1758035968,1
506.760,1759805440,1
506.814,1761804288,1
506.870,1763835904,1
506.929,1765408768,1
506.989,1768701952,1
507.045,1770274816,1
507.104,1771618304,1
507.162,1773387776,1
507.220,1774829568,1
507.281,1776369664,1
507.337,1777532928,1
507.394,1778188288,1
507.454,1780006912,1
507.514,1781301248,1
507.575,1783808000,1
507.629,1785528320,1
507.685,1789231104,1
507.745,1790197760,1
507.804,1792196608,1
507.864,1798946816,1
507.920,1803354112,1
507.979,1804320768,1
508.034,1804369920,1
508.095,1804779520,1
508.155,1804779520,1
508.215,1804795904,1
508.270,1804812288,1
508.331,1804812288,1
508.391,1804812288,1
508.451,1804812288,1
508.511,1804828672,1
508.571,1804828672,1
508.629,1804845056,1
508.687,1804943360,1
508.747,1805041664,1
508.804,1805041664,1
508.864,1805041664,1
508.924,1805271040,1
508.984,1805697024,1
509.037,1805697024,1
509.095,1805910016,1
509.148,1805910016,1
509.204,1807794176,1
509.260,1808252928,1
509.320,1808531456,1
509.381,1811152896,1
509.437,1811562496,1
509.495,1811562496,1
509.553,1811578880,1
509.604,1811677184,1
509.656,1812299776,1
509.715,1812725760,1
509.767,1813315584,1
509.827,1814315008,1
509.887,1814904832,1
509.948,1817837568,1
510.008,1821327360,1
510.061,1821671424,1
510.120,1824784384,1
510.179,1827848192,1
510.237,1829863424,1
510.295,1831223296,1
510.356,1831403520,1
510.407,1831436288,1
510.464,1831452672,1
510.523,1832550400,1
510.584,1835139072,1
510.644,1838202880,1
510.695,1839562752,1
510.749,1839628288,1
510.804,1840234496,1
510.862,1840693248,1
510.922,1841676288,1
510.982,1842511872,1
511.037,1843363840,1
511.089,1848066048,1
511.145,1848934400,1
511.206,1848999936,1
511.262,1848999936,1
511.318,1849442304,1
511.370,1852817408,1
511.421,1853472768,1
511.481,1853833216,1
511.542,1855275008,1
511.595,1858060288,1
511.654,1860485120,1
511.710,1865056256,1
511.770,1865449472,1
511.827,1866727424,1
511.879,1867300864,1
511.937,1869692928,1
511.994,1869791232,1
512.045,1870594048,1
512.102,1871675392,1
512.162,1873756160,1
512.220,1873887232,1
512.277,1874821120,1
512.329,1876508672,1
512.389,1877573632,1
512.445,1880309760,1
512.503,1881260032,1
512.562,1882144768,1
512.622,1883406336,1
512.678,1883471872,1
512.735,1883488256,1
512.794,1883668480,1
512.844,1884110848,1
512.895,1885192192,1
512.956,1888698368,1
513.016,1889206272,1
513.076,1890222080,1
513.129,1891926016,1
513.187,1894678528,1
513.245,1896906752,1
513.305,1899069440,1
513.366,1901084672,1
513.420,1901494272,1
513.480,1902084096,1
513.537,1903509504,1
513.594,1905147904,1
513.644,1906327552,1
513.704,1907326976,1
513.761,1909145600,1
513.819,1912291328,1
513.870,1914011648,1
513.928,1914912768,1
513.988,1916993536,1
514.045,1917927424,1
514.106,1919385600,1
514.166,1921581056,1
514.226,1924759552,1
514.279,1926479872,1
514.337,1929969664,1
514.394,1930149888,1
514.454,1930182656,1
514.512,1930182656,1
514.569,1930592256,1
514.620,1932673024,1
514.677,1934032896,1
514.737,1934753792,1
514.795,1934966784,1
514.854,1935310848,1
514.912,1938784256,1
514.972,1939193856,1
515.027,1939193856,1
515.087,1939374080,1
515.147,1942388736,1
515.207,1946353664,1
515.267,1947615232,1
515.320,1947680768,1
515.379,1949335552,1
515.435,1953333248,1
515.495,1953447936,1
515.552,1954234368,1
515.612,1957756928,1
515.673,1957888000,1
515.729,1958084608,1
515.787,1958100992,1
515.847,1958592512,1
515.904,1958985728,1
515.962,1959231488,1
516.022,1960427520,1
516.082,1960607744,1
516.143,1961000960,1
516.195,1961754624,1
516.245,1965047808,1
516.303,1965211648,1
516.363,1966243840,1
516.423,1968701440,1
516.479,1969192960,1
516.535,1969274880,1
516.595,1972191232,1
516.656,1976139776,1
516.715,1979056128,1
516.773,1980612608,1
516.833,1981775872,1
516.894,1983528960,1
516.944,1985167360,1
517.002,1986592768,1
517.054,1988608000,1
517.114,1988788224,1
517.170,1989656576,1
517.227,1992589312,1
517.285,1995145216,1
517.337,1996767232,1
517.390,1997012992,1
517.450,1998471168,1
517.510,1999405056,1
517.570,2001207296,1
517.631,2002157568,1
517.691,2004631552,1
517.748,2005516288,1
517.808,2007302144,1
517.869,2013315072,1
517.920,2014330880,1
517.972,2014330880,1
518.032,2014347264,1
518.087,2014347264,1
518.145,2014363648,1
518.197,2014363648,1
518.252,2014429184,1
518.306,2014429184,1
518.366,2014609408,1
518.426,2014855168,1
518.486,2015838208,1
518.537,2016018432,1
518.597,2016100352,1
518.657,2018295808,1
518.717,2020540416,1
518.770,2022506496,1
518.831,2024325120,1
518.891,2027634688,1
518.951,2030452736,1
519.011,2032664576,1
519.064,2034499584,1
519.120,2035482624,1
519.181,2036793344,1
519.237,2036940800,1
519.292,2037858304,1
519.345,2039840768,1
519.404,2041561088,1
519.462,2042232832,1
519.522,2043887616,1
519.582,2045411328,1
519.643,2048655360,1
519.698,2049064960,1
519.754,2049785856,1
519.812,2052718592,1
519.867,2055405568,1
519.920,2057355264,1
519.977,2057551872,1
520.029,2057568256,1
520.085,2057568256,1
520.137,2057568256,1
520.197,2058272768,1
520.254,2058371072,1
520.313,2058485760,1
520.370,2058518528,1
520.428,2058731520,1
520.479,2059206656,1
520.537,2059862016,1
520.593,2061058048,1
520.653,2062680064,1
520.714,2065072128,1
520.774,2068004864,1
520.829,2069790720,1
520.887,2070577152,1
520.945,2072297472,1
521.006,2074607616,1
521.066,2076966912,1
521.120,2077933568,1
521.179,2078818304,1
521.239,2082373632,1
521.299,2083618816,1
521.357,2084077568,1
521.412,2084110336,1
521.470,2084110336,1
521.529,2084225024,1
521.589,2084372480,1
521.644,2084618240,1
521.700,2084782080,1
521.754,2084798464,1
521.814,2085896192,1
521.870,2087731200,1
521.931,2088566784,1
521.987,2090057728,1
522.044,2091679744,1
522.095,2094465024,1
522.154,2095972352,1
522.214,2096857088,1
522.273,2098987008,1
522.332,2100232192,1
522.390,2102575104,1
522.450,2106753024,1
522.505,2107129856,1
522.565,2107424768,1
522.621,2107670528,1
522.681,2107785216,1
522.741,2108522496,1
522.797,2110095360,1
522.857,2112356352,1
522.915,2113077248,1
522.975,2114748416,1
523.035,2115665920,1
523.095,2117746688,1
523.153,2119401472,1
523.212,2122268672,1
523.270,2125742080,1
523.328,2127347712,1
523.387,2130051072,1
523.445,2130051072,1
523.504,2130051072,1
523.562,2130116608,1
523.622,2130165760,1
523.679,2130182144,1
523.737,2130182144,1
523.795,2130231296,1
523.853,2130231296,1
523.912,2131017728,1
523.970,2134687744,1
524.028,2136981504,1
524.079,2139160576,1
524.139,2141175808,1
524.195,2141995008,1
524.252,2144436224,1
524.303,2149941248,1
524.362,2149990400,1
524.422,2150105088,1
524.482,2151481344,1
524.540,2153283584,1
524.596,2154348544,1
524.653,2155249664,1
524.706,2158297088,1
524.767,2166358016,1
524.820,2166423552,1
524.881,2166472704,1
524.940,2166472704,1
525.000,2166472704,1
525.060,2166571008,1
525.121,2166833152,1
525.179,2166849536,1
525.237,2167439360,1
525.297,2169700352,1
525.357,2169765888,1
525.415,2170732544,1
525.473,2172649472,1
525.533,2175533056,1
525.594,2177908736,1
525.645,2180431872,1
525.704,2182168576,1
525.762,2183954432,1
525.822,2185625600,1
525.879,2187100160,1
525.939,2189803520,1
525.999,2189885440,1
526.059,2189885440,1
526.112,2190016512,1
526.169,2190884864,1
526.227,2190966784,1
526.285,2190983168,1
526.344,2191114240,1
526.404,2191425536,1
526.464,2191441920,1
526.520,2191441920,1
526.573,2191474688,1
526.627,2192605184,1
526.688,2194571264,1
526.748,2197061632,1
526.806,2198601728,1
526.865,2200731648,1
526.923,2201993216,1
526.982,2203942912,1
527.042,2206646272,1
527.102,2207727616,1
527.153,2209333248,1
527.212,2212511744,1
527.272,2213101568,1
527.332,2213396480,1
527.387,2214838272,1
527.447,2215460864,1
527.504,2215477248,1
527.562,2215624704,1
527.620,2218278912,1
527.679,2218491904,1
527.739,2223439872,1
527.799,2223439872,1
527.859,2223521792,1
527.920,2223554560,1
527.970,2223816704,1
528.028,2223964160,1
528.087,2224242688,1
528.145,2228256768,1
528.204,2235744256,1
528.261,2242543616,1
528.312,2248556544,1
528.369,2255552512,1
528.420,2258796544,1
528.481,2261614592,1
528.541,2261614592,1
528.595,2261614592,1
528.655,2261614592,1
528.712,2261614592,1
528.770,2262171648,1
528.827,2272133120,1
528.887,2283716608,1
528.946,2296676352,1
529.006,2303164416,1
529.064,2319220736,1
529.120,2330329088,1
529.177,2339389440,1
529.235,2357985280,1
529.295,2357985280,1
529.354,0,1
529.410,0,0
529.469,1212416,3
529.529,208863232,3
529.589,298614784,3
529.645,358744064,3
529.705,427474944,3
529.765,486342656,3
529.823,536739840,3
529.879,585465856,3
529.939,629817344,3
529.999,674971648,3
530.054,715931648,3
530.114,759726080,3
530.173,811319296,3
530.229,837976064,3
530.289,866664448,3
530.345,901726208,3
530.406,935493632,3
530.466,982745088,3
530.520,1015627776,3
530.580,1048690688,3
530.631,1079590912,3
530.691,1108164608,3
530.745,1135280128,3
530.805,1164230656,3
530.865,1193771008,3
530.920,1220689920,3
530.977,1250705408,3
531.028,1276248064,3
531.088,1354514432,3
531.145,1950138368,3
531.204,2689286144,3
531.255,3418193920,3
531.312,3893428224,3
531.372,4156293120,3
531.429,4206477312,3
531.481,4280844288,3
531.540,4386111488,3
531.600,4445044736,3
531.661,4514922496,3
531.721,4642668544,3
531.779,4727373824,3
531.839,4758470656,3
531.895,4785324032,3
531.955,4801101824,3
532.016,4810948608,3
532.076,4821581824,3
532.136,4834672640,3
532.187,3254108160,3
532.246,3259957248,2
532.304,3265445888,2
532.360,3276374016,2
532.421,3277373440,2
532.479,3279306752,2
532.539,3281010688,2
532.599,3283746816,2
532.654,1646067712,2
532.708,1648590848,1
532.770,1652408320,2
532.830,1732739072,2
532.890,1766309888,2
532.948,1794408448,2
533.004,1817001984,2
533.064,1838235648,2
533.121,1858338816,2
533.181,1876131840,2
533.241,1893023744,2
533.295,1910243328,2
533.356,1926299648,2
533.412,1949581312,2
533.470,1960869888,2
533.531,1974255616,2
533.591,1991540736,2
533.651,2004811776,2
533.711,2021638144,2
533.762,2030927872,2
533.820,2043805696,2
533.879,2057224192,2
533.939,2068103168,2
533.999,2078097408,2
534.053,2087288832,2
534.114,2097938432,2
534.170,2107146240,2
534.230,2119073792,2
534.287,2129559552,2
534.338,2138882048,2
534.398,2297462784,2
534.458,2513010688,2
534.514,2819866624,2
534.574,2992881664,2
534.634,3106717696,2
534.694,3123675136,2
534.755,3145793536,2
534.814,3188916224,2
534.870,3213819904,2
534.930,3227271168,2
534.987,3284860928,2
535.047,3312320512,2
535.098,3321364480,2
535.154,3331407872,2
535.205,3341238272,2
535.262,3347939328,2
535.322,3350790144,2
535.382,3352231936,2
535.437,3355000832,2
535.497,3357802496,2
535.557,3361898496,2
535.612,3365240832,2
535.672,3369910272,2
535.731,3373039616,2
535.789,3382067200,2
535.842,3383771136,2
535.902,3386146816,2
535.954,3387998208,2
536.010,3389538304,2
536.069,3391373312,2
536.130,3392716800,2
536.190,3397074944,2
536.248,3400105984,2
536.308,3402235904,2
536.359,3404087296,2
536.420,3411017728,2
536.471,3419422720,2
536.529,3422814208,2
536.587,3423272960,2
536.646,3424059392,2
536.697,3430924288,2
536.757,3432202240,2
536.815,3434430464,2
536.875,3434545152,2
536.935,3434594304,2
536.986,3434790912,2
537.037,3435036672,2
537.092,3435053056,2
537.145,3435134976,2
537.197,3435216896,2
537.252,3435216896,2
537.304,3435216896,2
537.361,3435249664,2
537.412,3435347968,2
537.468,3435823104,2
537.527,3437527040,2
537.579,3439214592,2
537.637,3440787456,2
537.698,3443376128,2
537.754,3446882304,2
537.811,3447750656,2
537.870,3448782848,2
537.928,3449454592,2
537.980,3450028032,2
538.040,3451617280,2
538.100,3452813312,2
538.160,3454533632,2
538.220,3456991232,2
538.279,3461398528,2
538.331,3462152192,2
538.391,3462168576,2
538.446,3462168576,2
538.506,3462168576,2
538.562,3462774784,2
538.620,3466559488,2
538.680,1782661120,2
538.739,1782956032,1
538.800,1783119872,1
538.854,1783365632,1
538.910,1783676928,1
538.970,1783742464,1
539.031,1783742464,1
539.087,1783971840,1
539.147,1784184832,1
539.198,1784266752,1
539.258,1786281984,1
539.312,1788444672,1
539.370,1789280256,1
539.428,1794867200,1
539.487,1796259840,1
539.545,1799012352,1
539.606,1799012352,1
539.662,1799012352,1
539.720,1799012352,1
539.777,1799012352,1
539.837,1799094272,1
539.897,1802551296,1
539.956,1803042816,1
540.012,1803288576,1
540.063,1803370496,1
540.120,1803386880,1
540.176,1803419648,1
540.233,1803468800,1
540.286,1803583488,1
540.345,1804238848,1
540.403,1804910592,1
540.453,1804910592,1
540.512,1805271040,1
540.570,1805287424,1
540.630,1805778944,1
540.687,1807351808,1
540.745,1809186816,1
540.805,1810038784,1
540.862,1811841024,1
540.920,1813430272,1
540.980,1815396352,1
541.041,1818853376,1
541.095,1819475968,1
541.152,1819590656,1
541.212,1820033024,1
541.270,1820311552,1
541.329,1820557312,1
541.379,1821048832,1
541.437,1825095680,1
541.491,1827487744,1
541.545,1829404672,1
541.605,1830600704,1
541.666,1830649856,1
541.726,1832271872,1
541.778,1832992768,1
541.830,1836154880,1
541.891,1836285952,1
541.945,1836433408,1
542.005,1839972352,1
542.066,1842462720,1
542.120,1846345728,1
542.180,1849409536,1
542.237,1853341696,1
542.295,1856815104,1
542.355,1859928064,1
542.412,1863598080,1
542.470,1866072064,1
542.530,1867857920,1
542.591,1870004224,1
542.651,1871314944,1
542.711,1873018880,1
542.762,1874657280,1
542.822,1876803584,1
542.882,1880408064,1
542.943,1880752128,1
543.003,1881505792,1
543.063,1883439104,1
543.122,1884585984,1
543.182,1886863360,1
543.237,1887846400,1
543.297,1888731136,1
543.357,1889107968,1
543.418,1890353152,1
543.470,1891401728,1
543.531,1893662720,1
543.587,1894105088,1
543.646,1895088128,1
543.703,1897938944,1
543.760,1899986944,1
543.820,1900953600,1
543.878,1902739456,1
543.937,1903575040,1
543.995,1905377280,1
544.053,1907179520,1
544.112,1909309440,1
544.170,1910341632,1
544.230,1915404288,1
544.290,1915715584,1
544.345,1919320064,1
544.405,1921466368,1
544.462,1922252800,1
544.520,1922482176,1
544.579,1922744320,1
544.637,1922760704,1
544.697,1922809856,1
544.756,1922826240,1
544.812,1922826240,1
544.872,1922842624,1
544.932,1922859008,1
544.993,1922875392,1
545.045,1922875392,1
545.104,1922875392,1
545.164,1922875392,1
545.223,1922875392,1
545.278,1922940928,1
545.337,1922940928,1
545.394,1922940928,1
545.453,1923121152,1
545.505,1923350528,1
545.562,1928904704,1
545.612,1932935168,1
545.672,1936097280,1
545.728,1936130048,1
545.787,1937276928,1
545.844,1957249024,1
545.895,1977073664,1
545.952,1982644224,1
546.005,0,1
546.056,0,0
546.119,1458176,4
546.179,276447232,4
546.231,383041536,4
546.287,458309632,4
546.347,552894464,4
546.403,628637696,4
546.460,695615488,4
546.518,769376256,4
546.578,836517888,4
546.639,897548288,4
546.699,962314240,4
546.759,1023574016,4
546.812,1082769408,4
546.872,1129775104,4
546.932,1170767872,4
546.993,1219969024,4
547.051,1266024448,4
547.111,1328939008,4
547.171,1378893824,4
547.232,1431420928,4
547.287,1469022208,4
547.347,1508671488,4
547.407,1549631488,4
547.467,1591672832,4
547.527,1630617600,4
547.587,1675640832,4
547.647,1718321152,4
547.703,1756004352,4
547.764,2729377792,4
547.820,3917266944,4
547.880,4667310080,4
547.937,5594677248,4
547.997,5626822656,4
548.053,5717753856,4
548.114,5867110400,4
548.174,5962596352,4
548.228,6027264000,4
548.282,6109626368,4
548.340,6313623552,4
548.400,6397034496,4
548.460,6425280512,4
548.521,6441205760,4
548.581,6452101120,4
548.637,6468829184,4
548.698,6485884928,4
548.757,6495043584,4
548.817,6510166016,4
548.877,6517735424,4
548.928,6524387328,4
548.989,6534807552,4
549.049,6545195008,4
549.103,6552125440,4
549.164,6563430400,4
549.220,6572343296,4
549.280,6578503680,4
549.341,6588989440,4
549.395,6600753152,4
549.452,6608338944,4
549.512,6618693632,4
549.572,6624903168,4
549.628,6630146048,4
549.689,6636650496,4
549.745,6643761152,4
549.805,6652739584,4
549.861,6660702208,4
549.922,6671368192,4
549.978,6684704768,4
550.039,6690586624,4
550.099,6695321600,4
550.155,6698188800,4
550.216,6702202880,4
550.276,6706937856,4
550.328,6718259200,4
550.389,6723731456,4
550.449,6727155712,4
550.509,6728679424,4
550.562,5050810368,4
550.623,5051006976,3
550.680,5052432384,4
550.741,5135908864,4
550.795,3484975104,4
550.856,3513368576,3
550.916,3537616896,3
550.976,3559571456,3
551.037,3579822080,3
551.097,3596451840,3
551.153,3613294592,3
551.214,3644014592,3
551.275,1948991488,2
551.328,1959428096,2
551.389,1971306496,2
551.445,1982627840,2
551.496,1993015296,2
551.554,2004467712,2
551.614,2023407616,2
551.674,2035924992,2
551.731,2049572864,2
551.787,2060353536,2
551.845,2071363584,2
551.900,2081603584,2
551.956,2092318720,2
552.015,2103164928,2
552.073,2112831488,2
552.131,2124988416,2
552.190,2136539136,2
552.248,2146385920,2
552.307,2404925440,2
552.362,2698248192,2
552.420,2884337664,2
552.478,3110223872,2
552.537,3115745280,2
552.595,3139321856,2
552.652,3167600640,2
552.703,3195895808,2
552.762,3217506304,2
552.816,3228778496,2
552.870,3285123072,2
552.931,3308388352,2
552.991,3313483776,2
553.045,3322904576,2
553.097,3326754816,2
553.157,3330867200,2
553.212,3333046272,2
553.271,3336011776,2
553.331,3338944512,2
553.387,3343187968,2
553.447,3347005440,2
553.503,3350315008,2
553.563,3352920064,2
553.620,3355705344,2
553.679,3361095680,2
553.737,3364208640,2
553.795,3374907392,2
553.853,3379658752,2
553.903,3384557568,2
553.960,3403841536,2
554.010,3407577088,2
554.062,3409215488,2
554.120,3411099648,2
554.179,3411476480,2
554.237,3411836928,2
554.294,3412344832,2
554.345,3412344832,2
554.404,3413262336,2
554.462,3415703552,2
554.519,3417227264,2
554.579,3418456064,2
554.639,3419881472,2
554.695,3421995008,2
554.755,3425615872,2
554.816,3427450880,2
554.870,3428073472,2
554.929,3428974592,2
554.987,3430121472,2
555.045,3430187008,2
555.105,3430596608,2
555.165,3432382464,2
555.225,3432546304,2
555.285,3433201664,2
555.337,3435216896,2
555.397,3435954176,2
555.453,3435954176,2
555.514,3435954176,2
555.574,3435954176,2
555.634,3436724224,2
555.694,3437740032,2
555.746,3440033792,2
555.806,3454779392,2
555.866,1687764992,2
555.927,1687814144,1
555.981,1689468928,3
556.042,1837350912,3
556.100,1896579072,3
556.153,1936556032,3
556.214,1982349312,3
556.274,2023735296,3
556.331,2061189120,3
556.392,2100805632,3
556.452,2133426176,3
556.503,2160689152,3
556.564,2193948672,3
556.624,2228600832,3
556.678,2252767232,3
556.739,2274164736,3
556.795,2303164416,3
556.853,2326675456,3
556.914,2353790976,3
556.974,2382364672,3
557.028,2404745216,3
557.089,2427961344,3
557.145,2449670144,3
557.198,2472198144,3
557.256,2492792832,3
557.315,2512699392,3
557.373,2532982784,3
557.431,2563670016,3
557.490,2585493504,3
557.548,2605006848,3
557.603,3029942272,3
557.664,3584704512,3
557.724,4007657472,3
557.784,4512514048,3
557.839,4534091776,3
557.899,4580655104,3
557.953,4628463616,3
558.014,4698308608,3
558.070,4740841472,3
558.130,4777394176,3
558.191,4888444928,3
558.245,4925767680,3
558.305,4943511552,3
558.365,4952227840,3
558.423,4957028352,3
558.481,4961026048,3
558.540,4961452032,3
558.595,4963467264,3
558.655,4967514112,3
558.712,4971528192,3
558.772,4983914496,3
558.828,4987944960,3
558.889,5003313152,3
558.945,3263823872,3
559.005,3275784192,2
559.062,3281534976,3
559.122,3364782080,3
559.182,3397255168,3
559.242,3425828864,3
559.295,3446980608,3
559.355,3467313152,3
559.416,3492872192,3
559.470,3510435840,3
559.530,3527753728,3
559.587,3544629248,3
559.647,3561570304,3
559.703,3580346368,3
559.764,3596877824,3
559.824,3608215552,3
559.884,3621568512,3
559.944,3636133888,3
560.003,3653222400,3
560.064,3666214912,3
560.124,3680501760,3
560.184,3691610112,3
560.244,3702784000,3
560.305,3716513792,3
560.362,2061762560,3
560.423,2072576000,2
560.480,2084864000,3
560.540,2178613248,3
560.601,2220883968,3
560.653,2426814464,3
560.714,2701459456,3
560.770,2976399360,3
560.830,3228237824,3
560.890,3293036544,3
560.943,3327361024,3
561.003,3371614208,3
561.064,3424796672,3
561.124,3462447104,3
561.184,3498835968,3
561.237,3560243200,3
561.297,3592093696,3
561.357,3614883840,3
561.412,3632627712,3
561.470,3645898752,3
561.530,3659874304,3
561.587,3672866816,3
561.647,3686694912,3
561.703,3697786880,3
561.764,3711778816,3
561.824,3730112512,3
561.878,3743776768,3
561.939,3756195840,3
561.995,3770318848,3
562.055,3958341632,3
562.116,4195516416,3
562.176,4463476736,3
562.228,4629430272,3
562.289,4743561216,3
562.349,4767219712,3
562.405,4791336960,3
562.466,4830429184,3
562.520,4854710272,3
562.580,4870160384,3
562.641,4931829760,3
562.701,4958715904,3
562.761,4975001600,3
562.821,4983930880,3
562.881,4986454016,3
562.937,4989403136,3
562.997,4993056768,3
563.056,4999692288,3
563.112,5004148736,3
563.172,5008293888,3
563.228,5014437888,3
563.289,5017026560,3
563.345,5019467776,3
563.405,5021892608,3
563.466,5023858688,3
563.519,5026594816,3
563.579,5028528128,3
563.637,5030199296,3
563.697,5030690816,3
563.757,5038211072,3
563.813,5043175424,3
563.870,3325886464,3
563.931,3327688704,2
563.993,3329835008,3
564.054,3410706432,3
564.114,3445112832,3
564.174,3472474112,3
564.228,3495395328,3
564.289,1832484864,3
564.346,1851277312,2
564.405,1867628544,3
564.466,1965883392,3
564.526,2013020160,3
564.586,2058829824,3
564.637,432439296,3
564.698,463028224,2
564.757,492503040,3
564.812,595820544,3
564.872,655998976,3
564.928,711901184,3
564.989,762675200,3
565.045,804716544,3
565.105,852213760,3
565.165,889831424,3
565.220,923271168,3
565.280,961773568,3
565.337,1000210432,3
565.397,1025736704,3
565.456,1060519936,3
565.516,1091698688,3
565.570,1124007936,3
565.630,1347469312,3
565.687,1640464384,3
565.747,1882275840,3
565.803,2173894656,3
565.863,2200305664,3
565.924,2248212480,3
565.974,2476965888,3
566.034,2776875008,3
566.095,3040641024,3
566.145,3262070784,3
566.205,3406397440,3
566.262,3452764160,3
566.322,3669622784,3
566.378,3914842112,3
566.439,4235395072,3
566.495,4415782912,3
566.555,4587159552,3
566.615,4635230208,3
566.675,4670390272,3
566.728,4715954176,3
566.788,4742594560,3
566.848,4761059328,3
566.903,4819107840,3
566.964,4848156672,3
567.024,4860297216,3
567.078,4881088512,3
567.139,4892524544,3
567.195,4905451520,3
567.255,4913856512,3
567.315,4921688064,3
567.376,4926259200,3
567.436,4933140480,3
567.495,4938661888,3
567.555,4942610432,3
567.612,4947394560,3
567.672,4953636864,3
567.728,3306307584,3
567.790,3307274240,2
567.852,3309092864,3
567.912,3389227008,3
567.972,3420749824,3
568.028,3446538240,3
568.089,3470737408,3
568.149,3491561472,3
568.209,3512893440,3
568.262,3527016448,3
568.322,3543285760,3
568.382,3559194624,3
568.437,3572809728,3
568.497,3590127616,3
568.557,3600646144,3
568.612,3610787840,3
568.664,3622060032,3
568.720,3633266688,3
568.780,3652321280,3
568.837,3666903040,3
568.895,3682320384,3
568.955,3700490240,3
569.010,3711598592,3
569.062,3721216000,3
569.122,3740762112,3
569.182,3753099264,3
569.242,3765059584,3
569.295,3776937984,3
569.355,3787620352,3
569.412,3802398720,3
569.473,2331639808,2
569.530,2567897088,3
569.587,2909945856,3
569.647,3145400320,3
569.707,3249160192,3
569.763,3290841088,3
569.820,3333455872,3
569.880,3393552384,3
569.937,3431727104,3
569.997,3469000704,3
570.057,3540566016,3
570.117,3581722624,3
570.178,3601678336,3
570.237,3616980992,3
570.293,3630792704,3
570.354,3648651264,3
570.414,3663822848,3
570.473,3683008512,3
570.531,3697721344,3
570.588,3712237568,3
570.649,3728687104,3
570.709,3739828224,3
570.762,3749855232,3
570.820,3762913280,3
570.872,3772841984,3
570.933,3786063872,3
570.993,3800252416,3
571.045,3812179968,3
571.105,3957587968,3
571.165,4182802432,3
571.224,4508614656,3
571.280,4682153984,3
571.337,4802330624,3
571.397,4818534400,3
571.453,4841865216,3
571.514,4883693568,3
571.570,4908269568,3
571.630,4924981248,3
571.681,4971167744,3
571.741,5009293312,3
571.802,5018910720,3
571.853,5027463168,3
571.914,5032181760,3
571.974,5034639360,3
572.034,5045403648,3
572.087,5052235776,3
572.147,5056151552,3
572.203,5058625536,3
572.264,5063344128,3
572.324,5065195520,3
572.378,5068292096,3
572.439,5073190912,3
572.495,5075107840,3
572.555,5077532672,3
572.615,5080285184,3
572.672,5081907200,3
572.732,5088657408,3
572.793,5089886208,3
572.853,5092261888,3
572.910,5102288896,3
572.968,3353362432,3
573.021,3355066368,2
573.084,3361128448,4
573.137,3500621824,4
573.197,3566239744,4
573.257,3617554432,4
573.317,3667673088,4
573.378,3705487360,4
573.428,3735486464,4
573.489,3774578688,4
573.549,3806674944,4
573.609,3834675200,4
573.669,3866116096,4
573.730,3896688640,4
573.787,3925639168,4
573.847,3949166592,4
573.903,3977248768,4
573.964,3996254208,4
574.024,4020748288,4
574.078,4043096064,4
574.139,4075552768,4
574.192,4096704512,4
574.245,4118626304,4
574.305,4140761088,4
574.362,4163338240,4
574.422,4199710720,4
574.483,2499379200,3
574.537,2518990848,3
574.597,2541322240,3
574.653,2562637824,3
574.712,2583887872,3
574.772,2927050752,3
574.832,3369123840,3
574.892,3957882880,3
574.948,4293640192,3
575.009,4520706048,3
575.067,4553736192,3
575.127,4604559360,3
575.187,4680630272,3
575.246,4727439360,3
575.303,4749099008,3
575.363,4872912896,3
575.423,4914462720,3
575.481,4934615040,3
575.540,4942872576,3
575.598,4959535104,3
575.654,4968710144,3
575.714,4976623616,3
575.770,4986519552,3
575.830,4991565824,3
575.887,5000724480,3
575.947,5005688832,3
576.003,5011603456,3
576.063,5018648576,3
576.124,5029036032,3
576.184,5035327488,3
576.244,5039587328,3
576.295,5043961856,3
576.355,3402285056,3
576.413,3403595776,2
576.467,3406495744,4
576.527,3554476032,4
576.587,3615408128,4
576.645,3658891264,4
576.702,3702996992,4
576.762,3745857536,4
576.822,3788193792,4
576.882,3831726080,4
576.937,3863166976,4
576.997,3894984704,4
577.057,3927539712,4
577.117,3963600896,4
577.170,3986538496,4
577.230,4012589056,4
577.290,4040622080,4
577.351,4072079360,4
577.411,4096671744,4
577.465,4145676288,4
577.525,2369159168,4
577.579,2388754432,3
577.640,2412232704,3
577.695,2433761280,3
577.755,2455617536,3
577.812,2476195840,3
577.872,2496856064,3
577.932,2517385216,3
577.987,2536783872,3
578.047,2558345216,3
578.103,2577760256,3
578.163,3056074752,3
578.218,3590832128,3
578.270,3956310016,3
578.330,4440113152,3
578.390,4512350208,3
578.445,4551458816,3
578.505,4607492096,3
578.565,4685119488,3
578.626,4732436480,3
578.686,4766859264,3
578.746,4880957440,3
578.807,4922605568,3
578.862,4936400896,3
578.914,4944003072,3
578.970,4950114304,3
579.030,4953178112,3
579.087,4960256000,3
579.147,4969529344,3
579.203,4978147328,3
579.264,4982177792,3
579.320,4987142144,3
579.377,4988583936,3
579.437,4994596864,3
579.497,5001101312,3
579.557,5008932864,3
579.612,5015748608,3
579.672,5022236672,3
579.732,5029232640,3
579.792,5049434112,3
579.845,3326427136,3
579.906,3327279104,2
579.970,3333046272,4
580.030,3490021376,4
580.091,3551444992,4
580.151,3599335424,4
580.210,3646111744,4
580.268,3687759872,4
580.327,3726376960,4
580.378,3758784512,4
580.438,3794337792,4
580.495,3824500736,4
580.549,3854008320,4
580.610,3886039040,4
580.670,3918643200,4
580.730,3946627072,4
580.787,3976609792,4
580.847,4000759808,4
580.907,4025778176,4
580.967,4048142336,4
581.020,4077223936,4
581.080,4104601600,4
581.137,4133076992,4
581.197,4158324736,4
581.257,4179361792,4
581.312,4201480192,4
581.372,4225204224,4
581.428,4245045248,4
581.488,4266622976,4
581.549,4288675840,4
581.609,4312481792,4
581.669,4713299968,4
581.720,5082841088,4
581.780,5691244544,4
581.840,6097977344,4
581.895,6257131520,4
581.955,6293684224,4
582.012,6334824448,4
582.072,6424264704,4
582.132,6472859648,4
582.192,6497910784,4
582.245,6609600512,4
582.305,6659407872,4
582.362,6670974976,4
582.422,6700384256,4
582.482,6720831488,4
582.542,6727532544,4
582.603,6733987840,4
582.663,6743064576,4
582.723,6750355456,4
582.778,6761660416,4
582.839,6772899840,4
582.899,6780878848,4
582.959,6790250496,4
583.021,5147688960,3
583.082,5150916608,4
583.137,5229019136,4
583.197,5264670720,4
583.253,5292949504,4
583.312,5318311936,4
583.372,5343772672,4
583.428,5364350976,4
583.489,5387960320,4
583.549,5404786688,4
583.603,5425512448,4
583.662,5456314368,4
583.722,5477597184,4
583.778,5490212864,4
583.838,5505728512,4
583.895,5516001280,4
583.955,5529321472,4
584.015,5548507136,4
584.076,5565972480,4
584.128,5578473472,4
584.188,5593022464,4
584.245,5603295232,4
584.303,5619646464,4
584.363,5639438336,4
584.420,5653725184,4
584.478,5664636928,4
584.537,5675859968,4
584.597,5688164352,4
584.657,5700681728,4
584.717,5709840384,4
584.778,5947785216,4
584.838,6247677952,4
584.895,6424297472,4
584.955,6678478848,4
585.012,6682689536,4
585.072,6706593792,4
585.128,6735282176,4
585.188,6766542848,4
585.249,6789365760,4
585.309,6818299904,4
585.361,6865207296,4
585.422,6888964096,4
585.478,6898761728,4
585.538,6903545856,4
585.595,6908231680,4
585.655,6914998272,4
585.715,6926532608,4
585.770,5129486336,4
585.831,5134598144,3
585.893,5136646144,4
585.954,5226790912,4
586.014,5259427840,4
586.075,5287985152,4
586.128,5308350464,4
586.188,5329371136,4
586.249,5351751680,4
586.309,5372772352,4
586.362,5389221888,4
586.422,5419450368,4
586.482,3681173504,4
586.538,3699130368,3
586.599,3715448832,4
586.660,3820765184,4
586.720,2068086784,4
586.781,2105999360,3
586.838,2139029504,4
586.898,2255880192,4
586.959,2299314176,4
587.019,2355773440,4
587.070,2396864512,4
587.130,2443788288,4
587.186,2486157312,4
587.245,2528870400,4
587.305,2570616832,4
587.365,2616049664,4
587.420,2647244800,4
587.473,2680242176,4
587.534,2716893184,4
587.594,2959572992,4
587.654,3264004096,4
587.711,3487318016,4
587.772,3786964992,4
587.832,3810344960,4
587.892,3856252928,4
587.953,3913973760,4
588.003,3954458624,4
588.063,3999973376,4
588.114,4032544768,4
588.174,4107567104,4
588.228,4189405184,4
588.288,4452466688,4
588.345,4777279488,4
588.398,4951867392,4
588.459,5388713984,4
588.519,5665390592,4
588.579,5881413632,4
588.637,6172737536,4
588.698,6223101952,4
588.753,6265356288,4
588.813,6319702016,4
588.874,6408011776,4
588.928,6450855936,4
588.988,6474448896,4
589.040,6535315456,4
589.100,6573932544,4
589.160,6589857792,4
589.211,6605520896,4
589.272,6615449600,4
589.328,6619283456,4
589.389,6623887360,4
589.445,6629670912,4
589.505,6646972416,4
589.565,6656212992,4
589.620,6664060928,4
589.680,6667649024,4
589.736,6672400384,4
589.797,6679035904,4
589.857,6681608192,4
589.911,6682427392,4
589.972,5029249024,4
590.033,1714405376,3
590.097,1716518912,2
590.160,1803993088,4
590.220,1990557696,4
590.280,2079391744,4
590.337,2152054784,4
590.398,2216837120,4
590.449,2269003776,4
590.503,2323611648,4
590.563,2376187904,4
590.620,2418655232,4
590.680,2465611776,4
590.740,2509520896,4
590.795,2548596736,4
590.855,2597158912,4
590.915,891977728,4
590.977,936509440,3
591.038,978108416,4
591.095,1096826880,4
591.155,1161052160,4
591.211,1215889408,4
591.272,1273544704,4
591.332,1325760512,4
591.386,1371897856,4
591.447,1419919360,4
591.507,1464057856,4
591.561,1505722368,4
591.622,1552203776,4
591.682,1737818112,4
591.742,2422292480,4
591.795,3157393408,4
591.847,3830415360,4
591.907,4302225408,4
591.961,4550950912,4
592.022,4617732096,4
592.082,4711038976,4
592.136,4818993152,4
592.197,4887904256,4
592.256,4964876288,4
592.311,5102796800,4
592.372,5196054528,4
592.430,5227282432,4
592.490,5263900672,4
592.545,5283889152,4
592.605,3689070592,4
592.663,3829579776,3
592.725,4066770944,4
592.785,4472193024,4
592.846,3031629824,3
592.905,3172483072,4
592.965,3295051776,4
593.020,3361161216,4
593.078,3447177216,4
593.138,3514138624,4
593.199,3562258432,4
593.256,3653959680,4
593.314,3709009920,4
593.373,3747282944,4
593.428,3785555968,4
593.488,3828006912,4
593.549,3854794752,4
593.603,3878027264,4
593.663,3905552384,4
593.724,3935469568,4
593.784,3961651200,4
593.844,3996188672,4
593.897,4020207616,4
593.953,4042735616,4
594.013,4065755136,4
594.074,4091838464,4
594.134,4115546112,4
594.195,4137959424,4
594.255,4162863104,4
594.311,4185243648,4
594.372,4395581440,4
594.432,4640800768,4
594.486,5073862656,4
594.547,5456674816,4
594.607,5866684416,4
594.661,6053036032,4
594.722,6189400064,4
594.778,6244171776,4
594.838,6291259392,4
594.895,6346244096,4
594.955,6418923520,4
595.015,6470893568,4
595.076,6527287296,4
595.132,6573441024,4
595.193,6586351616,4
595.245,6604161024,4
595.305,6617088000,4
595.365,6629769216,4
595.426,6639681536,4
595.486,6654869504,4
595.546,6670598144,4
595.606,6676447232,4
595.667,6681624576,4
595.727,6685753344,4
595.781,6691700736,4
595.842,6696091648,4
595.902,6696501248,4
595.953,6696665088,4
596.013,6696845312,4
596.073,6700531712,4
596.131,5054087168,4
596.188,5056856064,3
596.249,5060853760,4
596.310,5140103168,4
596.361,5167300608,4
596.422,5195055104,4
596.478,5221007360,4
596.538,3542384640,4
596.596,3559931904,3
596.655,3578576896,4
596.711,3667623936,4
596.772,3714924544,4
596.831,3757064192,4
596.889,3795337216,4
596.944,3825991680,4
597.004,3858366464,4
597.061,3904077824,4
597.123,2202877952,3
597.185,2235318272,4
597.237,2333999104,4
597.297,2395340800,4
597.357,2448474112,4
597.411,2487386112,4
597.472,2532163584,4
597.531,2574516224,4
597.591,2618556416,4
597.645,2652913664,4
597.705,2691203072,4
597.761,2727378944,4
597.822,2764046336,4
597.882,2803417088,4
597.942,3071574016,4
598.001,3406315520,4
598.062,3651600384,4
598.122,3861217280,4
598.182,3893952512,4
598.237,3936239616,4
598.293,4230184960,4
598.353,4547428352,4
598.411,4750180352,4
598.472,5047697408,4
598.528,5103222784,4
598.588,5157240832,4
598.649,5204918272,4
598.709,5249662976,4
598.767,5284773888,4
598.826,5534629888,4
598.886,5845696512,4
598.945,6073450496,4
599.005,6313574400,4
599.061,6373769216,4
599.122,6405521408,4
599.178,6433144832,4
599.238,6479396864,4
599.299,6507839488,4
599.359,6522617856,4
599.414,6580486144,4
599.465,6609534976,4
599.525,6620676096,4
599.585,6635225088,4
599.636,6647316480,4
599.697,6655770624,4
599.753,6663700480,4
599.812,6679969792,4
599.865,6689374208,4
599.920,6693322752,4
599.980,6699876352,4
600.040,6709641216,4
600.101,6712229888,4
600.153,6719340544,4
600.215,5058215936,3
600.272,5065179136,4
600.328,5144952832,4
600.388,5181030400,4
600.449,5216829440,4
600.509,5242552320,4
600.561,5262065664,4
600.622,5282906112,4
600.678,5305368576,4
600.730,5319360512,4
600.786,5338234880,4
600.847,5358862336,4
600.907,5378555904,4
600.961,5391728640,4
601.022,5411405824,4
601.078,3742728192,4
601.139,3753951232,3
601.201,3768631296,4
601.253,3855826944,4
601.313,3907452928,4
601.370,3948560384,4
601.424,3980410880,4
601.484,4008624128,4
601.536,4034691072,4
601.597,4064428032,4
601.648,4087169024,4
601.703,4114399232,4
601.753,4136763392,4
601.814,4162437120,4
601.874,4187127808,4
601.928,4227317760,4
601.988,4502814720,4
602.049,4845174784,4
602.109,5066817536,4
602.161,5220646912,4
602.215,5238587392,4
602.270,5272240128,4
602.330,5320294400,4
602.386,5354749952,4
602.444,5394841600,4
602.505,5435113472,4
602.565,5497077760,4
602.625,5517737984,4
602.685,5535727616,4
602.746,5550817280,4
602.803,5565005824,4
602.863,5778915328,4
602.920,6026903552,4
602.980,6276186112,4
603.040,6510788608,4
603.095,6561546240,4
603.155,6581157888,4
603.211,6611927040,4
603.272,6653394944,4
603.328,6676774912,4
603.388,6690373632,4
603.445,6748864512,4
603.505,5112545280,4
603.567,5120016384,3
603.625,5135351808,4
603.685,5219876864,4
603.736,5248270336,4
603.797,5276286976,4
603.853,5302501376,4
603.913,5328093184,4
603.974,5350146048,4
604.028,5375148032,4
604.088,5402247168,4
604.145,5424594944,4
604.205,5445828608,4
604.265,5465014272,4
604.326,5482070016,4
604.386,5513543680,4
604.446,3709763584,4
604.504,3721428992,3
604.566,3735797760,4
604.626,3833872384,4
604.687,3879223296,4
604.747,3922444288,4
604.807,3960766464,4
604.867,3991912448,4
604.920,4018143232,4
604.980,4047159296,4
605.036,4069441536,4
605.097,4095016960,4
605.153,4118167552,4
605.213,4141088768,4
605.274,4307451904,4
605.331,4526686208,4
605.386,4849958912,4
605.447,5046304768,4
605.507,5185585152,4
605.561,5207195648,4
605.622,5241520128,4
605.682,5295144960,4
605.742,5330944000,4
605.803,5358190592,4
605.863,5415960576,4
605.923,5459771392,4
605.983,5479251968,4
606.036,5498404864,4
606.097,5515771904,4
606.157,5534892032,4
606.211,5792432128,4
606.272,6093684736,4
606.332,6288293888,4
606.392,6511345664,4
606.453,6520930304,4
606.513,6545768448,4
606.573,6588825600,4
606.633,6612828160,4
606.694,6633472000,4
606.754,6674497536,4
606.814,6722256896,4
606.870,4978884608,4
606.931,4990484480,3
606.988,4995284992,4
607.048,5077565440,4
607.108,5113872384,4
607.168,5142069248,4
607.220,5162549248,4
607.276,5184602112,4
607.336,5208604672,4
607.397,5227216896,4
607.457,5241520128,4
607.511,5258231808,4
607.572,5274910720,4
607.632,5291360256,4
607.689,5307645952,4
607.748,5328617472,4
607.806,5340889088,4
607.866,5356453888,4
607.926,5379686400,4
607.986,5396234240,4
608.047,5413715968,4
608.107,5430886400,4
608.161,5442174976,4
608.222,5457068032,4
608.281,5469569024,4
608.336,5482184704,4
608.397,5494636544,4
608.453,5506154496,4
608.513,5520490496,4
608.574,5531762688,4
608.628,5544411136,4
608.688,5773230080,4
608.749,6045384704,4
608.803,6254231552,4
608.863,6513082368,4
608.920,6539198464,4
608.980,6560333824,4
609.036,6590414848,4
609.097,6634307584,4
609.153,6656589824,4
609.213,6671024128,4
609.270,6731661312,4
609.330,6759940096,4
609.390,4999643136,4
609.446,5007196160,3
609.508,5010358272,4
609.568,5093605376,4
609.620,5122654208,4
609.680,5160615936,4
609.740,5186043904,4
609.800,5212930048,4
609.853,3549200384,4
609.915,1863401472,2
609.978,1885880320,4
610.038,2057109504,4
610.098,2133082112,4
610.159,2201010176,4
610.211,2257059840,4
610.272,2311176192,4
610.328,2359885824,4
610.388,2408726528,4
610.449,2457157632,4
610.509,2506702848,4
610.569,2550956032,4
610.629,2594111488,4
610.680,2627239936,4
610.739,2661122048,4
610.795,2691874816,4
610.855,2727559168,4
610.915,2768388096,4
610.975,2804957184,4
611.027,2838233088,4
611.087,2968190976,4
611.147,3218980864,4
611.208,3587670016,4
611.261,3773825024,4
611.315,3915464704,4
611.370,3941629952,4
611.430,3985145856,4
611.490,4046258176,4
611.551,4199546880,4
611.609,4694474752,4
611.669,5407768576,4
611.720,5679153152,4
611.780,6125862912,4
611.840,6150602752,4
611.901,4495048704,4
611.962,4577099776,3
612.024,4634492928,4
612.084,4751622144,4
612.145,4851531776,4
612.205,4973510656,4
612.261,5013766144,4
612.322,5056512000,4
612.382,5089640448,4
612.436,5117886464,4
612.497,5139169280,4
612.553,5160222720,4
612.613,5183111168,4
612.674,5201510400,4
612.728,5221974016,4
612.781,5240848384,4
612.841,5258182656,4
612.901,5275697152,4
612.961,5292081152,4
613.022,5311905792,4
613.082,5328224256,4
613.136,5346459648,4
613.197,3708026880,4
613.259,3722543104,3
613.313,3733094400,4
613.373,3826696192,4
613.428,3864756224,4
613.488,3901865984,4
613.545,3933765632,4
613.605,3967008768,4
613.665,2324529152,4
613.721,2565144576,3
613.780,2875686912,4
613.836,1459781632,4
613.898,1784184832,3
613.960,1835532288,4
614.020,1973436416,4
614.078,2071773184,4
614.138,2151415808,4
614.195,2218393600,4
614.255,2306916352,4
614.311,2394439680,4
614.372,2447294464,4
614.428,2492088320,4
614.488,2534375424,4
614.545,2575220736,4
614.605,2613460992,4
614.661,2644901888,4
614.722,2684157952,4
614.782,2718711808,4
614.836,2750382080,4
614.897,2877472768,4
614.957,3138519040,4
615.007,3453140992,4
615.068,3689218048,4
615.128,3836559360,4
615.188,3872243712,4
615.245,3912810496,4
615.305,3974774784,4
615.361,4047798272,4
615.422,4335206400,4
615.478,4690067456,4
615.538,5088083968,4
615.599,5483462656,4
615.659,5819744256,4
615.719,6025084928,4
615.770,6167363584,4
615.830,6212714496,4
615.886,6254706688,4
615.947,6325026816,4
616.007,6404243456,4
616.061,6441517056,4
616.122,6488981504,4
616.178,6532464640,4
616.238,6554632192,4
616.299,6567182336,4
616.359,6572064768,4
616.419,6577405952,4
616.478,6587645952,4
616.538,6595461120,4
616.599,6603276288,4
616.653,6611599360,4
616.713,6619693056,4
616.770,6633455616,4
616.830,6638256128,4
616.890,6645989376,4
616.950,6649069568,4
617.003,6650986496,4
617.063,6656376832,4
617.121,6663782400,4
617.178,5011079168,4
617.239,5019238400,3
617.297,5022760960,4
617.353,5100290048,4
617.411,5135515648,4
617.472,3503734784,4
617.530,3530063872,3
617.590,3549741056,4
617.645,3644784640,4
617.705,3695509504,4
617.760,3733487616,4
617.820,3772121088,4
617.880,3807739904,4
617.940,3843145728,4
617.995,3870441472,4
618.055,3901374464,4
618.111,3925147648,4
618.172,3950968832,4
618.231,3976151040,4
618.289,4008624128,4
618.348,4030300160,4
618.406,4053303296,4
618.461,4077453312,4
618.522,4104896512,4
618.582,4130078720,4
618.642,4153982976,4
618.702,4176183296,4
618.763,4197203968,4
618.820,4217438208,4
618.880,4247764992,4
618.940,4268687360,4
619.000,4528406528,4
619.053,4790255616,4
619.113,4996120576,4
619.174,5328011264,4
619.234,5569052672,4
619.288,5881348096,4
619.349,6100385792,4
619.403,6342230016,4
619.463,6369837056,4
619.523,6403129344,4
619.578,6482051072,4
619.638,6543736832,4
619.695,6585909248,4
619.755,6618611712,4
619.811,6674612224,4
619.872,6700220416,4
619.928,6707593216,4
619.988,6724124672,4
620.048,6730776576,4
620.108,6735822848,4
620.168,6741786624,4
620.220,6748602368,4
620.280,6754844672,4
620.340,6757728256,4
620.400,6763003904,4
620.453,6767591424,4
620.513,6777094144,4
620.573,6779600896,4
620.634,6786924544,4
620.686,6787629056,4
620.747,6787825664,4
620.807,6789136384,4
620.861,5130469376,4
620.923,5134614528,3
620.983,5147787264,3
621.036,3392110592,3
621.097,3393093632,2
621.158,3394060288,2
621.218,3395584000,2
621.270,3398647808,2
621.328,3400630272,2
621.385,3401515008,2
621.443,3402989568,2
621.501,3404136448,2
621.561,3405709312,2
621.620,3406348288,2
621.676,3407069184,2
621.736,3408986112,2
621.787,3409952768,2
621.838,3411017728,2
621.898,3416473600,2
621.953,3419176960,2
622.009,3419471872,2
622.070,3419734016,2
622.127,3426566144,2
622.178,3428450304,2
622.238,3429203968,2
622.295,3429679104,2
622.355,3429761024,2
622.415,3430825984,2
622.476,3432628224,2
622.536,3433267200,2
622.586,3433660416,2
622.645,3434725376,2
622.705,3435872256,2
622.765,3437248512,2
622.825,3440918528,2
622.886,3442425856,2
622.936,3444736000,2
622.997,3445620736,2
623.057,3447521280,2
623.117,3449094144,2
623.170,3452747776,2
623.229,3455369216,2
623.289,3463135232,2
623.348,3464036352,2
623.403,3466969088,2
623.460,3467821056,2
623.520,3470393344,2
623.578,3471851520,2
623.638,3472785408,2
623.695,3473801216,2
623.753,3474440192,2
623.810,3475685376,2
623.870,3476652032,2
623.926,3476766720,2
623.986,3477045248,2
624.047,3480485888,2
624.103,1766359040,2
624.164,1766686720,1
624.220,1767424000,1
624.280,1767751680,1
624.336,1767768064,1
624.396,1767768064,1
624.457,1767768064,1
624.514,1767768064,1
624.574,1767948288,1
624.635,1768849408,1
624.686,1770553344,1
624.747,1772109824,1
624.803,1775992832,1
624.860,1776123904,1
624.920,1778089984,1
624.978,1778139136,1
625.036,1778155520,1
625.095,1778155520,1
625.155,1778155520,1
625.211,1778155520,1
625.262,1778155520,1
625.320,1778155520,1
625.378,1778171904,1
625.436,1778188288,1
625.495,1778188288,1
625.555,1778450432,1
625.607,1779761152,1
625.661,1783185408,1
625.719,1805090816,1
625.776,0,1
625.831,0,0
625.891,999424,2
625.948,132677632,2
626.008,201195520,2
626.068,247742464,2
626.128,294338560,2
626.186,334200832,2
626.245,372703232,2
626.301,408748032,2
626.361,439025664,2
626.420,470597632,2
626.481,501579776,2
626.541,535216128,2
626.595,556777472,2
626.651,575684608,2
626.703,599457792,2
626.763,622870528,2
626.823,650248192,2
626.881,676216832,2
626.941,699482112,2
627.001,721879040,2
627.053,739786752,2
627.113,760397824,2
627.173,780468224,2
627.234,800161792,2
627.294,820527104,2
627.353,840957952,2
627.411,861224960,2
627.462,877592576,2
627.520,1193508864,2
627.578,1627291648,2
627.638,2259156992,2
627.695,2603286528,2
627.747,2839232512,2
627.807,2863775744,2
627.867,2907127808,2
627.920,2979774464,2
627.980,3028582400,2
628.037,3058647040,2
628.095,3133833216,2
628.155,3219963904,2
628.215,3240853504,2
628.275,3258515456,2
628.328,3264970752,2
628.387,3270426624,2
628.447,3274817536,2
628.507,3279470592,2
628.561,3292266496,2
628.617,3301933056,2
628.670,3307274240,2
628.728,3318874112,2
628.784,3323494400,2
628.836,3330637824,2
628.886,3334569984,2
628.947,3338043392,2
629.002,3341729792,2
629.059,3342893056,2
629.120,3343597568,2
629.177,3347447808,2
629.228,3350183936,2
629.288,3352395776,2
629.345,3355738112,2
629.396,3360653312,2
629.456,3364798464,2
629.513,3367272448,2
629.570,3367878656,2
629.622,3369058304,2
629.678,3369943040,2
629.736,3372220416,2
629.795,3379888128,2
629.847,3382951936,2
629.903,3383869440,2
629.963,3386802176,2
630.024,3393863680,2
630.084,3394158592,2
630.136,3394486272,2
630.195,3394535424,2
630.252,3394568192,2
630.312,3394633728,2
630.370,3395076096,2
630.427,3397107712,2
630.478,1709506560,2
630.531,1709572096,1
630.588,1710194688,2
630.645,1784512512,2
630.703,1819820032,2
630.753,1840562176,2
630.814,1866792960,2
630.872,1886240768,2
630.928,1904377856,2
630.985,1922760704,2
631.045,1938325504,2
631.101,1952071680,2
631.159,1967144960,2
631.220,1980956672,2
631.276,1994637312,2
631.336,2004549632,2
631.394,2014003200,2
631.451,2029076480,2
631.512,2041004032,2
631.572,2058633216,2
631.632,2072215552,2
631.683,2083078144,2
631.736,2093252608,2
631.797,2103689216,2
631.848,2113519616,2
631.903,2122547200,2
631.959,2131345408,2
632.013,2139766784,2
632.070,2149695488,2
632.122,2159706112,2
632.178,2170470400,2
632.238,2202910720,2
632.299,2469298176,2
632.359,2789195776,2
632.419,2994814976,2
632.478,3157262336,2
632.536,3164569600,2
632.595,3186245632,2
632.645,3214393344,2
632.703,3242278912,2
632.755,3262283776,2
632.811,3282173952,2
632.870,3339337728,2
632.928,3357949952,2
632.988,3368239104,2
633.045,3375792128,2
633.105,3378561024,2
633.165,3384295424,2
633.220,3395338240,2
633.273,3403202560,2
633.333,3410345984,2
633.394,3429875712,2
633.454,1657012224,2
633.515,1659404288,1
633.579,1661976576,3
633.636,1806745600,3
633.693,1864171520,3
633.748,1908555776,3
633.803,1951416320,3
633.863,1992998912,3
633.919,2033434624,3
633.980,2072231936,3
634.040,2106425344,3
634.100,2136621056,3
634.153,2163752960,3
634.213,2196094976,3
634.273,543703040,3
634.335,577437696,2
634.397,598409216,3
634.453,696041472,3
634.513,752746496,3
634.573,809828352,3
634.634,858062848,3
634.686,896581632,3
634.746,937476096,3
634.803,972341248,3
634.863,1007599616,3
634.919,1043464192,3
634.980,1077690368,3
635.036,1111851008,3
635.096,1142915072,3
635.157,1178648576,3
635.211,1413480448,3
635.271,1925775360,3
635.328,2611347456,3
635.388,2964684800,3
635.448,3203366912,3
635.509,3249045504,3
635.569,3315630080,3
635.619,3393126400,3
635.680,3449094144,3
635.736,3480174592,3
635.796,3618308096,3
635.853,3666378752,3
635.913,3696541696,3
635.973,3754704896,3
636.028,4000776192,3
636.088,4333928448,3
636.145,4516184064,3
636.205,4729618432,3
636.265,3087990784,3
636.321,3111075840,2
636.382,3156393984,3
636.443,3261956096,3
636.501,3309731840,3
636.553,3364634624,3
636.613,3453042688,3
636.674,1798356992,2
636.735,1825488896,2
636.793,1847394304,2
636.844,1868759040,2
636.904,1887141888,2
636.964,1908457472,2
637.020,1922596864,2
637.078,1936064512,2
637.136,1950187520,2
637.194,1960034304,2
637.254,1975812096,2
637.311,1987723264,2
637.371,2003894272,2
637.428,2017345536,2
637.485,361218048,2
637.537,369967104,1
637.599,380157952,2
637.659,469680128,2
637.720,512524288,2
637.778,548913152,2
637.836,581353472,2
637.895,609239040,2
637.955,639041536,2
638.011,703643648,2
638.067,969261056,2
638.126,1336705024,2
638.178,1511342080,2
638.234,1692631040,2
638.295,1713700864,2
638.355,1746649088,2
638.414,1801306112,2
638.472,1836285952,2
638.533,1865760768,2
638.586,1911930880,2
638.643,1967128576,2
638.703,1987624960,2
638.764,2006941696,2
638.824,2020851712,2
638.878,2035957760,2
638.934,2050113536,2
638.995,2062729216,2
639.055,2074181632,2
639.115,2084814848,2
639.170,2094481408,2
639.228,2324447232,2
639.286,2581250048,2
639.344,2805891072,2
639.404,3055861760,2
639.461,3087286272,2
639.518,3106308096,2
639.574,3127918592,2
639.634,3172204544,2
639.694,3198009344,2
639.745,3209953280,2
639.805,3261857792,2
639.861,3293364224,2
639.921,3302539264,2
639.981,3315564544,2
640.042,3319300096,2
640.095,3324854272,2
640.153,3327295488,2
640.211,3330932736,2
640.269,3332947968,2
640.329,3335798784,2
640.382,3337338880,2
640.438,3338207232,2
640.488,3339845632,2
640.545,3343106048,2
640.605,3346055168,2
640.665,3349184512,2
640.725,3357327360,2
640.786,3359522816,2
640.836,3366551552,2
640.896,3377152000,2
640.953,3377922048,2
641.013,3378069504,2
641.073,3380838400,2
641.128,3382525952,2
641.184,3383541760,2
641.237,3385147392,2
641.297,3386114048,2
641.352,3388096512,2
641.410,3390144512,2
641.468,3393208320,2
641.528,3395010560,2
641.588,1685848064,2
641.641,1686323200,1
641.694,1686716416,1
641.752,1690468352,1
641.809,1692434432,1
641.870,1693188096,1
641.928,1694187520,1
641.986,1695039488,1
642.044,1695596544,1
642.105,1695973376,1
642.165,1697923072,1
642.225,1699676160,1
642.278,1700102144,1
642.338,1700986880,1
642.394,1701740544,1
642.453,1704214528,1
642.511,1706295296,1
642.564,1706606592,1
642.624,1706901504,1
642.681,1709506560,1
642.738,1712406528,1
642.797,1712586752,1
642.858,1712881664,1
642.918,1714569216,1
642.978,1715077120,1
643.036,1715290112,1
643.097,1716666368,1
643.156,1724743680,1
643.209,1726480384,1
643.270,1726529536,1
643.328,1726545920,1
643.386,1726562304,1
643.443,1726595072,1
643.496,1726595072,1
643.553,1726611456,1
643.611,1726611456,1
643.670,1726644224,1
643.728,1726644224,1
643.786,1726726144,1
643.846,1726808064,1
643.903,1726840832,1
643.953,1726889984,1
644.014,1726889984,1
644.074,1727594496,1
644.134,1741848576,1
644.186,0,1
644.248,0,0
644.310,442368,1
644.361,62767104,1
644.419,100843520,1
644.476,124174336,1
644.536,149291008,1
644.596,169328640,1
644.653,187334656,1
644.713,205881344,1
644.769,220938240,1
644.830,236650496,1
644.890,251527168,1
644.947,265437184,1
645.008,278462464,1
645.061,292110336,1
645.121,301580288,1
645.178,312344576,1
645.237,323764224,1
645.294,338886656,1
645.351,350420992,1
645.403,360906752,1
645.461,370688000,1
645.521,380567552,1
645.582,390692864,1
645.636,400162816,1
645.695,409911296,1
645.753,420102144,1
645.813,430243840,1
645.873,440549376,1
645.933,619954176,1
645.986,835747840,1
646.046,1146814464,1
646.103,1354399744,1
646.163,1428357120,1
646.219,1444577280,1
646.280,1472757760,1
646.336,1509244928,1
646.396,1531314176,1
646.453,1550434304,1
646.513,1606369280,1
646.569,1626193920,1
646.630,1632911360,1
646.686,1637416960,1
646.746,1642266624,1
646.803,1648607232,1
646.859,1653473280,1
646.919,1657012224,1
646.977,1657372672,1
647.036,1658699776,1
647.094,1659273216,1
647.151,1670807552,1
647.203,1674739712,1
647.259,1677787136,1
647.319,1679572992,1
647.380,1681309696,1
647.440,1682358272,1
647.494,1684144128,1
647.553,1687781376,1
647.613,1691795456,1
647.673,1693761536,1
647.733,1696792576,1
647.794,1701789696,1
647.853,1704230912,1
647.907,1705607168,1
647.968,1706491904,1
648.019,1707999232,1
648.080,1715519488,1
648.136,1719107584,1
648.194,1720303616,1
648.255,1720385536,1
648.315,1720385536,1
648.375,1720418304,1
648.430,1720451072,1
648.490,1720664064,1
648.551,1720664064,1
648.603,1720664064,1
648.663,1722351616,1
648.719,1722449920,1
648.777,1724104704,1
648.828,1725054976,1
648.888,1725267968,1
648.947,1726332928,1
649.003,1726676992,1
649.061,1726824448,1
649.121,1727070208,1
649.181,1727152128,1
649.239,1727381504,1
649.297,1727447040,1
649.356,1732247552,1
649.414,1732313088,1
649.472,1732788224,1
649.531,1735475200,1
649.586,1739358208,1
649.644,1740849152,1
649.701,1742782464,1
649.761,1745289216,1
649.819,1746862080,1
649.869,1749909504,1
649.928,1749975040,1
649.985,1753923584,1
650.039,1753956352,1
650.094,1753956352,1
650.153,1753956352,1
650.211,1753972736,1
650.270,1754349568,1
650.330,1758281728,1
650.386,0,1
650.447,0,0
650.505,442368,1
650.561,69173248,1
650.621,104726528,1
650.678,127418368,1
650.735,151126016,1
650.793,169099264,1
650.853,188416000,1
650.913,207536128,1
650.970,222003200,1
651.030,238092288,1
651.089,253558784,1
651.144,266534912,1
651.203,279068672,1
651.263,293961728,1
651.319,303398912,1
651.377,315097088,1
651.428,325074944,1
651.488,340377600,1
651.548,353140736,1
651.608,365150208,1
651.661,373882880,1
651.721,383975424,1
651.781,394264576,1
651.838,404586496,1
651.897,414728192,1
651.956,424427520,1
652.014,434208768,1
652.074,444137472,1
652.128,673497088,1
652.185,981286912,1
652.244,1208664064,1
652.303,1430126592,1
652.360,1435058176,1
652.419,1458094080,1
652.478,1497251840,1
652.538,1519779840,1
652.594,1538064384,1
652.653,1576026112,1
652.713,1620197376,1
652.773,1629634560,1
652.834,1639170048,1
652.894,1641250816,1
652.944,1642741760,1
653.004,1647607808,1
653.064,1653129216,1
653.124,1660289024,1
653.178,1672364032,1
653.236,1674559488,1
653.295,1677492224,1
653.355,1679130624,1
653.411,1679917056,1
653.471,1683472384,1
653.532,1684733952,1
653.592,1685585920,1
653.644,1685749760,1
653.702,1686355968,1
653.753,1686355968,1
653.806,1686355968,1
653.866,1686355968,1
653.925,1686618112,1
653.984,1688666112,1
654.043,1689911296,1
654.103,1692024832,1
654.161,1695023104,1
654.221,1696481280,1
654.282,1697759232,1
654.336,1699119104,1
654.387,1700413440,1
654.447,1707425792,1
654.503,1712504832,1
654.561,1713586176,1
654.619,1713897472,1
654.678,1713897472,1
654.737,1714077696,1
654.797,1714110464,1
654.854,1714208768,1
654.905,1714241536,1
654.962,1714257920,1
655.018,1715044352,1
655.069,1715617792,1
655.128,1717141504,1
655.186,1719222272,1
655.236,1719271424,1
655.296,1719287808,1
655.356,1719287808,1
655.411,1719386112,1
655.470,1721450496,1
655.528,1727709184,1
655.588,1732296704,1
655.646,1735376896,1
655.707,1736802304,1
655.761,1738178560,1
655.819,1739522048,1
655.878,1740914688,1
655.936,1743585280,1
655.994,1744896000,1
656.055,1746698240,1
656.111,1748271104,1
656.168,1750482944,1
656.228,1751367680,1
656.279,1752875008,1
656.339,1755054080,1
656.399,1757708288,1
656.453,1759428608,1
656.513,1761214464,1
656.569,1763721216,1
656.621,1764818944,1
656.681,1766866944,1
656.741,1769062400,1
656.794,1770323968,1
656.845,1771847680,1
656.904,1775288320,1
656.961,1776893952,1
657.021,1779417088,1
657.076,1781514240,1
657.127,1785118720,1
657.186,1788166144,1
657.238,1788215296,1
657.295,1788329984,1
657.355,1788329984,1
657.415,1788329984,1
657.472,1788329984,1
657.532,1788346368,1
657.586,1788346368,1
657.646,1788346368,1
657.706,1788346368,1
657.761,1788362752,1
657.815,1788362752,1
657.872,1788362752,1
657.928,1788362752,1
657.984,1788362752,1
658.045,1788526592,1
658.105,1789050880,1
658.161,1792294912,1
658.220,0,1
658.281,0,0
658.338,442368,1
658.398,72171520,1
658.453,104235008,1
658.511,128499712,1
658.569,152862720,1
658.626,171589632,1
658.686,190955520,1
658.744,209305600,1
658.803,223690752,1
658.859,238960640,1
658.919,255246336,1
658.978,268943360,1
659.036,280739840,1
659.096,295763968,1
659.153,305020928,1
659.211,317358080,1
659.271,328728576,1
659.331,345669632,1
659.386,357056512,1
659.444,367329280,1
659.495,375799808,1
659.551,385384448,1
659.603,394379264,1
659.660,404979712,1
659.719,415219712,1
659.778,424886272,1
659.836,435044352,1
659.894,444956672,1
659.946,667009024,1
660.001,949731328,1
660.053,1154170880,1
660.111,1408598016,1
660.167,1433387008,1
660.228,1454833664,1
660.285,1484505088,1
660.342,1515618304,1
660.394,1536114688,1
660.453,1557430272,1
660.513,1611808768,1
660.573,1632731136,1
660.631,1640824832,1
660.689,1647132672,1
660.745,1650163712,1
660.803,1653702656,1
660.863,1661976576,1
660.923,1670955008,1
660.983,1673969664,1
661.044,1676345344,1
661.094,1677213696,1
661.155,1682014208,1
661.215,1682767872,1
661.275,1683652608,1
661.335,1684176896,1
661.394,1684357120,1
661.450,1686470656,1
661.503,1687896064,1
661.561,1690206208,1
661.621,1691713536,1
661.678,1693171712,1
661.738,1697972224,1
661.798,1701707776,1
661.858,1702297600,1
661.919,1702363136,1
661.979,1702526976,1
662.039,1702690816,1
662.097,1702756352,1
662.152,1702871040,1
662.209,1703788544,1
662.269,1703952384,1
662.328,1704886272,1
662.385,1705017344,1
662.436,1705377792,1
662.496,1705492480,1
662.553,1705803776,1
662.611,1706491904,1
662.669,1708376064,1
662.719,1711161344,1
662.778,1714159616,1
662.838,1716387840,1
662.894,1717829632,1
662.955,1719435264,1
663.015,1722777600,1
663.075,1722941440,1
663.135,1725169664,1
663.194,1725530112,1
663.253,1727102976,1
663.311,1729249280,1
663.368,1730019328,1
663.419,1730969600,1
663.477,1731903488,1
663.536,1733525504,1
663.596,1736015872,1
663.656,1737605120,1
663.711,1737834496,1
663.769,1738670080,1
663.819,1738719232,1
663.871,1739194368,1
663.931,1740324864,1
663.987,1743650816,1
664.047,1744666624,1
664.103,1745928192,1
664.163,1745928192,1
664.219,1745960960,1
664.274,1745993728,1
664.327,1746026496,1
664.387,1746026496,1
664.444,1746108416,1
664.503,1746812928,1
664.562,1750056960,1
664.619,1750663168,1
664.680,1752219648,1
664.739,1756364800,1
664.799,1757265920,1
664.859,1758838784,1
664.919,1760395264,1
664.978,1763442688,1
665.036,1765572608,1
665.094,1767456768,1
665.151,1768800256,1
665.209,1769619456,1
665.269,1770307584,1
665.329,1771339776,1
665.386,1773125632,1
665.444,1779875840,1
665.504,1781121024,1
665.561,1781121024,1
665.620,1781186560,1
665.680,1781186560,1
665.736,1781186560,1
665.794,1781202944,1
665.847,1781219328,1
665.903,1781235712,1
665.963,1781645312,1
666.023,1781989376,1
666.083,1785577472,1
666.143,0,1
666.205,0,0
666.269,983040,2
666.322,129777664,2
666.381,198017024,2
666.436,239157248,2
666.490,283082752,2
666.548,324255744,2
666.603,356990976,2
666.659,391561216,2
666.720,422428672,2
666.780,454770688,2
666.838,485687296,2
666.898,515424256,2
666.953,545423360,2
667.013,565592064,2
667.071,587300864,2
667.128,610811904,2
667.179,630095872,2
667.236,661225472,2
667.296,685408256,2
667.353,710311936,2
667.406,729137152,2
667.466,749223936,2
667.519,766722048,2
667.580,787120128,2
667.636,804552704,2
667.693,824885248,2
667.753,845463552,2
667.813,866156544,2
667.871,885686272,2
667.931,1226539008,2
667.986,1644789760,2
668.046,2314092544,2
668.106,2794487808,2
668.166,2882420736,2
668.219,2922135552,2
668.277,2970533888,2
668.329,3040755712,2
668.389,3087826944,2
668.446,3108372480,2
668.506,3229433856,2
668.566,3277733888,2
668.619,3286482944,2
668.678,3312418816,2
668.730,1661976576,2
668.785,0,1
668.846,0,0
668.906,622592,1
668.964,68042752,1
669.019,102203392,1
669.080,128598016,1
669.136,152764416,1
669.186,170508288,1
669.246,191348736,1
669.306,208568320,1
669.361,224444416,1
669.419,241287168,1
669.480,257228800,1
669.536,273645568,1
669.594,284295168,1
669.654,296927232,1
669.714,309510144,1
669.774,326516736,1
669.834,340164608,1
669.893,353337344,1
669.945,363429888,1
670.001,373014528,1
670.054,382697472,1
670.109,392937472,1
670.170,402931712,1
670.230,537264128,1
670.290,797474816,1
670.350,1079361536,1
670.410,1249542144,1
670.468,1263861760,1
670.519,1284620288,1
670.578,1325285376,1
670.636,1349320704,1
670.694,1360592896,1
670.752,1420443648,1
670.803,1438154752,1
670.861,1450246144,1
670.919,1460846592,1
670.980,0,1
671.041,0,0
