elapsed_seconds,aggregate_compiler_rss_bytes,active_compilers
0.006,983040,4
0.066,303267840,4
0.127,448053248,4
0.187,567705600,4
0.247,664485888,4
0.303,739115008,4
0.363,821329920,4
0.424,895762432,4
0.484,966606848,4
0.544,1009057792,4
0.603,1056735232,4
0.664,1078657024,4
0.724,1114619904,4
0.784,1175846912,4
0.836,1223262208,4
0.897,1278492672,4
0.956,1326874624,4
1.016,1377566720,4
1.070,1430306816,4
1.130,1516158976,4
1.190,1828831232,4
1.245,1958395904,4
1.305,2071199744,4
1.365,2140160000,4
1.426,2203680768,4
1.486,2267873280,4
1.541,2601795584,4
1.595,2663137280,4
1.653,3231629312,4
1.713,4134977536,4
1.767,4995301376,4
1.826,5339217920,4
1.887,5650825216,4
1.947,5776441344,4
2.007,5934661632,4
2.062,6037864448,4
2.122,6224314368,4
2.182,6304759808,4
2.242,6428655616,4
2.295,6498729984,4
2.355,6987792384,4
2.415,7438188544,4
2.469,7911636992,4
2.529,8358133760,4
2.589,8423571456,4
2.645,8454275072,4
2.705,6286966784,4
2.765,6419775488,3
2.824,6487719936,4
2.878,6582845440,4
2.939,6642597888,4
2.999,6743851008,4
3.059,6808158208,4
3.119,6843023360,4
3.180,6876004352,4
3.239,6898401280,4
3.299,6931841024,4
3.353,6961463296,4
3.413,6988054528,4
3.473,7028015104,4
3.534,4781998080,4
3.594,4801658880,3
3.656,4831723520,4
3.716,4929224704,4
3.777,4979474432,4
3.837,5076516864,4
3.897,2338619392,4
3.954,2373877760,3
4.015,2408562688,4
4.073,732495872,4
4.133,800342016,3
4.191,857014272,4
4.245,972111872,4
4.305,1051639808,4
4.366,1124892672,4
4.426,1190592512,4
4.486,1253228544,4
4.547,1312505856,4
4.603,1365835776,4
4.663,1423753216,4
4.720,1474297856,4
4.780,1525956608,4
4.838,1573306368,4
4.899,1621753856,4
4.959,1758789632,4
5.019,2301919232,4
5.080,2903490560,4
5.136,3464888320,4
5.197,3562881024,4
5.257,4002201600,4
5.311,4377722880,4
5.372,5014519808,4
5.428,5319835648,4
5.488,5374689280,4
5.545,5430034432,4
5.605,5986123776,4
5.661,6423887872,4
5.722,6924156928,4
5.778,7240400896,4
5.838,7345143808,4
5.895,7398342656,4
5.955,7503151104,4
6.016,7619149824,4
6.076,7658094592,4
6.127,7687536640,4
6.185,7763050496,4
6.245,8213708800,4
6.303,8613855232,4
6.363,9157115904,4
6.424,9499000832,4
6.484,9553100800,4
6.544,9585311744,4
6.605,9645637632,4
6.664,9780510720,4
6.725,9806299136,4
6.780,9827532800,4
6.837,9864740864,4
6.895,9914138624,4
6.951,9950642176,4
7.003,9961455616,4
7.063,9986621440,4
7.124,9997008896,4
7.184,10000400384,4
7.244,7270137856,4
7.304,7273906176,3
7.365,7278362624,4
7.426,7363002368,4
7.486,7403962368,4
7.536,7427538944,4
7.597,7440351232,4
7.656,7455145984,4
7.714,7466336256,4
7.770,7480737792,4
7.830,7488339968,4
7.889,7509622784,4
7.945,7530168320,4
8.005,7546929152,4
8.060,4849795072,4
8.121,4859871232,4
8.178,4875321344,3
8.240,4893507584,4
8.301,2673164288,4
8.361,2725625856,3
8.423,2772140032,4
8.478,2883829760,4
8.539,2958327808,4
8.599,3024863232,4
8.653,3078668288,4
8.713,3133259776,4
8.774,3182690304,4
8.828,3224338432,4
8.888,3267248128,4
8.945,3306995712,4
9.005,3346432000,4
9.065,3386015744,4
9.126,3426222080,4
9.186,3465347072,4
9.236,3497132032,4
9.297,3529293824,4
9.353,3568091136,4
9.413,3600596992,4
9.474,3629973504,4
9.534,3661709312,4
9.586,3686563840,4
9.647,3713220608,4
9.707,3738812416,4
9.761,3764731904,4
9.822,3793420288,4
9.878,3819159552,4
9.938,3844210688,4
9.999,3871244288,4
10.059,3896508416,4
10.119,3956604928,4
10.180,1615773696,4
10.240,1640415232,3
10.296,1663516672,4
10.356,1827160064,4
10.414,2365079552,4
10.475,3302490112,4
10.535,4312285184,4
10.586,4861034496,4
10.647,5376868352,4
10.705,5471830016,4
10.765,5633884160,4
10.825,5755764736,4
10.886,5933645824,4
10.945,6017007616,4
11.005,6129270784,4
11.061,6203736064,4
11.122,6306512896,4
11.178,6362628096,4
11.238,6394232832,4
11.299,6418825216,4
11.356,6444695552,4
11.416,6471139328,4
11.470,6496698368,4
11.530,6521176064,4
11.590,6555041792,4
11.651,6577635328,4
11.703,6596411392,4
11.754,6615973888,4
11.811,6633472000,4
11.872,6650003456,4
11.932,6711574528,4
11.986,3947298816,4
12.047,3962814464,3
12.102,3980427264,4
12.160,4074487808,4
12.218,4125163520,4
12.278,4169318400,4
12.338,4207443968,4
12.395,4693524480,4
12.455,5176213504,4
12.511,5713838080,4
12.570,6038290432,4
12.630,6065356800,4
12.690,6111215616,4
12.745,6198902784,4
12.805,6345146368,4
12.861,6380175360,4
12.922,6418530304,4
12.982,6490882048,4
13.042,6563414016,4
13.095,6588923904,4
13.155,6614056960,4
13.214,6640795648,4
13.270,6665437184,4
13.330,7107395584,4
13.386,7450607616,4
13.447,7812710400,4
13.507,7853867008,4
13.561,7879622656,4
13.622,7996325888,4
13.682,8060780544,4
13.736,8125218816,4
13.797,5393170432,4
13.857,5417598976,3
13.913,5430771712,4
13.970,5518917632,4
14.030,5577490432,4
14.085,5611765760,4
14.136,5638848512,4
14.197,5667471360,4
14.257,5693865984,4
14.317,5720195072,4
14.370,5739692032,4
14.430,5763710976,4
14.490,5786075136,4
14.551,5806653440,4
14.603,5824004096,4
14.663,5845565440,4
14.720,5862916096,4
14.780,5880840192,4
14.836,5896978432,4
14.897,5917032448,4
14.957,5939314688,4
15.017,5954928640,4
15.078,5975179264,4
15.136,5994528768,4
15.190,6008225792,4
15.248,6023741440,4
15.306,6040895488,4
15.366,6057263104,4
15.427,6074204160,4
15.487,6094782464,4
15.547,6111559680,4
15.598,6122160128,4
15.659,6158467072,4
15.715,4273258496,3
15.771,4286562304,4
15.832,4377952256,4
15.886,4423352320,4
15.947,4467326976,4
16.003,4502274048,4
16.063,4651958272,4
16.120,5110169600,4
16.180,5636538368,4
16.240,6183485440,4
16.295,6373195776,4
16.355,6401884160,4
16.415,6444941312,4
16.470,6549045248,4
16.530,6675841024,4
16.586,6709755904,4
16.647,6745096192,4
16.703,6808207360,4
16.763,6887473152,4
16.824,6914162688,4
16.884,6938984448,4
16.936,6953664512,4
16.997,6972407808,4
17.057,6995214336,4
17.111,7009402880,4
17.172,7025065984,4
17.228,7044104192,4
17.286,7197589504,4
17.347,7611351040,4
17.407,8042250240,4
17.461,8424161280,4
17.522,8458076160,4
17.578,8487256064,4
17.638,8558149632,4
17.699,8677244928,4
17.753,8697937920,4
17.813,8734785536,4
17.870,8840757248,4
17.930,6066061312,4
17.987,6078349312,3
18.049,6096863232,4
18.109,6192136192,4
18.161,6230769664,4
18.222,6268633088,4
18.278,6297944064,4
18.338,6327255040,4
18.395,6353174528,4
18.455,6381617152,4
18.515,6410289152,4
18.570,6428852224,4
18.630,6448267264,4
18.684,6468272128,4
18.744,4278714368,4
18.795,4293132288,3
18.857,4311367680,4
18.917,4410163200,4
18.970,4459986944,4
19.030,4508254208,4
19.086,4550934528,4
19.147,4588732416,4
19.207,4629774336,4
19.261,4660117504,4
19.311,4685791232,4
19.372,4716396544,4
19.432,4752637952,4
19.492,4782751744,4
19.545,4810342400,4
19.605,4837670912,4
19.661,4860837888,4
19.722,4886052864,4
19.778,4909793280,4
19.838,4988895232,4
19.899,5317541888,4
19.959,5513199616,4
20.011,2733834240,4
20.072,2797289472,3
20.130,2899165184,4
20.190,3725017088,4
20.245,4647124992,4
20.305,5828886528,4
20.361,6790135808,4
20.422,7352975360,4
20.482,7534395392,4
20.542,7778566144,4
20.603,8238825472,4
20.663,8360804352,4
20.723,8401698816,4
20.778,8468709376,4
20.838,8579121152,4
20.899,8628551680,4
20.953,8727150592,4
21.013,9302900736,4
21.070,9856253952,4
21.130,10398547968,4
21.188,10712317952,4
21.245,10786799616,4
21.305,10840047616,4
21.365,10925719552,4
21.420,11123343360,4
21.480,11240996864,4
21.536,11324620800,4
21.597,11400544256,4
21.657,11680743424,4
21.711,12061982720,4
21.772,12484984832,4
21.832,12867960832,4
21.887,12905299968,4
21.945,12934987776,4
22.005,13027295232,4
22.061,13119143936,4
22.122,13150568448,4
22.178,13183205376,4
22.238,13246251008,4
22.298,13254983680,4
22.358,13268811776,4
22.418,13282197504,4
22.478,13293813760,4
22.538,13297549312,4
22.596,13299040256,4
22.653,13346963456,4
22.713,10644930560,4
22.774,10706993152,3
22.830,4828741632,4
22.886,4904206336,4
22.947,2791358464,4
23.004,2819309568,2
23.063,2844393472,4
23.120,3016933376,4
23.180,3111845888,4
23.240,3191701504,4
23.301,3257696256,4
23.351,3306471424,4
23.411,3363176448,4
23.472,3421388800,4
23.532,3474145280,4
23.586,3516301312,4
23.647,3560488960,4
23.697,3599106048,4
23.753,3639230464,4
23.813,3681239040,4
23.874,3719872512,4
23.934,4169105408,4
23.986,4523393024,4
24.047,4852695040,4
24.103,4887969792,4
24.163,4937089024,4
24.224,5100830720,4
24.278,5140267008,4
24.338,5192269824,4
24.395,5258362880,4
24.455,5288198144,4
24.515,5380374528,4
24.570,5801279488,4
24.630,6398459904,4
24.686,7178485760,4
24.747,7615021056,4
24.807,8025571328,4
24.867,8131756032,4
24.928,8258584576,4
24.988,8364982272,4
25.045,8488304640,4
25.105,8571813888,4
25.164,6846742528,4
25.225,6921699328,3
25.287,6992101376,4
25.343,4325195776,4
25.407,4382932992,3
25.463,4419141632,4
25.520,4527505408,4
25.580,4589830144,4
25.640,4646780928,4
25.695,4692164608,4
25.755,4730830848,4
25.815,2563506176,4
25.876,2598338560,3
25.930,2626912256,4
25.990,2744614912,4
26.045,2805268480,4
26.103,2860679168,4
26.163,2911600640,4
26.224,849166336,4
26.284,894205952,3
26.346,941965312,4
26.407,1057734656,4
26.467,1131741184,4
26.527,1199751168,4
26.578,1246380032,4
26.638,1305280512,4
26.699,1356431360,4
26.756,1825718272,4
26.815,2098528256,4
26.875,2321907712,4
26.935,2376663040,4
26.996,2875703296,4
27.056,3330162688,4
27.116,3879272448,4
27.170,4083073024,4
27.230,4129243136,4
27.289,4176986112,4
27.345,4338794496,4
27.405,4410769408,4
27.465,4450729984,4
27.526,4518346752,4
27.586,4578295808,4
27.636,4607098880,4
27.697,4631330816,4
27.753,4651630592,4
27.813,4802510848,4
27.870,5261492224,4
27.930,3528343552,3
27.988,4072062976,4
28.048,4311646208,4
28.103,4365893632,4
28.163,4460380160,4
28.224,5036949504,4
28.281,5533483008,4
28.341,6051856384,4
28.402,6219726848,4
28.462,6308003840,4
28.520,6393856000,4
28.580,6554746880,4
28.639,6630129664,4
28.698,5175410688,4
28.756,5226479616,3
28.818,5301125120,4
28.879,5405065216,4
28.939,5468094464,4
28.995,5517033472,4
29.055,5566021632,4
29.115,5599199232,4
29.176,5638635520,4
29.236,5672435712,4
29.295,5704433664,4
29.355,5738971136,4
29.415,3413229568,4
29.476,3438723072,3
29.538,3465592832,4
29.595,3564371968,4
29.655,3628187648,4
29.711,3746971648,4
29.772,4240375808,4
29.832,4713922560,4
29.886,5180850176,4
29.947,5252595712,4
30.006,5302992896,4
30.064,5381324800,4
30.120,5693669376,4
30.180,6126551040,4
30.240,6573867008,4
30.301,6848348160,4
30.361,6926024704,4
30.421,6979420160,4
30.478,7133429760,4
30.538,7183532032,4
30.599,7225180160,4
30.653,7287980032,4
30.713,7317618688,4
30.774,7360380928,4
30.831,7380942848,4
30.889,7398031360,4
30.950,5502353408,4
31.010,5512626176,3
31.072,5523914752,4
31.132,5615058944,4
31.193,5663735808,4
31.245,5699174400,4
31.303,5733400576,4
31.363,5763776512,4
31.420,5791449088,4
31.480,5818957824,4
31.536,5847597056,4
31.591,5869764608,4
31.652,5892177920,4
31.712,5914066944,4
31.770,5934497792,4
31.830,6030852096,4
31.890,4136517632,4
31.945,4586815488,3
32.007,5168037888,4
32.067,5461082112,4
32.126,5524144128,4
32.178,5576867840,4
32.229,5661655040,4
32.289,5821251584,4
32.350,5876498432,4
32.410,5926223872,4
32.470,5999935488,4
32.531,6083624960,4
32.591,6120800256,4
32.645,6152765440,4
32.705,6178799616,4
32.761,6206341120,4
32.822,6235226112,4
32.878,6257557504,4
32.938,6696747008,4
32.999,7091519488,4
33.053,7501660160,4
33.113,7789527040,4
33.170,7862796288,4
33.230,5084364800,4
33.287,5187616768,3
33.348,5299142656,4
33.409,5408309248,4
33.469,5479448576,4
33.520,5572640768,4
33.580,5632049152,4
33.640,5675237376,4
33.698,5705170944,4
33.756,5735235584,4
33.816,3036151808,4
33.870,3056173056,3
33.932,3413966848,4
33.992,3853238272,4
34.045,4312612864,4
34.105,4738859008,4
34.165,4808654848,4
34.220,4861427712,4
34.280,4967137280,4
34.338,5115035648,4
34.395,5157240832,4
34.453,5206556672,4
34.513,5302648832,4
34.574,5362761728,4
34.634,5399429120,4
34.686,5421416448,4
34.747,5475860480,4
34.803,3123593216,3
34.865,3148382208,4
34.925,3249717248,4
34.986,3308470272,4
35.036,3355607040,4
35.097,3403415552,4
35.157,3444359168,4
35.211,3478929408,4
35.272,3516203008,4
35.332,3560210432,4
35.392,3594207232,4
35.452,3625222144,4
35.511,3684499456,4
35.572,1304035328,3
35.634,1335230464,4
35.694,1633058816,4
35.745,2487156736,4
35.805,3542990848,4
35.865,4653318144,4
35.926,4820353024,4
35.986,4883267584,4
36.036,4952948736,4
36.097,5379637248,4
36.157,5915312128,4
36.217,6397526016,4
36.278,6628556800,4
36.338,6779224064,4
36.392,6879281152,4
36.452,7039533056,4
36.511,7083999232,4
36.572,7123320832,4
36.632,7186399232,4
36.689,7212138496,4
36.745,7234437120,4
36.805,7257833472,4
36.865,7281262592,4
36.925,7303954432,4
36.978,7322697728,4
37.038,7338737664,4
37.095,7353712640,4
37.155,7368572928,4
37.215,7380877312,4
37.270,7417233408,4
37.330,7876411392,4
37.386,8274149376,4
37.447,8733835264,4
37.507,8794488832,4
37.561,8815214592,4
37.622,8878178304,4
37.678,7128285184,3
37.740,4776804352,4
37.798,4875517952,3
37.857,4975738880,4
37.914,5104418816,4
37.970,5169922048,4
38.030,5223907328,4
38.086,5269028864,4
38.147,5314347008,4
38.207,5359616000,4
38.261,5390630912,4
38.321,5425627136,4
38.381,5456199680,4
38.441,5486870528,4
38.495,5512658944,4
38.555,5582700544,4
38.614,2828845056,4
38.673,2853093376,3
38.735,2885189632,4
38.795,2993143808,4
38.853,3054813184,4
38.913,904151040,4
38.973,947077120,3
39.035,993427456,4
39.086,1105297408,4
39.147,1183842304,4
39.205,1246363648,4
39.261,1301839872,4
39.321,1354924032,4
39.378,1404698624,4
39.438,1456078848,4
39.498,1503084544,4
39.553,1544814592,4
39.613,2025144320,4
39.669,2484551680,4
39.730,3044065280,4
39.790,3140141056,4
39.845,3187752960,4
39.897,3240574976,4
39.957,3424321536,4
40.012,3549888512,4
40.072,4060921856,4
40.131,4613636096,4
40.189,5212798976,4
40.249,5420367872,4
40.310,5460033536,4
40.370,5503205376,4
40.430,5639176192,4
40.486,5746933760,4
40.546,5788663808,4
40.607,5823594496,4
40.661,5903532032,4
40.722,5960564736,4
40.778,5987581952,4
40.838,6013927424,4
40.895,6031769600,4
40.955,6059884544,4
41.015,6082445312,4
41.070,6505627648,4
41.130,7366410240,4
41.186,8247328768,4
41.245,9180872704,4
41.305,9498279936,4
41.365,9532653568,4
41.426,9584672768,4
41.486,9812295680,4
41.546,9971531776,4
41.603,10015014912,4
41.663,7700152320,4
41.723,7834943488,3
41.782,7911374848,4
41.839,8006369280,4
41.897,8064516096,4
41.956,8098381824,4
42.011,8131772416,4
42.072,8160673792,4
42.132,8186675200,4
42.190,8213823488,4
42.245,8237973504,4
42.305,8259158016,4
42.364,8282193920,4
42.422,8302837760,4
42.478,8320319488,4
42.538,8352022528,4
42.597,8367636480,4
42.656,8381759488,4
42.716,5664440320,4
42.777,5678153728,3
42.838,5691965440,4
42.898,5790007296,4
42.958,5839634432,4
43.019,5885231104,4
43.079,5929844736,4
43.136,5959876608,4
43.196,5989138432,4
43.253,6015303680,4
43.313,6043402240,4
43.370,3463921664,4
43.423,3484811264,4
43.484,3507994624,3
43.537,3528736768,4
43.595,3628810240,4
43.655,3729784832,4
43.714,975323136,4
43.770,1014071296,3
43.832,1055293440,4
43.892,1179713536,4
43.952,1252098048,4
44.013,1314160640,4
44.073,1373831168,4
44.128,1779056640,4
44.188,2268528640,4
44.243,2855534592,4
44.295,3208101888,4
44.355,3295215616,4
44.414,3354132480,4
44.470,3425402880,4
44.530,3608330240,4
44.590,3668754432,4
44.644,3720953856,4
44.705,3797598208,4
44.765,3893657600,4
44.825,3935158272,4
44.886,3977117696,4
44.943,4018880512,4
45.003,4050436096,4
45.063,4085137408,4
45.123,4113498112,4
45.184,4156653568,4
45.244,4660723712,4
45.303,5137989632,4
45.363,5721112576,4
45.420,3279028224,4
45.480,3302342656,3
45.542,3346251776,4
45.602,3530178560,4
45.661,4031283200,4
45.721,4464885760,4
45.773,4949934080,4
45.828,5442306048,4
45.888,5588287488,4
45.944,5648384000,4
46.005,5710364672,4
46.065,5884428288,4
46.125,6373621760,4
46.178,6749470720,4
46.236,7278018560,4
46.296,7792312320,4
46.356,7885160448,4
46.411,7920254976,4
46.471,7961149440,4
46.531,8104820736,4
46.591,8182562816,4
46.644,8218476544,4
46.705,8248557568,4
46.761,8331804672,4
46.821,8382070784,4
46.882,8402763776,4
46.936,8425783296,4
46.996,8440856576,4
47.057,8458387456,4
47.116,8476672000,4
47.171,8489172992,4
47.232,8502542336,4
47.292,8517763072,4
47.346,8527560704,4
47.402,8539078656,4
47.461,8551972864,4
47.521,8565014528,4
47.582,8578613248,4
47.636,8587608064,4
47.697,9008693248,4
47.753,9372925952,4
47.813,9897312256,4
47.869,10196975616,4
47.930,10252763136,4
47.986,10277552128,4
48.046,10343530496,4
48.106,10512465920,4
48.164,7779614720,4
48.223,5017550848,3
48.284,5060395008,3
48.346,5211308032,4
48.406,5337956352,4
48.466,5411504128,4
48.519,5464784896,4
48.580,5512429568,4
48.640,5555191808,4
48.697,5597986816,4
48.758,3088760832,4
48.813,3116908544,3
48.869,3144777728,4
48.929,3272491008,4
48.986,685981696,4
49.047,741310464,3
49.109,792330240,4
49.169,919175168,4
49.219,990937088,4
49.280,1057947648,4
49.340,1117044736,4
49.400,1176633344,4
49.460,1231142912,4
49.514,1282310144,4
49.575,1688879104,4
49.635,2131034112,4
49.693,2531573760,4
49.753,2579496960,4
49.813,2639462400,4
49.868,2800123904,4
49.928,2869919744,4
49.986,2923102208,4
50.044,3010134016,4
50.104,3052748800,4
50.164,3087876096,4
50.220,3128262656,4
50.276,3160948736,4
50.337,3190587392,4
50.397,3220865024,4
50.454,3248340992,4
50.514,3276144640,4
50.574,3305701376,4
50.635,3336568832,4
50.696,1623916544,3
50.754,2134573056,4
50.811,2776449024,4
50.871,3372335104,4
50.931,3900702720,4
50.991,4357160960,4
51.045,4873125888,4
51.105,5345181696,4
51.164,5445468160,4
51.219,5506072576,4
51.280,5613846528,4
51.340,5828476928,4
51.396,5898223616,4
51.457,5947408384,4
51.511,6027493376,4
51.571,6108413952,4
51.631,6141263872,4
51.689,6173229056,4
51.747,6193971200,4
51.803,6213353472,4
51.863,6234554368,4
51.923,6255296512,4
51.978,6279135232,4
52.038,6303301632,4
52.094,6320537600,4
52.155,6338412544,4
52.211,6356533248,4
52.272,6376079360,4
52.331,6393856000,4
52.386,3850158080,4
52.447,3864510464,3
52.504,3877601280,4
52.564,3970056192,4
52.615,4013768704,4
52.675,4057055232,4
52.728,4090134528,4
52.788,4125671424,4
52.848,4158586880,4
52.909,4190683136,4
52.969,4220010496,4
53.029,4246274048,4
53.086,4273176576,4
53.146,4668194816,4
53.197,5006262272,4
53.258,5548802048,4
53.311,6012846080,4
53.371,6114426880,4
53.428,6144327680,4
53.486,6187204608,4
53.546,6327664640,4
53.607,6410780672,4
53.667,6452887552,4
53.719,6484361216,4
53.780,6570016768,4
53.836,6620741632,4
53.896,6645301248,4
53.956,6669058048,4
54.014,6692487168,4
54.070,6716669952,4
54.128,6735249408,4
54.188,6803275776,4
54.247,3967123456,4
54.302,3983294464,3
54.361,4001431552,4
54.414,4085760000,4
54.474,4137041920,4
54.534,4179329024,4
54.586,4211589120,4
54.646,4245995520,4
54.707,4278517760,4
54.760,4305321984,4
54.819,4335222784,4
54.880,4835065856,4
54.936,5280825344,4
54.994,5819858944,4
55.055,6146818048,4
55.111,6173163520,4
55.171,6215385088,4
55.232,6306201600,4
55.286,6438584320,4
55.344,6517129216,4
55.405,3761979392,4
55.464,3821797376,3
55.521,3898982400,4
55.578,4003741696,4
55.638,4066705408,4
55.694,4111286272,4
55.755,4153245696,4
55.815,4192845824,4
55.872,4227203072,4
55.933,4263395328,4
55.986,4289298432,4
56.046,4321820672,4
56.103,4348608512,4
56.163,4376117248,4
56.220,4401217536,4
56.280,4427055104,4
56.336,4452548608,4
56.395,4476223488,4
56.455,4501127168,4
56.511,4527177728,4
56.565,4547674112,4
56.619,4574216192,4
56.670,4595826688,4
56.730,4618092544,4
56.786,2238169088,4
56.847,2668249088,3
56.902,3232464896,4
56.962,3772170240,4
57.022,3869605888,4
57.078,3923968000,4
57.138,3997204480,4
57.197,4177362944,4
57.257,4245487616,4
57.311,4292460544,4
57.372,4353441792,4
57.432,4445782016,4
57.486,4492410880,4
57.546,4529930240,4
57.603,4959682560,4
57.661,5354209280,4
57.721,5902680064,4
57.782,6246694912,4
57.834,6266093568,4
57.895,6307315712,4
57.955,6402654208,4
58.015,6544572416,4
58.076,6579683328,4
58.134,6613286912,4
58.193,6692192256,4
58.253,6747750400,4
58.313,6769999872,4
58.369,6794428416,4
58.429,6814351360,4
58.486,6834356224,4
58.546,6851903488,4
58.603,6866534400,4
58.663,6884311040,4
58.719,6899138560,4
58.780,6913687552,4
58.837,6933528576,4
58.894,6944702464,4
58.955,6958202880,4
59.011,4404576256,4
59.072,4416389120,3
59.134,4428988416,4
59.186,4516085760,4
59.246,4904796160,4
59.303,5281546240,4
59.363,5845139456,4
59.423,3536093184,4
59.481,3615719424,4
59.540,3654795264,3
59.596,3699458048,4
59.653,3925295104,4
59.713,4045586432,4
59.773,4112531456,4
59.831,4175806464,4
59.891,4286889984,4
59.945,4341186560,4
60.005,4384030720,4
60.065,4419584000,4
60.125,4451729408,4
60.186,4481728512,4
60.236,4510482432,4
60.296,4544036864,4
60.356,4572020736,4
60.414,4599644160,4
60.470,4624138240,4
60.530,4652728320,4
60.590,4681498624,4
60.644,4708352000,4
60.697,4732354560,4
60.757,4758208512,4
60.813,4785307648,4
60.874,4811341824,4
60.928,4833837056,4
60.980,4851548160,4
61.040,4875124736,4
61.094,4894408704,4
61.155,4916150272,4
61.211,4935237632,4
61.271,4956078080,4
61.332,5151342592,4
61.386,5554749440,4
61.446,6063439872,4
61.506,6587514880,4
61.558,6732070912,4
61.618,6756597760,4
61.669,6784778240,4
61.730,6888931328,4
61.786,7003389952,4
61.846,7035289600,4
61.899,7061995520,4
61.953,7534428160,4
62.013,7991738368,4
62.073,8509276160,4
62.134,8923529216,4
62.186,8982118400,4
62.246,9023750144,4
62.307,6387351552,4
62.368,6527893504,3
62.430,6593675264,4
62.490,6697811968,4
62.544,7099940864,4
62.605,7606108160,4
62.661,8114995200,4
62.721,8735277056,4
62.778,9290448896,4
62.838,9831301120,4
62.894,10306633728,4
62.955,10738008064,4
63.015,10832920576,4
63.075,10896982016,4
63.136,8132739072,4
63.198,8168816640,3
63.259,8195604480,4
63.320,8380661760,4
63.380,8576909312,4
63.436,8667365376,4
63.496,8721416192,4
63.557,8773877760,4
63.617,8818900992,4
63.669,8877015040,4
63.730,8978825216,4
63.786,9073246208,4
63.846,9157017600,4
63.905,9208020992,4
63.961,9242771456,4
64.021,9266806784,4
64.082,9298329600,4
64.140,9331949568,4
64.200,9353412608,4
64.253,9376743424,4
64.313,9822535680,4
64.368,10113777664,4
64.427,10487693312,4
64.488,10870177792,4
64.548,8095825920,4
64.603,8126939136,4
64.665,8210071552,3
64.727,8343404544,4
64.787,8451964928,4
64.847,8517484544,4
64.903,8621195264,4
64.961,8678555648,4
65.021,8714960896,4
65.082,8755068928,4
65.136,8785690624,4
65.196,8814346240,4
65.257,8842461184,4
65.314,8865071104,4
65.369,8893628416,4
65.430,8923578368,4
65.490,6618595328,4
65.547,6637420544,3
65.609,6965886976,4
65.661,7391182848,4
65.721,7949598720,4
65.778,8472002560,4
65.838,8607301632,4
65.894,8651587584,4
65.955,8763392000,4
66.011,8969011200,4
66.071,3173531648,4
66.132,3218014208,4
66.186,3253501952,4
66.247,3339173888,3
66.308,3405611008,4
66.369,3514646528,4
66.429,3584032768,4
66.489,3634200576,4
66.550,3680796672,4
66.610,3725164544,4
66.670,3769434112,4
66.731,3806216192,4
66.786,1137459200,4
66.847,1169047552,3
66.908,1202814976,4
66.969,1317634048,4
67.029,1385037824,4
67.089,1946992640,4
67.147,2515533824,4
67.208,3141779456,4
67.268,3641573376,4
67.328,4039655424,4
67.389,4555767808,4
67.444,4896309248,4
67.505,5016027136,4
67.561,5081333760,4
67.621,5246107648,4
67.682,5386076160,4
67.739,5459738624,4
67.799,5535547392,4
67.860,5608587264,4
67.920,5643321344,4
67.980,5685297152,4
68.041,5715066880,4
68.101,5741903872,4
68.161,5764431872,4
68.220,5788073984,4
68.280,5809881088,4
68.336,5828296704,4
68.396,5846794240,4
68.457,5868437504,4
68.510,5888770048,4
68.571,5907496960,4
68.631,5925421056,4
68.691,5948915712,4
68.751,5968740352,4
68.803,5987450880,4
68.863,6003687424,4
68.923,3817340928,4
68.976,1098121216,3
69.038,1114030080,3
69.100,1212973056,4
69.160,1346011136,4
69.219,1424588800,4
69.280,1490534400,4
69.338,1546584064,4
69.397,1599979520,4
69.453,1647542272,4
69.513,1697251328,4
69.573,1740357632,4
69.634,1783185408,4
69.693,1823965184,4
69.753,1864728576,4
69.811,1903067136,4
69.871,1941454848,4
69.932,1982201856,4
69.989,2014625792,4
70.047,2053734400,4
70.106,2086174720,4
70.161,2117632000,4
70.221,2150924288,4
70.281,2185740288,4
70.336,2219130880,4
70.396,2250850304,4
70.453,2279538688,4
70.511,2309537792,4
70.571,2342699008,4
70.628,2608840704,4
70.688,3026501632,4
70.744,3539206144,4
70.805,3797073920,4
70.861,3830349824,4
70.921,3874717696,4
70.972,4011999232,4
71.032,4095295488,4
71.086,4566958080,4
71.146,5051006976,4
71.203,5597364224,4
71.263,5837619200,4
71.319,5869305856,4
71.380,5909053440,4
71.436,6021251072,4
71.496,6127845376,4
71.555,6160547840,4
71.616,6189137920,4
71.676,6276136960,4
71.728,6307381248,4
71.788,6326042624,4
71.848,6347751424,4
71.906,6363021312,4
71.961,3875471360,4
72.022,3884498944,3
72.084,3894853632,4
72.141,3978657792,4
72.195,4020174848,4
72.256,4060348416,4
72.314,4099112960,4
72.372,4129751040,4
72.428,1943076864,4
72.482,1967210496,3
72.543,1995751424,4
72.594,2089680896,4
72.654,2152513536,4
72.714,2204827648,4
72.772,2249687040,4
72.824,2286665728,4
72.884,2328199168,4
72.943,2366717952,4
73.003,2404827136,4
73.063,2439675904,4
73.124,2474360832,4
73.184,2507472896,4
73.236,2541797376,4
73.296,2575761408,4
73.356,2608889856,4
73.417,2638151680,4
73.477,2670247936,4
73.528,2696380416,4
73.584,2728214528,4
73.639,2753691648,4
73.699,2768535552,4
73.759,2793848832,4
73.820,2822848512,4
73.878,2850734080,4
73.938,2875867136,4
73.998,2902671360,4
74.050,2923986944,4
74.110,2948857856,4
74.171,2974629888,4
74.228,2997731328,4
74.288,3023618048,4
74.348,3640623104,4
74.403,4331864064,4
74.463,5265702912,4
74.523,6067650560,4
74.583,6246809600,4
74.643,6289752064,4
74.703,6436192256,4
74.763,6628737024,4
74.819,6733660160,4
74.880,6790594560,4
74.936,6871400448,4
74.996,6961577984,4
75.053,7016464384,4
75.113,7047118848,4
75.169,7072301056,4
75.230,7126302720,4
75.290,4783833088,3
75.346,4792713216,4
75.401,4879302656,4
75.453,4918984704,4
75.507,4953800704,4
75.562,2327478272,4
75.623,2356576256,3
75.679,2382725120,4
75.739,2490105856,4
75.794,2547810304,4
75.855,2600648704,4
75.911,2642345984,4
75.969,2683453440,4
76.030,2723594240,4
76.090,2764374016,4
76.144,2795667456,4
76.205,2832220160,4
76.265,2865266688,4
76.325,2897838080,4
76.379,2927083520,4
76.439,2962112512,4
76.499,2991800320,4
76.553,3016818688,4
76.605,3046080512,4
76.664,3074342912,4
76.723,3106078720,4
76.778,3130261504,4
76.838,3159638016,4
76.898,3187589120,4
76.958,3213393920,4
77.019,3239116800,4
77.072,3262300160,4
77.132,3287924736,4
77.193,3312795648,4
77.253,3337011200,4
77.313,3361390592,4
77.369,3386064896,4
77.430,3410395136,4
77.490,3432710144,4
77.546,3454582784,4
77.597,3474915328,4
77.658,3498803200,4
77.718,3982901248,4
77.778,4502093824,4
77.839,5122768896,4
77.893,5330141184,4
77.951,5351784448,4
78.009,5389402112,4
78.061,5472698368,4
78.121,5611143168,4
78.181,5643698176,4
78.241,6113312768,4
78.301,6592937984,4
78.361,7216627712,4
78.419,7647100928,4
78.480,7712440320,4
78.536,7743176704,4
78.596,5043240960,4
78.657,5187338240,3
78.719,5253103616,4
78.780,5360140288,4
78.840,5423644672,4
78.897,5729615872,4
78.956,6263226368,4
79.011,6695092224,4
79.071,7293730816,4
79.132,7892107264,4
79.186,8416821248,4
79.246,8928559104,4
79.303,6442762240,4
79.364,6828556288,3
79.421,7338000384,4
79.482,7861436416,4
79.542,8482013184,4
79.602,9073197056,4
79.661,9653682176,4
79.721,10295590912,4
79.781,10838228992,4
79.839,11056087040,4
79.894,11149393920,4
79.955,11189223424,4
80.015,11245977600,4
80.069,11340251136,4
80.130,11455512576,4
80.190,11647729664,4
80.244,11831246848,4
80.303,11903614976,4
80.363,11953520640,4
80.423,11986403328,4
80.483,12027707392,4
80.544,12099813376,4
80.603,12194054144,4
80.661,12279529472,4
80.721,12338053120,4
80.781,12382879744,4
80.839,12415893504,4
80.897,12433932288,4
80.958,12459409408,4
81.018,12513099776,4
81.069,12933890048,4
81.130,13388562432,4
81.190,13973979136,4
81.244,8459681792,4
81.305,8520810496,4
81.365,8559017984,4
81.420,8658255872,3
81.482,2966028288,4
81.536,3100688384,4
81.596,3166404608,4
81.653,3215343616,3
81.715,3320315904,4
81.775,3463168000,4
81.835,3532996608,4
81.894,3595419648,4
81.952,3641671680,4
82.012,3958718464,4
82.072,4385030144,4
82.131,4935090176,4
82.189,5489754112,4
82.247,5663391744,4
82.308,5705973760,4
82.368,5753929728,4
82.428,5880201216,4
82.489,5997527040,4
82.544,6039928832,4
82.605,6086721536,4
82.664,6161858560,4
82.719,6265372672,4
82.779,3579822080,4
82.839,3608838144,3
82.901,3631415296,4
82.962,3741433856,4
83.019,963117056,4
83.080,1010368512,3
83.137,1050361856,4
83.198,1168261120,4
83.253,1236484096,4
83.313,1300905984,4
83.372,1357381632,4
83.433,1409007616,4
83.493,1459027968,4
83.544,1500332032,4
83.604,1544421376,4
83.661,1586118656,4
83.721,1627881472,4
83.781,1672118272,4
83.841,1916502016,4
83.894,2348613632,4
83.955,2954067968,4
84.015,3544596480,4
84.069,4036116480,4
84.130,4538449920,4
84.190,5130944512,4
84.244,5521276928,4
84.305,5607948288,4
84.365,5668864000,4
84.419,5763465216,4
84.480,5988909056,4
84.536,6050316288,4
84.596,6094290944,4
84.656,6166740992,4
84.717,6246187008,4
84.777,6277120000,4
84.828,6300106752,4
84.888,6323470336,4
84.944,6344835072,4
85.005,6368346112,4
85.065,6384222208,4
85.125,6401753088,4
85.177,6418808832,4
85.238,6445891584,4
85.294,6461177856,4
85.355,6867107840,4
85.415,7253377024,4
85.475,5083430912,4
85.535,5522030592,3
85.597,5582635008,4
85.653,5681987584,4
85.711,5755305984,4
85.771,6062882816,4
85.831,6582435840,4
85.889,7109083136,4
85.941,7600898048,4
85.996,7944486912,4
86.056,8056340480,4
86.114,8100200448,4
86.169,8148533248,4
86.228,8295759872,4
86.288,8372731904,4
86.348,8409071616,4
86.409,8437743616,4
86.469,8528379904,4
86.529,8578547712,4
86.589,8649195520,4
86.647,5893242880,4
86.703,5908119552,3
86.765,5925748736,4
86.825,6018482176,4
86.877,6058655744,4
86.934,6104055808,4
86.994,6142623744,4
87.055,6173786112,4
87.113,6204456960,4
87.172,6230982656,4
87.226,6260375552,4
87.286,6284165120,4
87.346,6308184064,4
87.403,6328418304,4
87.463,6352830464,4
87.523,6383927296,4
87.584,6403981312,4
87.643,6423101440,4
87.703,6443696128,4
87.763,6464684032,4
87.823,6501629952,4
87.881,3683057664,4
87.941,914014208,3
88.004,934789120,3
88.065,1036664832,4
88.122,1162444800,4
88.183,1245691904,4
88.236,1306918912,4
88.296,1367506944,4
88.347,1415561216,4
88.408,1469235200,4
88.468,1522548736,4
88.519,1943781376,4
88.579,2443526144,4
88.636,3064348672,4
88.696,3530080256,4
88.753,3613294592,4
88.813,3663806464,4
88.873,3725475840,4
88.928,3890626560,4
88.988,3974234112,4
89.048,4024778752,4
89.103,4069294080,4
89.163,4178345984,4
89.223,4249141248,4
89.281,4284219392,4
89.339,4318167040,4
89.397,4344217600,4
89.453,4796923904,4
89.513,5242486784,4
89.573,5820645376,4
89.633,3276210176,4
89.687,3341828096,3
89.748,3374448640,4
89.809,3502063616,4
89.869,3697508352,4
89.919,3778641920,4
89.980,3839705088,4
90.036,3887529984,4
90.096,4001644544,4
90.156,4067409920,4
90.217,4107976704,4
90.276,4145807360,4
90.336,4179558400,4
90.394,4212211712,4
90.454,4298571776,4
90.511,1432928256,3
90.572,1460551680,4
90.633,1693188096,4
90.683,2317352960,4
90.744,3336896512,4
90.804,4487135232,4
90.855,5138006016,4
90.915,5448531968,4
90.975,5506940928,4
91.028,5611995136,4
91.088,5812830208,4
91.144,5992628224,4
91.204,6064340992,4
91.264,6145523712,4
91.317,6257098752,4
91.378,6374998016,4
91.438,6426771456,4
91.498,6461325312,4
91.553,6486884352,4
91.613,6514704384,4
91.673,6537478144,4
91.728,6561660928,4
91.781,6580502528,4
91.841,6598656000,4
91.901,6620971008,4
91.953,6637125632,4
92.013,6657048576,4
92.069,6672285696,4
92.121,6686900224,4
92.182,6710525952,4
92.242,6727319552,4
92.302,6744883200,4
92.363,6762283008,4
92.419,6781353984,4
92.480,6805422080,4
92.536,6819790848,4
92.596,6839746560,4
92.656,4326932480,4
92.711,4666605568,3
92.773,5223350272,4
92.828,5813108736,4
92.884,6046875648,4
92.945,6090588160,4
92.999,6145245184,4
93.059,6240665600,4
93.119,6397165568,4
93.179,6443286528,4
93.240,6487588864,4
93.300,6547701760,4
93.360,6634962944,4
93.411,6674350080,4
93.471,7098286080,4
93.532,4538646528,4
93.593,5094211584,3
93.654,5654134784,4
93.714,5862932480,4
93.775,5930844160,4
93.835,5991120896,4
93.886,6108938240,4
93.938,6249693184,4
93.998,6309986304,4
94.056,3398746112,4
94.114,3453566976,3
94.174,3550707712,4
94.234,3678928896,4
94.285,3734306816,4
94.346,3796287488,4
94.403,3839098880,4
94.463,3882500096,4
94.523,3924230144,4
94.578,3957325824,4
94.638,3994075136,4
94.693,4023189504,4
94.753,4053434368,4
94.814,4074782720,4
94.866,4099538944,4
94.926,4132028416,4
94.987,4160995328,4
95.047,4187897856,4
95.102,4212752384,4
95.163,4240916480,4
95.223,4274077696,4
95.283,4301520896,4
95.336,4328112128,4
95.396,4354588672,4
95.456,4382081024,4
95.517,4408049664,4
95.577,4429824000,4
95.637,4452352000,4
95.689,4473896960,4
95.749,4896882688,4
95.809,5323718656,4
95.861,5805064192,4
95.921,6343950336,4
95.978,6468861952,4
96.038,6497386496,4
96.098,6536019968,4
96.156,6648496128,4
96.216,6763315200,4
96.269,6793592832,4
96.330,6828654592,4
96.390,6890323968,4
96.447,6964117504,4
96.507,7344193536,4
96.568,7698300928,4
96.619,8114864128,4
96.678,8623210496,4
96.738,8908095488,4
96.792,8915124224,4
96.852,8945844224,4
96.913,9010511872,4
96.969,9603137536,4
97.029,10083844096,4
97.086,10616799232,4
97.146,11010703360,4
97.206,11186667520,4
97.261,8217526272,4
97.322,8252899328,3
97.379,8374632448,4
97.440,8538783744,4
97.500,8604123136,4
97.552,8648753152,4
97.613,8735621120,4
97.665,8812380160,4
97.725,8852013056,4
97.785,5994463232,4
97.836,6012256256,4
97.895,3073409024,3
97.957,3092348928,3
98.019,3190898688,4
98.079,3320332288,4
98.136,3397763072,4
98.196,3464577024,4
98.256,3527229440,4
98.311,3572154368,4
98.371,3632578560,4
98.427,807534592,4
98.486,847429632,3
98.548,891781120,4
98.608,1009631232,4
98.665,1080164352,4
98.719,1138163712,4
98.779,1195065344,4
98.840,1251737600,4
98.900,1307131904,4
98.960,1356627968,4
99.021,1402028032,4
99.081,1444593664,4
99.136,1482457088,4
99.196,1524793344,4
99.253,1569144832,4
99.313,1611923456,4
99.372,1651015680,4
99.428,1684799488,4
99.488,1721663488,4
99.547,1757888512,4
99.607,1792524288,4
99.668,1831927808,4
99.719,1861419008,4
99.779,1898332160,4
99.839,1932410880,4
99.894,1960460288,4
99.954,1992523776,4
100.011,2022113280,4
100.071,2054881280,4
100.131,2105147392,4
100.191,2648293376,4
100.252,3221110784,4
100.302,3760537600,4
100.363,4065378304,4
100.423,4876091392,4
100.478,5656330240,4
100.538,6753026048,4
100.594,7625555968,4
100.655,7834599424,4
100.715,7896465408,4
100.769,7998423040,4
100.829,8307277824,4
100.886,8465711104,4
100.946,8515371008,4
101.006,8583135232,4
101.061,8692318208,4
101.121,8799109120,4
101.181,8837808128,4
101.242,9218015232,4
101.302,9607888896,4
101.352,10049765376,4
101.413,10586308608,4
101.469,10718576640,4
101.529,10740383744,4
101.586,10771677184,4
101.646,10864001024,4
101.706,11049648128,4
101.767,5389680640,4
101.829,5409062912,2
101.891,5466357760,4
101.952,5679644672,4
102.012,5763268608,4
102.072,3079225344,4
102.133,3126788096,3
102.187,3165765632,4
102.248,3283025920,4
102.308,3361079296,4
102.361,3416358912,4
102.421,3517743104,4
102.477,680132608,4
102.539,726614016,3
102.601,771997696,4
102.661,894304256,4
102.721,971636736,4
102.782,1036894208,4
102.842,1095532544,4
102.894,1141276672,4
102.951,1191395328,4
103.011,1240809472,4
103.071,1292451840,4
103.132,1347174400,4
103.192,1397243904,4
103.252,1438253056,4
103.311,1481883648,4
103.371,1522155520,4
103.431,1564524544,4
103.492,1605844992,4
103.544,1639464960,4
103.604,1675935744,4
103.664,1711538176,4
103.724,1751613440,4
103.784,1790607360,4
103.845,1824407552,4
103.905,1857732608,4
103.964,1890189312,4
104.022,1921531904,4
104.077,1951154176,4
104.138,1983381504,4
104.193,2011250688,4
104.253,2042183680,4
104.306,2068463616,4
104.361,2096693248,4
104.421,2126938112,4
104.477,2153037824,4
104.538,2181857280,4
104.598,2210430976,4
104.658,2582659072,4
104.711,3340795904,4
104.771,4355981312,4
104.827,5368184832,4
104.877,6266748928,4
104.930,6704463872,4
104.985,7166345216,4
105.046,7767343104,4
105.102,8165113856,4
105.163,8330772480,4
105.223,8405729280,4
105.277,8864202752,4
105.338,9496084480,4
105.398,10154164224,4
105.458,10688462848,4
105.517,10797285376,4
105.569,10876977152,4
105.627,10944987136,4
105.688,11047813120,4
105.741,11165843456,4
105.802,11188617216,4
105.859,11213078528,4
105.919,11261034496,4
105.979,11333763072,4
106.036,11365990400,4
106.096,11377803264,4
106.156,11390091264,4
106.211,8519811072,4
106.272,8524349440,3
106.331,8533393408,4
106.388,8621539328,4
106.444,8662220800,4
106.504,8697626624,4
106.561,8725643264,4
106.621,8755658752,4
106.671,8774828032,4
106.727,5906333696,4
106.786,5923438592,3
106.848,3087253504,4
106.906,3179823104,3
106.965,3234807808,4
107.026,3356344320,4
107.077,3418390528,4
107.134,3520446464,4
107.194,676954112,4
107.256,725942272,3
107.317,775520256,4
107.371,887816192,4
107.432,966410240,4
107.486,1026113536,4
107.544,1088667648,4
107.596,1141260288,4
107.655,1193345024,4
107.716,1247461376,4
107.776,1297055744,4
107.836,1342537728,4
107.896,1386119168,4
107.956,1430437888,4
108.017,1476689920,4
108.077,1526562816,4
108.137,1567145984,4
108.198,1609105408,4
108.255,1645608960,4
108.314,1681899520,4
108.372,1717780480,4
108.432,1757315072,4
108.493,1795293184,4
108.553,1829699584,4
108.613,1864646656,4
108.672,1897005056,4
108.732,1930739712,4
108.792,1962885120,4
108.847,1990688768,4
108.907,2021228544,4
108.968,2052161536,4
109.028,2082078720,4
109.086,2110963712,4
109.144,2140160000,4
109.197,2165637120,4
109.257,2410708992,4
109.311,2814623744,4
109.371,3412885504,4
109.430,4018864128,4
109.491,4193583104,4
109.551,4438605824,4
109.602,4824301568,4
109.663,5418352640,4
109.723,6100680704,4
109.783,6584467456,4
109.836,6950207488,4
109.896,7458734080,4
109.952,8063680512,4
110.013,9081798656,4
110.073,9589391360,4
110.133,10175184896,4
110.194,10589634560,4
110.244,10783358976,4
110.304,10952671232,4
110.364,11002675200,4
110.421,11133714432,4
110.477,11255988224,4
110.538,11354128384,4
110.598,11411603456,4
110.652,11463671808,4
110.713,11538382848,4
110.772,11601805312,4
110.830,8617803776,4
110.891,8622505984,3
110.946,8627437568,4
111.002,8710094848,4
111.063,8749547520,4
111.123,8780087296,4
111.180,8806301696,4
111.241,8835694592,4
111.296,8860205056,4
111.356,8879194112,4
111.411,8895709184,4
111.471,8955772928,4
111.528,6040453120,4
111.586,6054019072,3
111.648,6070534144,4
111.708,6163677184,4
111.769,3363373056,4
111.820,3395502080,3
111.881,3431825408,4
111.942,3543842816,4
111.994,3599728640,4
112.054,3655974912,4
112.115,3713744896,4
112.175,3757260800,4
112.234,3802562560,4
112.292,3907338240,4
112.353,933756928,4
112.413,971472896,3
112.474,1006895104,4
112.534,1121337344,4
112.592,1188642816,4
112.651,1246380032,4
112.711,1300774912,4
112.771,1348730880,4
112.831,1402945536,4
112.889,1449492480,4
112.947,1490829312,4
113.005,1536081920,4
113.066,1579089920,4
113.126,1619279872,4
113.186,1659535360,4
113.247,1697349632,4
113.307,1734901760,4
113.367,1770831872,4
113.419,1800880128,4
113.479,1836040192,4
113.540,1869955072,4
113.600,1907032064,4
113.652,1955069952,4
113.713,2507571200,4
113.767,3025993728,4
113.827,3659563008,4
113.887,3875799040,4
113.947,3909779456,4
114.007,3956768768,4
114.068,4078043136,4
114.127,4198383616,4
114.188,4241358848,4
114.248,4280762368,4
114.302,4357390336,4
114.363,4434100224,4
114.419,4899160064,4
114.479,5348868096,4
114.540,5925109760,4
114.600,6561628160,4
114.652,6952484864,4
114.713,7443316736,4
114.773,7992901632,4
114.833,8408416256,4
114.894,8507981824,4
114.952,8555872256,4
115.011,8613167104,4
115.071,8832778240,4
115.131,8919040000,4
115.186,8956313600,4
115.246,8996864000,4
115.303,9078587392,4
115.359,9260204032,4
115.419,9713975296,4
115.479,10210918400,4
115.540,10766991360,4
115.594,8164622336,4
115.655,8224899072,3
115.716,8250245120,4
115.777,8365228032,4
115.835,8534802432,4
115.895,8655667200,4
115.956,5787860992,4
116.017,5821857792,3
116.079,5908103168,4
116.136,6050136064,4
116.196,6118932480,4
116.252,6167494656,4
116.313,6206717952,4
116.369,6241107968,4
116.430,6273155072,4
116.486,6301335552,4
116.546,6331940864,4
116.602,6360481792,4
116.663,6389170176,4
116.715,6413254656,4
116.769,6438469632,4
116.829,6464536576,4
116.890,6488915968,4
116.950,6520176640,4
117.010,6549700608,4
117.071,6569574400,4
117.127,6590906368,4
117.188,6611845120,4
117.248,6636240896,4
117.303,6647054336,4
117.363,6668206080,4
117.419,6684082176,4
117.479,6702759936,4
117.540,6742999040,4
117.594,891224064,4
117.652,906870784,2
117.715,925532160,4
117.775,1086537728,4
117.827,1153007616,4
117.888,1217265664,4
117.944,1274347520,4
118.004,1330167808,4
118.065,1379483648,4
118.119,1423638528,4
118.180,1471610880,4
118.236,1514766336,4
118.296,1558249472,4
118.356,1599422464,4
118.416,1639219200,4
118.469,1674346496,4
118.529,1714782208,4
118.586,1750630400,4
118.646,1788739584,4
118.702,1822900224,4
118.763,2319859712,4
118.819,2822995968,4
118.873,3415572480,4
118.927,3802791936,4
118.988,4253843456,4
119.048,4698996736,4
119.108,5293899776,4
119.169,5969264640,4
119.229,6090342400,4
119.282,6138298368,4
119.343,6193348608,4
119.394,6356238336,4
119.454,6534758400,4
119.511,6580207616,4
119.562,6615629824,4
119.619,6671777792,4
119.671,6752108544,4
119.731,6796328960,4
119.791,6819856384,4
119.852,6844006400,4
119.907,6859456512,4
119.958,6873661440,4
120.018,6891732992,4
120.079,6906593280,4
120.136,6924812288,4
120.194,6946422784,4
120.254,6964772864,4
120.315,4032430080,4
120.370,4046864384,3
120.431,4062068736,4
120.492,4157276160,4
120.544,4229251072,4
120.594,4681089024,4
120.654,5152374784,4
120.711,6031540224,4
120.769,6802817024,4
120.829,7351304192,4
120.890,7899283456,4
120.942,8128724992,4
121.003,8375402496,4
121.062,5484249088,4
121.119,5544312832,3
121.179,5724160000,4
121.236,5914656768,4
121.296,6036094976,4
121.352,6094798848,4
121.413,6203277312,4
121.473,6282428416,4
121.533,6320914432,4
121.593,6355927040,4
121.644,6384402432,4
121.704,6413959168,4
121.765,6440452096,4
121.819,6465896448,4
121.879,6490144768,4
121.936,6515638272,4
121.996,6537183232,4
122.048,6555320320,4
122.108,6575931392,4
122.161,6593396736,4
122.221,6613450752,4
122.277,6629556224,4
122.337,6648659968,4
122.394,6670352384,4
122.454,6690275328,4
122.511,6712819712,4
122.571,6732660736,4
122.629,3823222784,4
122.686,947126272,4
122.744,962641920,2
122.807,979845120,4
122.863,1135558656,4
122.919,1211039744,4
122.979,1278869504,4
123.036,1339441152,4
123.096,1394753536,4
123.152,1441906688,4
123.213,1492156416,4
123.269,1537097728,4
123.329,1582088192,4
123.389,1624195072,4
123.449,2155446272,4
123.502,2644852736,4
123.563,3312730112,4
123.622,3646111744,4
123.677,3698753536,4
123.738,3752214528,4
123.794,3819962368,4
123.854,3998334976,4
123.911,4088119296,4
123.971,4599676928,4
124.031,5133631488,4
124.086,5734105088,4
124.146,6081232896,4
124.206,6161580032,4
124.261,6204358656,4
124.321,6255722496,4
124.377,6402555904,4
124.438,6476529664,4
124.489,6511542272,4
124.544,6544850944,4
124.604,6630457344,4
124.665,6694486016,4
124.725,6728040448,4
124.777,3797221376,4
124.838,3815833600,3
124.890,3831988224,4
124.943,3926769664,4
124.994,3977003008,4
125.052,4021387264,4
125.113,4062691328,4
125.169,4099047424,4
125.229,4131766272,4
125.286,1309720576,4
125.347,1340522496,3
125.408,1369899008,4
125.469,1478459392,4
125.529,1540669440,4
125.589,1594638336,4
125.649,1645412352,4
125.702,1685995520,4
125.763,2180382720,4
125.823,3072999424,4
125.883,4247076864,4
125.936,5267914752,4
125.996,5662048256,4
126.052,5705220096,4
126.104,5767233536,4
126.161,5904859136,4
126.221,6205325312,4
126.277,6263586816,4
126.338,6322733056,4
126.398,6407520256,4
126.452,6570065920,4
126.513,6637649920,4
126.569,6667681792,4
126.629,6703939584,4
126.688,6724550656,4
126.748,6745341952,4
126.802,6764380160,4
126.863,6784417792,4
126.923,6801653760,4
126.983,6818152448,4
127.042,6834438144,4
127.102,6850412544,4
127.163,6866157568,4
127.223,6881673216,4
127.280,6902415360,4
127.341,6921175040,4
127.394,6933528576,4
127.454,3997155328,4
127.511,4009967616,4
127.571,4025139200,3
127.633,4039393280,4
127.692,4130668544,4
127.753,4179771392,4
127.810,4219895808,4
127.869,4709384192,4
127.927,5159567360,4
127.988,5748817920,4
128.048,6211289088,4
128.108,6294519808,4
128.163,6767263744,4
128.219,7177650176,4
128.279,7811203072,4
128.340,8360984576,4
128.400,8457469952,4
128.460,8501886976,4
128.519,8583036928,4
128.579,8767242240,4
128.636,8878030848,4
128.696,8914862080,4
128.755,8943943680,4
128.816,9023258624,4
128.876,9087254528,4
128.936,9116762112,4
128.996,9134850048,4
129.052,9148235776,4
129.113,9159622656,4
129.172,9171648512,4
129.230,9187393536,4
129.287,9236135936,4
129.347,6260621312,4
129.406,6274301952,3
129.468,6285721600,4
129.528,6376177664,4
129.589,6423068672,4
129.649,6523731968,4
129.702,3509600256,4
129.763,3537256448,3
129.821,3567353856,4
129.881,3674963968,4
129.941,3734962176,4
129.994,3808608256,4
130.054,967245824,4
130.115,1005830144,3
130.177,1047183360,4
130.237,1164836864,4
130.290,1228914688,4
130.351,1289043968,4
130.411,1343307776,4
130.471,1393180672,4
130.525,1437581312,4
130.585,1486356480,4
130.646,2023735296,4
130.697,2502868992,4
130.757,3176398848,4
130.817,3522740224,4
130.869,3573678080,4
130.929,3628072960,4
130.986,3693789184,4
131.046,3881664512,4
131.105,3944333312,4
131.166,3993567232,4
131.219,4039557120,4
131.279,4143579136,4
131.339,4204740608,4
131.400,4241096704,4
131.460,4278632448,4
131.520,4308582400,4
131.577,4331896832,4
131.638,4360110080,4
131.696,4385456128,4
131.752,4408623104,4
131.813,4432035840,4
131.869,4453941248,4
131.929,4478304256,4
131.986,4501372928,4
132.046,4523556864,4
132.102,4543004672,4
132.163,4565352448,4
132.223,4667195392,4
132.283,5152325632,4
132.336,5583552512,4
132.396,6152536064,4
132.456,6452723712,4
132.511,6514180096,4
132.571,6551764992,4
132.627,6599868416,4
132.688,6788546560,4
132.744,7277281280,4
132.804,7718141952,4
132.861,8220852224,4
132.921,8927363072,4
132.976,9320235008,4
133.036,9734438912,4
133.096,7294533632,4
133.157,7802732544,3
133.219,8018771968,4
133.279,8148271104,4
133.339,8235139072,4
133.392,8412839936,4
133.444,5683707904,4
133.505,5778178048,3
133.567,5827772416,4
133.628,5992087552,4
133.686,6100516864,4
133.746,6158581760,4
133.802,6203179008,4
133.863,6239289344,4
133.923,6271778816,4
133.983,6303268864,4
134.043,6332317696,4
134.104,6358581248,4
134.164,6390415360,4
134.219,6413762560,4
134.279,6439223296,4
134.339,6461980672,4
134.397,6490046464,4
134.455,6510313472,4
134.516,6537101312,4
134.576,6560727040,4
134.626,6577602560,4
134.686,6603538432,4
134.746,6623838208,4
134.806,6647398400,4
134.867,6666829824,4
134.919,6681427968,4
134.979,6699466752,4
135.036,6716440576,4
135.087,6736625664,4
135.148,6757154816,4
135.202,6772899840,4
135.263,6789005312,4
135.323,6804684800,4
135.383,6881263616,4
135.436,3951640576,4
135.496,3967188992,3
135.554,3985932288,4
135.609,4076535808,4
135.669,4128980992,4
135.729,4175659008,4
135.781,4211884032,4
135.841,4247552000,4
135.902,4281401344,4
135.962,4313284608,4
136.019,4605427712,4
136.079,5022171136,4
136.139,5550735360,4
136.197,6406799360,4
136.255,3869442048,4
136.313,4377198592,3
136.371,4947181568,4
136.427,5335105536,4
136.488,5498339328,4
136.547,5578113024,4
136.605,5678481408,4
136.661,5884674048,4
136.721,6001033216,4
136.777,6054232064,4
136.829,6095093760,4
136.890,6192906240,4
136.946,6271860736,4
137.000,6308675584,4
137.059,6341738496,4
137.119,6367281152,4
137.179,6393511936,4
137.239,6415974400,4
137.292,6432456704,4
137.343,6450757632,4
137.401,6468894720,4
137.461,6489489408,4
137.519,6507347968,4
137.574,6527795200,4
137.627,6542606336,4
137.688,6563594240,4
137.748,6584614912,4
137.808,6613237760,4
137.860,6628065280,4
137.921,6645661696,4
137.977,6664306688,4
138.038,3936862208,4
138.092,3949953024,3
138.146,3964747776,4
138.202,4054433792,4
138.263,4105977856,4
138.323,4148051968,4
138.383,4184080384,4
138.436,4486447104,4
138.496,4905353216,4
138.556,5451087872,4
138.616,6009487360,4
138.677,6165282816,4
138.727,6194102272,4
138.787,6238633984,4
138.848,6357319680,4
138.908,6476414976,4
138.968,6516080640,4
139.029,6554124288,4
139.089,6636716032,4
139.144,6699696128,4
139.197,6725976064,4
139.255,7116718080,4
139.314,7501774848,4
139.369,7964737536,4
139.427,8458158080,4
139.488,8654667776,4
139.544,8673558528,4
139.604,8708833280,4
139.665,8808316928,4
139.725,8934572032,4
139.785,8965357568,4
139.836,8991621120,4
139.896,9042673664,4
139.956,9118384128,4
140.011,9152200704,4
140.071,9174007808,4
140.127,9184952320,4
140.188,9198010368,4
140.248,9214836736,4
140.305,9238315008,4
140.364,9252175872,4
140.422,9263431680,4
140.480,9273884672,4
140.536,6296420352,4
140.596,6306693120,4
140.656,6355615744,3
140.718,3434135552,4
140.778,3523231744,3
140.839,3570253824,4
140.894,3682942976,4
140.954,3750887424,4
141.011,3803611136,4
141.072,3903569920,4
141.132,1004142592,4
141.186,1450786816,3
141.248,1960919040,4
141.308,2696790016,4
141.369,3107110912,4
141.429,3207299072,4
141.489,3279765504,4
141.544,3351412736,4
141.604,3547381760,4
141.664,3623305216,4
141.725,3683418112,4
141.784,3748380672,4
141.842,3858169856,4
141.903,3920183296,4
141.962,3960094720,4
142.019,4004364288,4
142.079,4041490432,4
142.135,4070637568,4
142.189,4096409600,4
142.244,4123951104,4
142.304,4155293696,4
142.361,4184326144,4
142.421,4216832000,4
142.477,4246355968,4
142.537,4275503104,4
142.598,4307599360,4
142.655,4331945984,4
142.715,4370235392,4
142.776,1425293312,4
142.828,1446019072,3
142.890,1471250432,4
142.950,1574813696,4
143.010,1634140160,4
143.071,1685995520,4
143.127,1727987712,4
143.187,1768734720,4
143.244,1807515648,4
143.304,1846231040,4
143.363,1883406336,4
143.422,1917632512,4
143.480,1951219712,4
143.540,2057895936,4
143.601,2594783232,4
143.661,3369615360,4
143.721,4403642368,4
143.780,5047255040,4
143.835,5586878464,4
143.896,5894045696,4
143.955,6026444800,4
144.011,6166593536,4
144.071,6243778560,4
144.131,6430670848,4
144.186,6798786560,4
144.246,7231160320,4
144.305,7750139904,4
144.361,8313946112,4
144.421,8666611712,4
144.480,8738144256,4
144.538,8773484544,4
144.597,8811446272,4
144.655,8958705664,4
144.713,9030090752,4
144.772,9063661568,4
144.827,9088417792,4
144.887,9158574080,4
144.947,9223176192,4
145.007,9247440896,4
145.058,9263546368,4
145.117,9284698112,4
145.177,9295101952,4
145.237,9314369536,4
145.298,9323905024,4
145.352,9333800960,4
145.412,9398943744,4
145.464,6385139712,4
145.522,6394724352,3
145.577,6403571712,4
145.636,6489931776,4
145.694,6531760128,4
145.754,6922125312,4
145.806,7264911360,4
145.867,7805534208,4
145.927,8348319744,4
145.986,8504131584,4
146.046,8535097344,4
146.106,8573190144,4
146.163,8678490112,4
146.219,8796569600,4
146.279,8829059072,4
146.335,8859582464,4
146.396,8920514560,4
146.455,9001467904,4
146.515,9032646656,4
146.576,9051602944,4
146.635,9065299968,4
146.696,9082781696,4
146.752,9095905280,4
146.812,9124560896,4
146.873,6148358144,4
146.928,6159384576,3
146.990,6181257216,4
147.044,6268338176,4
147.104,3436281856,4
147.162,3469475840,3
147.224,3503439872,4
147.284,3613655040,4
147.344,3676504064,4
147.404,3729539072,4
147.464,3776839680,4
147.525,3847782400,4
147.585,951992320,4
147.646,989921280,3
147.706,1025835008,4
147.766,1142423552,4
147.819,1203830784,4
147.879,1264844800,4
147.938,1318207488,4
147.998,1368080384,4
148.059,1416806400,4
148.111,1456537600,4
148.171,1505116160,4
148.224,1540800512,4
148.277,1579728896,4
148.338,1625423872,4
148.398,1663696896,4
148.458,1706901504,4
148.517,1744945152,4
148.569,1853374464,4
148.629,2391162880,4
148.684,2930196480,4
148.745,3579215872,4
148.805,3802316800,4
148.861,3839016960,4
148.919,3889250304,4
148.979,3991224320,4
149.038,4140695552,4
149.097,4182982656,4
149.157,4225925120,4
149.217,4294426624,4
149.269,4373250048,4
149.329,4422320128,4
149.389,4862066688,4
149.450,5274238976,4
149.505,5766987776,4
149.560,6076465152,4
149.621,6144081920,4
149.681,6184058880,4
149.741,6274826240,4
149.802,6410600448,4
149.862,3492937728,4
149.923,3949215744,3
149.985,4669177856,4
150.045,5697748992,4
150.100,6461652992,4
150.152,6970605568,4
150.212,7334739968,4
150.273,7467335680,4
150.327,7624343552,4
150.387,7697203200,4
150.447,7868465152,4
150.502,7983267840,4
150.562,8084324352,4
150.619,8124071936,4
150.679,8199274496,4
150.739,8276672512,4
150.794,8303362048,4
150.854,8323776512,4
150.910,8348106752,4
150.971,8366129152,4
151.031,8406761472,4
151.091,5446598656,4
151.152,5493964800,3
151.206,2920972288,4
151.267,3013443584,3
151.321,3061530624,4
151.381,3173416960,4
151.441,3245948928,4
151.501,3302686720,4
151.562,3388522496,4
151.623,845234176,3
151.684,892420096,4
151.745,1035632640,4
151.805,1605943296,4
151.865,2148614144,4
151.926,2550382592,4
151.986,2606923776,4
152.046,2673999872,4
152.102,2826993664,4
152.160,2924822528,4
152.221,2981298176,4
152.277,3053961216,4
152.337,3137159168,4
152.398,3190439936,4
152.452,3230302208,4
152.512,3270164480,4
152.573,3312189440,4
152.633,3343777792,4
152.685,3370106880,4
152.746,3403988992,4
152.806,3433299968,4
152.861,3458777088,4
152.921,3497099264,4
152.977,3521544192,4
153.037,3565043712,4
153.094,1371045888,3
153.152,1737965568,4
153.206,2067660800,4
153.260,2573107200,4
153.321,2978578432,4
153.380,3401744384,4
153.440,3930947584,4
153.500,4524392448,4
153.561,4591779840,4
153.621,4665393152,4
153.681,4811325440,4
153.742,4967579648,4
153.802,5011881984,4
153.862,5057298432,4
153.922,5151768576,4
153.983,5203148800,4
154.042,5231837184,4
154.102,5264343040,4
154.163,5291769856,4
154.223,5312593920,4
154.277,5763203072,4
154.337,6201475072,4
154.398,6766297088,4
154.458,7245283328,4
154.518,7317110784,4
154.579,7348977664,4
154.636,7383744512,4
154.693,7502397440,4
154.752,7607828480,4
154.812,7637417984,4
154.869,7662764032,4
154.929,7721467904,4
154.988,7805829120,4
155.049,7832158208,4
155.109,7847968768,4
155.167,8208400384,4
155.227,8550449152,4
155.287,9020342272,4
155.347,7305461760,4
155.408,7341522944,3
155.465,7369424896,4
155.526,7528136704,4
155.585,7678918656,4
155.639,7724924928,4
155.699,7774945280,4
155.759,7858012160,4
155.819,7912079360,4
155.879,7941849088,4
155.935,7967309824,4
155.996,7985709056,4
156.055,8009236480,4
156.115,8031764480,4
156.175,5618237440,4
156.228,5630509056,3
156.284,5645123584,4
156.345,5743951872,4
156.405,5795282944,4
156.465,5837422592,4
156.519,5869551616,4
156.579,5901598720,4
156.639,5931073536,4
156.694,3583475712,4
156.755,3615342592,3
156.816,3642769408,4
156.877,3746578432,4
156.936,3806838784,4
156.994,3855040512,4
157.045,3893133312,4
157.106,3934502912,4
157.161,3969794048,4
157.215,4130570240,4
157.275,4575854592,4
157.336,5040455680,4
157.396,5433868288,4
157.452,5487853568,4
157.512,5534564352,4
157.572,5648056320,4
157.633,5755240448,4
157.685,5792382976,4
157.746,5851348992,4
157.802,5931794432,4
157.862,5964972032,4
157.919,6002016256,4
157.979,6024953856,4
158.035,6046154752,4
158.095,6067290112,4
158.152,6089474048,4
158.212,6108921856,4
158.273,6128435200,4
158.327,6186156032,4
158.387,6688505856,4
158.447,4081762304,4
158.508,4582211584,3
158.570,4697931776,4
158.631,4799283200,4
158.685,4863475712,4
158.746,5038555136,4
158.806,5120114688,4
158.860,5164580864,4
158.914,5616435200,4
158.969,6018039808,4
159.029,6560759808,4
159.089,6873694208,4
159.150,6927433728,4
159.210,6975438848,4
159.270,7074840576,4
159.331,7194525696,4
159.385,7222280192,4
159.446,7259979776,4
159.506,5097635840,4
159.567,5140692992,3
159.629,5167726592,4
159.688,5262082048,4
159.749,5314854912,4
159.809,5368119296,4
159.869,5412159488,4
159.929,5445402624,4
159.985,5478219776,4
160.046,5508202496,4
160.105,5534646272,4
160.160,5556600832,4
160.221,5582864384,4
160.281,5606260736,4
160.341,5636521984,4
160.402,5658820608,4
160.460,5678088192,4
160.521,5702680576,4
160.577,5719867392,4
160.637,5741920256,4
160.697,5793234944,4
160.752,3311452160,4
160.811,3328917504,3
160.873,3350347776,4
160.933,3449274368,4
160.986,3496230912,4
161.046,3544023040,4
161.106,3586293760,4
161.166,3624992768,4
161.219,3655221248,4
161.270,3682779136,4
161.330,3714367488,4
161.390,4188176384,4
161.444,4562370560,4
161.504,5054906368,4
161.560,5174378496,4
161.621,5370380288,4
161.681,5867421696,4
161.735,6468583424,4
161.796,7085555712,4
161.852,7357366272,4
161.912,7464206336,4
161.973,7536508928,4
162.027,7580663808,4
162.087,7740489728,4
162.148,7824261120,4
162.200,5376557056,4
162.261,5404164096,3
162.323,5483921408,4
162.377,5615452160,4
162.437,5674696704,4
162.498,5719932928,4
162.558,5758074880,4
162.618,5799854080,4
162.679,5830623232,4
162.735,5923799040,4
162.796,2938552320,4
162.857,730759168,2
162.920,754974720,4
162.980,927137792,4
163.035,1009008640,4
163.096,1084735488,4
163.150,1145192448,4
163.208,1202700288,4
163.269,1259601920,4
163.327,1311703040,4
163.387,1364885504,4
163.445,1495515136,4
163.506,2039431168,4
163.566,2657452032,4
163.626,3223257088,4
163.685,3315662848,4
163.746,3370762240,4
163.802,3425845248,4
163.862,3601383424,4
163.922,3685056512,4
163.982,3734913024,4
164.043,3797286912,4
164.102,3893444608,4
164.162,3949379584,4
164.223,3988570112,4
164.283,4018651136,4
164.343,4418404352,4
164.403,4805361664,4
164.460,5265555456,4
164.521,5610455040,4
164.575,5630558208,4
164.635,5672140800,4
164.696,5778636800,4
164.751,5897535488,4
164.812,5936840704,4
164.872,5974130688,4
164.932,6061309952,4
164.993,6103678976,4
165.044,6123651072,4
165.104,6142083072,4
165.163,6481231872,4
165.219,6803521536,4
165.279,7271284736,4
165.339,7745306624,4
165.394,7845953536,4
165.452,8311685120,4
165.512,8751235072,4
165.573,9415196672,4
165.629,9781952512,4
165.690,9854976000,4
165.744,9893707776,4
165.804,9990979584,4
165.864,10176315392,4
165.925,10226548736,4
165.985,10260971520,4
166.035,10283352064,4
166.096,10362765312,4
166.152,10392240128,4
166.212,10408837120,4
166.264,10422976512,4
166.319,10430251008,4
166.379,10447798272,4
166.435,10453155840,4
166.496,10460119040,4
166.556,10467491840,4
166.610,10475405312,4
166.671,10480566272,4
166.727,10482647040,4
166.787,10487709696,4
166.848,7912079360,4
166.909,7918288896,3
166.970,7921057792,4
167.027,7997784064,4
167.087,8037744640,4
167.148,8075231232,4
167.205,8099479552,4
167.266,8121942016,4
167.326,8144273408,4
167.386,8165916672,4
167.444,8185331712,4
167.504,5806538752,4
167.561,5857034240,3
167.623,3085025280,4
167.680,3176988672,3
167.742,3232546816,4
167.802,3398975488,4
167.863,605159424,4
167.924,662372352,3
167.979,710967296,4
168.039,838516736,4
168.099,920420352,4
168.160,995065856,4
168.219,1054982144,4
168.279,1114505216,4
168.335,1166442496,4
168.396,1218379776,4
168.455,1267302400,4
168.515,1314799616,4
168.576,1361281024,4
168.634,1402830848,4
168.692,1448230912,4
168.743,1484242944,4
168.804,1525252096,4
168.860,1567735808,4
168.921,1609482240,4
168.981,1648705536,4
169.035,1686536192,4
169.096,1722138624,4
169.156,1758035968,4
169.210,1791705088,4
169.271,2231599104,4
169.331,2693382144,4
169.391,3285008384,4
169.444,3540828160,4
169.502,3572613120,4
169.562,3724492800,4
169.619,4220518400,4
169.679,4793270272,4
169.739,5305810944,4
169.800,5402329088,4
169.852,5491048448,4
169.912,5576310784,4
169.973,5742395392,4
170.027,5800656896,4
170.087,5838110720,4
170.148,6072877056,4
170.202,6522667008,4
170.262,6995410944,4
170.323,7518519296,4
170.377,7750729728,4
170.437,7774879744,4
170.494,7807008768,4
170.552,7883489280,4
170.612,8021901312,4
170.673,8056225792,4
170.733,8090157056,4
170.785,8132018176,4
170.846,8203747328,4
170.906,8676966400,4
170.960,9037414400,4
171.021,9573351424,4
171.077,10056695808,4
171.137,10175397888,4
171.197,7584301056,4
171.258,7612334080,3
171.320,7722418176,4
171.377,7896481792,4
171.437,7956643840,4
171.498,8004419584,4
171.558,8084439040,4
171.618,8173322240,4
171.669,8202092544,4
171.729,8228913152,4
171.784,8248475648,4
171.845,5550276608,4
171.905,5567168512,4
171.961,5585944576,3
172.022,5609488384,4
172.083,5709479936,4
172.143,5767397376,4
172.202,5812535296,4
172.262,5849415680,4
172.323,5888638976,4
172.380,5918261248,4
172.440,5951225856,4
172.500,5976244224,4
172.560,6006341632,4
172.621,6031261696,4
172.681,6054166528,4
172.740,6076071936,4
172.800,6106349568,4
172.852,6127140864,4
172.912,6147440640,4
172.972,6167724032,4
173.027,6187139072,4
173.087,6207143936,4
173.148,6226575360,4
173.208,6249644032,4
173.260,6269960192,4
173.321,6289817600,4
173.377,6566903808,4
173.437,6911442944,4
173.498,7382827008,4
173.558,7804125184,4
173.610,7839186944,4
173.671,7869530112,4
173.731,7932542976,4
173.785,8068792320,4
173.846,8106622976,4
173.900,8135458816,4
173.952,8182185984,4
174.012,8246771712,4
174.063,8262828032,4
174.124,8280358912,4
174.184,8302116864,4
174.244,8331509760,4
174.305,5894111232,4
174.359,5898747904,3
174.421,5908070400,4
174.481,5996478464,4
174.542,6418644992,4
174.594,6779912192,4
174.654,7335641088,4
174.714,7791722496,4
174.775,7864844288,4
174.827,7899316224,4
174.887,7945994240,4
174.943,8089042944,4
174.994,8215166976,4
175.054,5199282176,4
175.111,5224775680,3
175.173,5304254464,4
175.233,5437931520,4
175.292,5511725056,4
175.352,3150938112,4
175.413,3194355712,3
175.474,3229564928,4
175.534,3344842752,4
175.594,3411607552,4
175.654,3470229504,4
175.708,3516710912,4
175.760,3559342080,4
175.821,3602120704,4
175.877,3642081280,4
175.937,3681730560,4
175.997,3719741440,4
176.052,3752476672,4
176.112,3787833344,4
176.173,3821748224,4
176.233,3855974400,4
176.293,3887824896,4
176.352,3917103104,4
176.404,3948314624,4
176.460,3975970816,4
176.521,4015292416,4
176.577,4048683008,4
176.637,4073242624,4
176.694,4097310720,4
176.754,4125163520,4
176.810,4148969472,4
176.871,4173807616,4
176.931,4435558400,4
176.985,2067841024,4
177.046,2617884672,3
177.108,3186769920,4
177.168,3630923776,4
177.229,4025303040,4
177.287,4544102400,4
177.344,5090230272,4
177.404,5202509824,4
177.464,5271781376,4
177.519,5355601920,4
177.579,5590777856,4
177.635,5663490048,4
177.694,5710954496,4
177.754,5796151296,4
177.810,5865766912,4
177.871,5970853888,4
177.925,6416269312,4
177.985,6879100928,4
178.046,7405420544,4
178.102,7684112384,4
178.162,7704313856,4
178.222,7740047360,4
178.279,7813513216,4
178.335,7949910016,4
178.396,7987970048,4
178.452,8016494592,4
178.512,8064237568,4
178.573,8138637312,4
178.627,8172077056,4
178.687,8192655360,4
178.747,8207925248,4
178.807,8221032448,4
178.861,8233009152,4
178.919,8243380224,4
178.977,8255799296,4
179.038,8269430784,4
179.092,8278867968,4
179.152,8292630528,4
179.212,8301887488,4
179.269,8315437056,4
179.329,8325251072,4
179.388,8352333824,4
179.449,8814264320,4
179.509,9219145728,4
179.569,9692020736,4
179.627,9983754240,4
179.687,9993535488,4
179.744,10017275904,4
179.804,10104422400,4
179.864,10220191744,4
179.919,10238459904,4
179.971,10257891328,4
180.027,10305290240,4
180.087,10365829120,4
180.147,10378461184,4
180.205,10396205056,4
180.263,10405511168,4
180.324,10410508288,4
180.377,10415783936,4
180.435,10416947200,4
180.496,10418520064,4
180.555,10420912128,4
180.613,10425745408,4
180.672,10434576384,4
180.727,10439032832,4
180.787,10470768640,4
180.844,7645265920,4
180.905,7647199232,3
180.962,7650050048,4
181.021,7728775168,4
181.079,7806959616,4
181.139,5081546752,4
181.200,5105631232,3
181.262,5127520256,4
181.319,5219663872,4
181.379,5277106176,4
181.435,5318049792,4
181.496,5359779840,4
181.552,5391745024,4
181.612,5425610752,4
181.669,5455364096,4
181.729,5485789184,4
181.789,5514379264,4
181.849,5541347328,4
181.902,5562941440,4
181.962,5588516864,4
182.021,5622546432,4
182.082,5650415616,4
182.142,5682626560,4
182.194,5708447744,4
182.254,5736677376,4
182.310,5763317760,4
182.367,5792825344,4
182.428,5815697408,4
182.487,5834850304,4
182.547,5854642176,4
182.607,5877923840,4
182.663,5893783552,4
182.723,5910642688,4
182.782,5926764544,4
182.835,5941313536,4
182.896,5956976640,4
182.956,5978030080,4
183.013,3520675840,4
183.065,3533602816,3
183.127,3549904896,4
183.187,3646816256,4
183.248,3697377280,4
183.302,3736109056,4
183.359,3771105280,4
183.419,3804856320,4
183.479,3839311872,4
183.535,3869949952,4
183.596,4338630656,4
183.656,4792893440,4
183.710,5321736192,4
183.769,5729927168,4
183.827,6225330176,4
183.887,6731087872,4
183.944,7272824832,4
184.008,7712702464,4
184.069,7748632576,4
184.129,7799586816,4
184.189,7855636480,4
184.249,8071069696,4
184.305,8163213312,4
184.363,8207630336,4
184.419,8242020352,4
184.479,8326299648,4
184.535,8372797440,4
184.596,8395259904,4
184.656,8417722368,4
184.710,8438104064,4
184.770,8453390336,4
184.827,8464171008,4
184.887,8475410432,4
184.944,8487583744,4
185.004,8502542336,4
185.064,8518123520,4
185.122,8529510400,4
185.177,8540553216,4
185.237,8556052480,4
185.294,8569061376,4
185.354,8580890624,4
185.410,8590901248,4
185.471,8599355392,4
185.527,8608972800,4
185.587,8621670400,4
185.644,8665071616,4
185.704,9140584448,4
185.760,9615998976,4
185.821,7529938944,4
185.882,7792410624,3
185.944,7802355712,4
186.004,7906607104,4
186.064,8031666176,4
186.125,5424545792,4
186.186,5468389376,3
186.248,5507432448,4
186.308,5660065792,4
186.368,5763301376,4
186.427,5815648256,4
186.487,5863227392,4
186.544,5903056896,4
186.600,5939298304,4
186.660,5971116032,4
186.720,6003261440,4
186.777,6053052416,4
186.837,6090850304,4
186.897,6116409344,4
186.958,6139822080,4
187.010,6161285120,4
187.070,6188171264,4
187.127,6213844992,4
187.181,6234685440,4
187.235,6255165440,4
187.296,6281052160,4
187.352,6304710656,4
187.412,6325452800,4
187.473,6345031680,4
187.527,6361759744,4
187.587,6384762880,4
187.647,6403588096,4
187.702,6419529728,4
187.762,6438797312,4
187.819,6460538880,4
187.879,6480691200,4
187.939,6499762176,4
187.999,6517719040,4
188.060,6535217152,4
188.120,6552780800,4
188.180,6569771008,4
188.235,6583468032,4
188.296,6601949184,4
188.356,6618480640,4
188.416,6638485504,4
188.469,7072825344,4
188.529,7825899520,4
188.585,8662171648,4
188.646,9506766848,4
188.697,9964486656,4
188.757,10083336192,4
188.810,10132013056,4
188.871,10299736064,4
188.927,10435182592,4
188.987,10544906240,4
189.048,10602283008,4
189.102,10674012160,4
189.162,10751557632,4
189.219,10815111168,4
189.279,10839736320,4
189.335,10853122048,4
189.396,10860019712,4
189.452,10873389056,4
189.512,10878828544,4
189.568,10889379840,4
189.628,10893410304,4
189.685,10896752640,4
189.745,10899390464,4
189.800,10901848064,4
189.861,10903764992,4
189.919,10907516928,4
189.977,10913972224,4
190.037,10919018496,4
190.096,10927226880,4
190.157,10931257344,4
190.217,10932469760,4
190.275,10934976512,4
190.335,10984210432,4
190.396,8251342848,4
190.456,5379653632,3
190.519,5381881856,3
190.581,5467619328,4
190.641,5585747968,4
190.702,5651791872,4
190.762,5703630848,4
190.822,5749063680,4
190.882,5789007872,4
190.943,5827051520,4
190.994,5857296384,4
191.054,5890588672,4
191.110,5916295168,4
191.170,5943934976,4
191.227,5973065728,4
191.283,5998379008,4
191.343,6023020544,4
191.393,6043844608,4
191.454,6068830208,4
191.510,6125436928,4
191.571,3534422016,4
191.628,3555885056,3
191.689,3587293184,4
191.750,3685531648,4
191.810,3740418048,4
191.866,3802087424,4
191.926,3843211264,4
191.987,3882975232,4
192.044,3915563008,4
192.104,3949445120,4
192.164,3983245312,4
192.224,4012244992,4
192.284,4043177984,4
192.344,4071653376,4
192.404,4100177920,4
192.464,4129406976,4
192.518,4153442304,4
192.579,4179935232,4
192.639,4205412352,4
192.699,4234526720,4
192.760,4258480128,4
192.812,4280811520,4
192.873,4347723776,4
192.933,1464418304,4
192.986,1488633856,3
193.048,1609400320,4
193.108,2627305472,4
193.168,3649650688,4
193.229,4785045504,4
193.288,5181407232,4
193.343,5271109632,4
193.404,5345574912,4
193.460,5534908416,4
193.520,5770559488,4
193.577,5841420288,4
193.637,5900681216,4
193.694,6022381568,4
193.754,6142476288,4
193.810,6191661056,4
193.870,6237716480,4
193.927,6269599744,4
193.987,6292914176,4
194.043,6312263680,4
194.104,6336512000,4
194.160,6364266496,4
194.220,6679642112,4
194.277,7036289024,4
194.337,7527301120,4
194.397,8036679680,4
194.458,8189739008,4
194.518,8214839296,4
194.578,8247558144,4
194.639,8370012160,4
194.694,8462139392,4
194.754,8493727744,4
194.814,8519712768,4
194.874,8599207936,4
194.935,8653012992,4
194.995,8681406464,4
195.052,8700133376,4
195.112,8712388608,4
195.168,8722317312,4
195.229,8769028096,4
195.289,5993218048,4
195.344,6004277248,3
195.406,6014386176,4
195.460,6099058688,4
195.520,6146441216,4
195.581,6252052480,4
195.635,6697336832,4
195.695,7190757376,4
195.752,7720878080,4
195.812,8023900160,4
195.871,8050278400,4
195.932,8096514048,4
195.985,8171421696,4
196.045,8318304256,4
196.101,8353988608,4
196.162,8404729856,4
196.222,5704564736,4
196.277,5773279232,3
196.339,5813256192,4
196.399,5909413888,4
196.455,5959745536,4
196.515,6007242752,4
196.568,6039994368,4
196.629,6073434112,4
196.688,6111936512,4
196.748,6150864896,4
196.809,6180454400,4
196.860,6202802176,4
196.920,6229524480,4
196.981,6254051328,4
197.038,6279364608,4
197.093,6301941760,4
197.153,6326484992,4
197.214,6349783040,4
197.272,6375784448,4
197.332,6398672896,4
197.385,6415400960,4
197.445,6437502976,4
197.504,6460588032,4
197.564,6479872000,4
197.624,6498828288,4
197.685,6521274368,4
197.745,6538067968,4
197.805,6557499392,4
197.860,6574227456,4
197.920,6591119360,4
197.977,6610583552,4
198.037,7039778816,4
198.097,7460749312,4
198.152,8002748416,4
198.212,5533466624,4
198.269,5591990272,3
198.331,5619859456,4
198.391,5735333888,4
198.444,5898797056,4
198.498,5995626496,4
198.558,6055280640,4
198.618,6099484672,4
198.679,6206291968,4
198.739,6261096448,4
198.793,6288637952,4
198.854,6317817856,4
198.914,6712967168,4
198.974,7131217920,4
199.027,7613186048,4
199.087,8090320896,4
199.147,8154595328,4
199.202,8230715392,4
199.262,5415993344,4
199.319,5538971648,3
199.381,5634654208,4
199.441,5747572736,4
199.502,5820776448,4
199.562,5938823168,4
199.616,6000934912,4
199.677,6043615232,4
199.735,6083936256,4
199.795,6111789056,4
199.852,6139641856,4
199.912,6165331968,4
199.971,6188826624,4
200.022,6210240512,4
200.082,6231965696,4
200.135,6252560384,4
200.195,6272237568,4
200.256,6292914176,4
200.310,6313426944,4
200.371,6333923328,4
200.431,6355009536,4
200.488,6373261312,4
200.549,6397755392,4
200.609,6423412736,4
200.669,6441730048,4
200.727,6463995904,4
200.787,6481969152,4
200.843,6564855808,4
200.904,7042367488,4
200.962,7503855616,4
201.022,8036073472,4
201.083,8288501760,4
201.143,8309866496,4
201.203,8346992640,4
201.264,8444018688,4
201.318,8557740032,4
201.379,8586051584,4
201.430,8608579584,4
201.490,8667021312,4
201.543,5966102528,4
201.604,5997625344,3
201.665,6013288448,4
201.719,6105464832,4
201.772,6148702208,4
201.833,6186205184,4
201.893,6219268096,4
201.952,6246629376,4
202.012,6689734656,4
202.068,7101038592,4
202.129,7666532352,4
202.189,8029782016,4
202.243,8092663808,4
202.304,8134082560,4
202.364,8187789312,4
202.424,8346648576,4
202.477,8387166208,4
202.537,8424783872,4
202.597,8467595264,4
202.658,8552136704,4
202.717,8591753216,4
202.768,8605597696,4
202.829,8635367424,4
202.881,8651259904,4
202.942,8672231424,4
202.994,8688041984,4
203.052,8702492672,4
203.112,8713781248,4
203.172,8725856256,4
203.233,8736751616,4
203.285,8750448640,4
203.345,8763850752,4
203.402,8773222400,4
203.462,8781987840,4
203.522,6050332672,4
203.583,6059507712,3
203.645,6071369728,4
203.702,6167789568,4
203.762,6214713344,4
203.822,6253002752,4
203.883,6284165120,4
203.943,6311002112,4
204.002,6338904064,4
204.062,6362955776,4
204.122,6386352128,4
204.177,6407274496,4
204.237,6469877760,4
204.293,4046274560,4
204.354,4468146176,3
204.412,5011423232,4
204.469,5531271168,4
204.527,5628362752,4
204.587,5686116352,4
204.647,5747310592,4
204.708,5926469632,4
204.760,5990563840,4
204.820,6044450816,4
204.877,6094028800,4
204.937,6192922624,4
204.993,6238748672,4
205.054,6269140992,4
205.113,6296748032,4
205.168,6318080000,4
205.229,6344294400,4
205.289,6374834176,4
205.346,6400294912,4
205.407,6420709376,4
205.467,6448611328,4
205.527,6511509504,4
205.587,3604070400,4
205.647,3623403520,3
205.706,3646930944,4
205.760,3739090944,4
205.818,3794731008,4
205.871,4108025856,4
205.929,4491755520,4
205.989,5021958144,4
206.040,5463900160,4
206.093,5582225408,4
206.154,5623627776,4
206.214,5670944768,4
206.268,5807767552,4
206.329,5901811712,4
206.385,5942050816,4
206.444,5981667328,4
206.504,6077595648,4
206.564,6125535232,4
206.616,6153650176,4
206.676,6176849920,4
206.735,6197149696,4
206.795,6213943296,4
206.854,6230425600,4
206.910,6482444288,4
206.970,6910099456,4
207.031,7394541568,4
207.091,7907311616,4
207.143,5260541952,4
207.197,5276385280,4
207.255,5308743680,3
207.317,5402771456,4
207.377,5605212160,4
207.437,5665456128,4
207.497,5720260608,4
207.552,5797036032,4
207.608,5876727808,4
207.668,5914804224,4
207.729,5946851328,4
207.789,5975605248,4
207.849,6002098176,4
207.902,6020972544,4
207.962,6042943488,4
208.022,6064340992,4
208.083,6086295552,4
208.143,6106578944,4
208.202,6128582656,4
208.262,6516228096,4
208.322,6916587520,4
208.376,7406944256,4
208.427,7827292160,4
208.487,7944044544,4
208.547,7971536896,4
208.608,8006762496,4
208.668,8139554816,4
208.728,8222703616,4
208.789,5682085888,4
208.850,5707628544,3
208.912,5795594240,4
208.969,5908807680,4
209.027,5961760768,4
209.087,6011863040,4
209.147,6046810112,4
209.202,6074138624,4
209.262,6101975040,4
209.318,6130352128,4
209.379,6156713984,4
209.435,6178848768,4
209.495,6201769984,4
209.556,6222888960,4
209.610,6242238464,4
209.670,6264078336,4
209.727,6283116544,4
209.787,6306316288,4
209.847,6326337536,4
209.908,6349324288,4
209.960,6742851584,4
210.020,7158611968,4
210.077,7669972992,4
210.137,8114782208,4
210.195,8178499584,4
210.256,8208007168,4
210.316,8249671680,4
210.376,8403763200,4
210.435,8458272768,4
210.495,8490024960,4
210.556,8531116032,4
210.616,8619081728,4
210.668,8647311360,4
210.729,8661876736,4
210.783,8677654528,4
210.843,8692252672,4
210.893,8701820928,4
210.954,8713502720,4
211.010,8766177280,4
211.070,5992366080,4
211.127,6004948992,3
211.189,6131253248,4
211.250,6654279680,4
211.310,7141457920,4
211.370,7664566272,4
211.427,7840088064,4
211.487,7876247552,4
211.543,7915454464,4
211.604,8048443392,4
211.664,8144060416,4
211.724,8184971264,4
211.777,8211873792,4
211.837,8304558080,4
211.897,8360804352,4
211.958,8387149824,4
212.018,8401993728,4
212.077,8416264192,4
212.137,8429191168,4
212.193,8441184256,4
212.254,8458977280,4
212.314,8479064064,4
212.374,8498790400,4
212.427,8509489152,4
212.487,8524873728,4
212.547,8537473024,4
212.602,8547090432,4
212.662,8561344512,4
212.718,8573861888,4
212.779,8626028544,4
212.839,5800771584,4
212.894,5810601984,3
212.956,5820973056,4
213.016,5908316160,4
213.068,5947342848,4
213.129,5988204544,4
213.185,6019121152,4
213.245,6048645120,4
213.302,6074466304,4
213.362,6110560256,4
213.422,6138150912,4
213.477,6244761600,4
213.537,6711001088,4
213.593,7146455040,4
213.654,7660093440,4
213.710,7861354496,4
213.770,7889862656,4
213.831,7924269056,4
213.891,8050376704,4
213.951,8136785920,4
214.012,8168751104,4
214.068,8193409024,4
214.127,5721030656,4
214.187,2905735168,4
214.248,2928738304,2
214.305,2943352832,4
214.365,3108503552,4
214.418,3180249088,4
214.479,3244769280,4
214.533,3298295808,4
214.593,3349430272,4
214.650,3392880640,4
214.707,3434446848,4
214.767,3477520384,4
214.818,3509026816,4
214.879,3547414528,4
214.935,3579396096,4
214.995,3614539776,4
215.052,3646898176,4
215.112,3679092736,4
215.172,3710763008,4
215.227,3949133824,4
215.287,4361584640,4
215.347,4874354688,4
215.402,5350211584,4
215.462,5471387648,4
215.512,5503664128,4
215.573,5549080576,4
215.633,5701107712,4
215.688,5775622144,4
215.743,5812600832,4
215.804,5856346112,4
215.860,5944901632,4
215.920,5986942976,4
215.977,6010093568,4
216.037,6031343616,4
216.097,6053396480,4
216.152,6071681024,4
216.212,6098255872,4
216.268,6119243776,4
216.329,6135283712,4
216.385,6151847936,4
216.445,6171525120,4
216.506,6187106304,4
216.566,6620053504,4
216.626,7000702976,4
216.677,7403536384,4
216.737,7811514368,4
216.797,5289508864,4
216.858,5316149248,3
216.920,5682544640,4
216.981,6269501440,4
217.035,6786269184,4
217.095,7352270848,4
217.152,7528235008,4
217.212,7621902336,4
217.268,7679606784,4
217.329,7800127488,4
217.389,7918288896,4
217.449,7952842752,4
217.510,7989002240,4
217.568,8060649472,4
217.629,8128823296,4
217.689,8154398720,4
217.743,8175616000,4
217.804,8192360448,4
217.860,8207384576,4
217.920,8223047680,4
217.977,8248147968,4
218.037,8259813376,4
218.097,8273903616,4
218.157,8291139584,4
218.218,8306262016,4
218.270,8317419520,4
218.331,8330051584,4
218.391,8340439040,4
218.443,8352923648,4
218.504,8366145536,4
218.564,8378023936,4
218.621,8389574656,4
218.680,8399568896,4
218.740,8409415680,4
218.793,8416526336,4
218.852,8424210432,4
218.912,8432599040,4
218.972,8440332288,4
219.027,8449540096,4
219.087,8457207808,4
219.147,8465727488,4
219.202,8475705344,4
219.262,8784691200,4
219.318,9106505728,4
219.379,9592045568,4
219.435,10051665920,4
219.495,10141106176,4
219.552,10159079424,4
219.612,10191781888,4
219.672,10325884928,4
219.733,10383802368,4
219.785,10404151296,4
219.845,10432577536,4
219.902,10501472256,4
219.962,10536140800,4
220.022,7742160896,4
220.077,7745978368,3
220.139,7750107136,4
220.199,7833042944,4
220.260,7878705152,4
220.320,7915143168,4
220.376,7945748480,4
220.437,7969914880,4
220.493,7991541760,4
220.554,8015724544,4
220.610,8033468416,4
220.670,8049393664,4
220.727,8065957888,4
220.787,5490130944,4
220.848,5504860160,3
220.910,5517819904,4
220.970,5606424576,4
221.030,5697437696,4
221.085,3080830976,4
221.146,3115548672,3
221.206,3147120640,4
221.266,3255582720,4
221.327,3315662848,4
221.387,3371483136,4
221.447,3423551488,4
221.502,3460087808,4
221.562,3482845184,4
221.622,3522953216,4
221.677,3557031936,4
221.737,3594567680,4
221.797,3629006848,4
221.852,3660251136,4
221.912,3692445696,4
221.968,3722379264,4
222.028,3753852928,4
222.085,3785916416,4
222.141,3812556800,4
222.197,3838689280,4
222.257,3865362432,4
222.318,3895853056,4
222.378,3923312640,4
222.438,3953147904,4
222.498,4381835264,4
222.555,4750426112,4
222.610,5237227520,4
222.668,5622284288,4
222.729,5690163200,4
222.785,5729435648,4
222.845,5802541056,4
222.905,5951422464,4
222.966,5997379584,4
223.021,6037585920,4
223.082,6109315072,4
223.142,6189187072,4
223.193,6211944448,4
223.254,6242582528,4
223.314,6296190976,4
223.374,3808231424,4
223.435,4263772160,3
223.497,5287313408,4
223.558,6334087168,4
223.618,6891749376,4
223.678,7160578048,4
223.739,7221936128,4
223.798,7402946560,4
223.859,7575748608,4
223.918,7707918336,4
223.979,7768866816,4
224.035,7866351616,4
224.095,7973912576,4
224.156,8033239040,4
224.210,8058945536,4
224.270,8092483584,4
224.331,8113422336,4
224.391,8140423168,4
224.443,8160198656,4
224.504,8174911488,4
224.564,8192032768,4
224.618,8205254656,4
224.679,8227733504,4
224.739,8245510144,4
224.799,8264941568,4
224.859,8278589440,4
224.920,8295448576,4
224.977,8314634240,4
225.037,8326021120,4
225.097,8388755456,4
225.152,5636325376,4
225.213,5645008896,3
225.274,5655478272,4
225.335,5745131520,4
225.395,5790973952,4
225.455,5827100672,4
225.516,5906300928,4
225.577,3256664064,3
225.638,3285024768,4
225.699,3391717376,4
225.752,3445243904,4
225.812,3855515648,4
225.872,4279009280,4
225.932,4835540992,4
225.985,5189238784,4
226.045,5270519808,4
226.102,5322063872,4
226.162,5402542080,4
226.218,5556256768,4
226.279,5608112128,4
226.335,5648269312,4
226.395,5715361792,4
226.452,5799870464,4
226.511,5835505664,4
226.568,5859917824,4
226.627,5882675200,4
226.687,5904744448,4
226.747,5928271872,4
226.802,5945344000,4
226.862,5971558400,4
226.922,5997428736,4
226.977,6015139840,4
227.037,6039044096,4
227.097,6063013888,4
227.152,6086180864,4
227.212,6106611712,4
227.262,6123044864,4
227.318,6151356416,4
227.379,3557883904,4
227.439,3574415360,3
227.501,3592306688,4
227.562,4113285120,4
227.618,4545773568,4
227.679,5103616000,4
227.735,5419778048,4
227.795,5465718784,4
227.852,5511315456,4
227.912,5619695616,4
227.972,5753077760,4
228.032,5793464320,4
228.093,5832491008,4
228.153,6017712128,4
228.213,6527565824,4
228.274,7019790336,4
228.334,7547076608,4
228.385,7778893824,4
228.445,7796899840,4
228.502,7829291008,4
228.562,7904559104,4
228.622,8043216896,4
228.682,8080031744,4
228.743,8112930816,4
228.803,8176943104,4
228.863,8249425920,4
228.923,8275460096,4
228.978,8311701504,4
229.038,8332869632,4
229.092,8347795456,4
229.152,8357429248,4
229.210,8368144384,4
229.270,8376893440,4
229.327,8392032256,4
229.387,5756256256,4
229.448,5763989504,3
229.503,5772492800,4
229.564,5862719488,4
229.624,5909413888,4
229.684,5948375040,4
229.744,5984927744,4
229.802,6466289664,4
229.862,6916407296,4
229.922,7444594688,4
229.977,7693467648,4
230.037,7716192256,4
230.097,7753515008,4
230.158,7873200128,4
230.210,7976337408,4
230.269,8009138176,4
230.327,8037744640,4
230.387,8112717824,4
230.447,8161869824,4
230.507,8182546432,4
230.568,8205926400,4
230.628,8218853376,4
230.688,8235171840,4
230.743,8252751872,4
230.803,8265629696,4
230.860,8277983232,4
230.920,8290140160,4
230.977,8300003328,4
231.037,8309440512,4
231.093,8320630784,4
231.154,8334770176,4
231.214,8346845184,4
231.268,8359395328,4
231.329,8379744256,4
231.389,8391393280,4
231.449,8400060416,4
231.509,8407777280,4
231.570,8415051776,4
231.629,8424046592,4
231.690,5647859712,4
231.750,5889392640,4
231.811,6285918208,3
231.870,6766854144,4
231.927,7306772480,4
231.987,7416332288,4
232.047,7460634624,4
232.107,7514783744,4
232.160,7663616000,4
232.220,7738703872,4
232.276,7782809600,4
232.337,7832223744,4
232.393,7908818944,4
232.454,7951728640,4
232.510,7973715968,4
232.570,7988871168,4
232.627,8009416704,4
232.687,8027324416,4
232.747,8045281280,4
232.802,8061566976,4
232.860,8073314304,4
232.920,8085569536,4
232.977,8097873920,4
233.037,8113668096,4
233.093,8125153280,4
233.154,8136097792,4
233.214,8151842816,4
233.274,8164737024,4
233.334,8177172480,4
233.385,8187166720,4
233.445,8197390336,4
233.502,8207974400,4
233.562,8221196288,4
233.622,8241086464,4
233.682,8254799872,4
233.735,8262057984,4
233.795,8271921152,4
233.852,8278900736,4
233.912,8290172928,4
233.968,5708218368,4
234.029,5715247104,3
234.091,5723144192,4
234.152,5812207616,4
234.212,3244818432,4
234.270,3278749696,3
234.328,3309338624,4
234.388,3418390528,4
234.449,3482927104,4
234.509,3714154496,4
234.560,4111958016,4
234.620,4642930688,4
234.680,5230624768,4
234.735,5440192512,4
234.795,5476581376,4
234.852,5522735104,4
234.912,5635653632,4
234.968,5768069120,4
235.028,5813223424,4
235.085,5853954048,4
235.145,5928337408,4
235.205,6011338752,4
235.263,6043254784,4
235.321,6070599680,4
235.377,6100320256,4
235.437,6124716032,4
235.497,6147719168,4
235.551,6165577728,4
235.611,6192300032,4
235.668,6211715072,4
235.728,6235078656,4
235.785,6252773376,4
235.845,6271942656,4
235.905,6293716992,4
235.966,6323159040,4
236.021,6340968448,4
236.077,6357286912,4
236.137,6375784448,4
236.196,6392184832,4
236.256,6408929280,4
236.310,6423330816,4
236.370,6444302336,4
236.430,6459621376,4
236.487,6473613312,4
236.547,6489931776,4
236.607,6917881856,4
236.668,7619133440,4
236.718,8324464640,4
236.778,9241214976,4
236.836,9777659904,4
236.896,9962389504,4
236.954,10000236544,4
237.013,10157195264,4
237.070,10290446336,4
237.127,10420748288,4
237.185,10459267072,4
237.245,10551934976,4
237.304,10619305984,4
237.365,10689134592,4
237.426,10713858048,4
237.483,10719035392,4
237.535,10734911488,4
237.595,10740416512,4
237.655,10744397824,4
237.710,10759094272,4
237.770,10813276160,4
237.827,8187117568,3
237.889,8193114112,4
237.950,8275886080,4
238.002,8309620736,4
238.053,8335622144,4
238.114,8361132032,4
238.174,8381759488,4
238.234,8400748544,4
238.294,8419803136,4
238.355,8437956608,4
238.415,8455798784,4
238.475,8477081600,4
238.535,8492056576,4
238.595,8506130432,4
238.656,8519909376,4
238.710,8531394560,4
238.770,8544354304,4
238.826,8556806144,4
238.887,8567767040,4
238.946,8580874240,4
239.006,8592293888,4
239.060,8608989184,4
239.120,8621899776,4
239.180,8634941440,4
239.235,8653799424,4
239.295,8669036544,4
239.354,8688746496,4
239.413,8698150912,4
239.473,8707457024,4
239.526,8715272192,4
239.587,8726413312,4
239.647,8736260096,4
239.703,8747335680,4
239.764,8756690944,4
239.824,8771223552,4
239.877,8784150528,4
239.935,8798846976,4
239.995,8809152512,4
240.055,8818491392,4
240.110,8826372096,4
240.170,8835219456,4
240.226,8843182080,4
240.283,8904261632,4
240.335,6030540800,4
240.396,6038061056,3
240.458,6048972800,4
240.518,6477398016,4
240.570,6815662080,4
240.626,7325827072,4
240.687,7912652800,4
240.743,5342707712,4
240.804,5376262144,3
240.861,5415960576,4
240.922,5625004032,4
240.976,5756944384,4
241.037,5819334656,4
241.096,5870829568,4
241.154,5961252864,4
241.208,6035341312,4
241.269,6076940288,4
241.329,6112559104,4
241.385,6138691584,4
241.445,6170427392,4
241.505,6204784640,4
241.566,6229164032,4
241.626,6256951296,4
241.686,6277562368,4
241.743,6300139520,4
241.801,6319341568,4
241.862,6337904640,4
241.918,6356353024,4
241.974,6377586688,4
242.035,6397788160,4
242.095,6416465920,4
242.156,6432899072,4
242.216,6455345152,4
242.268,6477348864,4
242.328,6497910784,4
242.385,6521028608,4
242.438,3789537280,4
242.499,3804004352,3
242.553,3818553344,4
242.610,3909222400,4
242.670,3961077760,4
242.731,4003479552,4
242.791,4389715968,4
242.851,4794335232,4
242.911,5334908928,4
242.972,5712199680,4
243.032,5788385280,4
243.085,5829705728,4
243.145,5901975552,4
243.201,6056034304,4
243.262,6107742208,4
243.322,6149505024,4
243.382,6213566464,4
243.443,6293307392,4
243.503,6650281984,4
243.558,6998753280,4
243.610,7453917184,4
243.670,7963770880,4
243.726,8183726080,4
243.787,8210743296,4
243.847,8297299968,4
243.907,5449465856,4
243.960,5569282048,4
244.021,5603426304,3
244.078,5632983040,4
244.135,5758074880,4
244.195,5869142016,4
244.251,5926944768,4
244.312,5977653248,4
244.372,6008619008,4
244.426,6035243008,4
244.487,6063030272,4
244.543,6086934528,4
244.603,6110101504,4
244.663,6140346368,4
244.718,6167724032,4
244.778,6193348608,4
244.835,6219071488,4
244.895,6243663872,4
244.951,6269452288,4
245.012,6290456576,4
245.072,6311018496,4
245.127,6331744256,4
245.187,6799032320,4
245.247,7242956800,4
245.301,7756742656,4
245.362,8113455104,4
245.418,8174813184,4
245.478,8211152896,4
245.539,8262991872,4
245.593,8409137152,4
245.653,8459288576,4
245.714,8490172416,4
245.768,8520368128,4
245.828,8640905216,4
245.885,5972295680,4
245.946,5989548032,3
246.003,6006603776,4
246.064,6096961536,4
246.118,6138511360,4
246.178,6184960000,4
246.239,6221070336,4
246.299,6255591424,4
246.359,6283886592,4
246.418,6311886848,4
246.478,6339100672,4
246.535,6362480640,4
246.595,6384386048,4
246.651,6405144576,4
246.712,6838714368,4
246.772,7265533952,4
246.827,7770488832,4
246.877,8176566272,4
246.929,8266727424,4
246.985,8293138432,4
247.045,8328347648,4
247.105,8447049728,4
247.160,8557608960,4
247.220,8589492224,4
247.276,8617000960,4
247.337,8682668032,4
247.397,8749744128,4
247.451,8773451776,4
247.512,8791654400,4
247.572,8802926592,4
247.626,8812265472,4
247.687,8832172032,4
247.743,8897560576,4
247.803,5994708992,4
247.860,6004047872,3
247.922,6014222336,4
247.983,6106480640,4
248.041,6150029312,4
248.093,6181289984,4
248.154,6213058560,4
248.210,6246301696,4
248.270,6273548288,4
248.330,6301745152,4
248.388,6325813248,4
248.446,6350929920,4
248.504,6372868096,4
248.563,6394642432,4
248.623,6536003584,4
248.683,7005962240,4
248.743,7529693184,4
248.801,8061911040,4
248.858,8236695552,4
248.919,8260829184,4
248.979,8294367232,4
249.038,8412479488,4
249.093,8517320704,4
249.151,8543453184,4
249.208,8569651200,4
249.266,8632942592,4
249.318,8692269056,4
249.378,8745451520,4
249.439,5927600128,4
249.494,5939019776,3
249.556,5952585728,4
249.610,6039617536,4
249.662,6081888256,4
249.718,6127779840,4
249.778,6167920640,4
249.835,6200279040,4
249.895,6231932928,4
249.951,6258786304,4
250.012,6284869632,4
250.072,6310838272,4
250.126,6330187776,4
250.187,6356402176,4
250.247,6378864640,4
250.301,6399606784,4
250.362,6420529152,4
250.422,6498009088,4
250.476,3643244544,4
250.537,3688955904,3
250.595,4168712192,4
250.655,4737007616,4
250.715,5353652224,4
250.768,5624381440,4
250.828,5685641216,4
250.889,5742985216,4
250.949,5840912384,4
251.001,5981437952,4
251.062,6034784256,4
251.118,6076825600,4
251.178,6140526592,4
251.237,6221512704,4
251.293,6274646016,4
251.353,6304382976,4
251.413,6328156160,4
251.473,6352814080,4
251.533,6372327424,4
251.594,6392315904,4
251.654,6413647872,4
251.714,6437289984,4
251.775,6456082432,4
251.835,6532202496,4
251.895,3701342208,4
251.952,3718201344,3
252.014,3738009600,4
252.074,3832496128,4
252.126,4174692352,4
252.187,4588683264,4
252.243,5125718016,4
252.303,5666652160,4
252.360,5768364032,4
252.420,5811486720,4
252.480,5863440384,4
252.535,6001786880,4
252.595,6101188608,4
252.646,6136840192,4
252.701,6173261824,4
252.762,6257721344,4
252.818,6318309376,4
252.878,6347046912,4
252.935,6374113280,4
252.995,6395002880,4
253.055,6416318464,4
253.113,6438273024,4
253.174,6473154560,4
253.234,6883147776,4
253.285,7230144512,4
253.345,7729922048,4
253.401,8196653056,4
253.462,8345108480,4
253.522,8367865856,4
253.576,8398323712,4
253.637,8503033856,4
253.696,5798051840,4
253.757,5825265664,4
253.818,5853364224,3
253.878,5920096256,4
253.935,6056787968,4
253.995,6115016704,4
254.051,6163169280,4
254.112,6199541760,4
254.172,6234193920,4
254.226,6258442240,4
254.287,6289457152,4
254.347,6323453952,4
254.407,6348226560,4
254.468,6372425728,4
254.526,6394167296,4
254.587,6415499264,4
254.647,6639124480,4
254.701,7031848960,4
254.762,7551975424,4
254.822,8093450240,4
254.876,8274444288,4
254.929,8294793216,4
254.989,8335065088,4
255.043,8399831040,4
255.103,8545533952,4
255.160,8581939200,4
255.220,8616984576,4
255.276,8661041152,4
255.337,8735719424,4
255.397,8775925760,4
255.457,8798601216,4
255.518,8811888640,4
255.578,8829075456,4
255.638,8841510912,4
255.696,8853700608,4
255.751,8869789696,4
255.812,8892137472,4
255.872,8909799424,4
255.932,8922644480,4
255.991,8934293504,4
256.052,8943599616,4
256.112,8956444672,4
256.171,8966717440,4
256.229,8976138240,4
256.288,8988852224,4
256.348,9001992192,4
256.401,9015296000,4
256.462,9028763648,4
256.518,9416359936,4
256.578,9815277568,4
256.639,10354475008,4
256.699,10786045952,4
256.751,10837884928,4
256.812,10856497152,4
256.872,10883645440,4
256.932,11019190272,4
256.993,11080384512,4
257.043,11103846400,4
257.103,11124047872,4
257.160,11194564608,4
257.220,11245223936,4
257.280,11257036800,4
257.341,11276582912,4
257.401,11289034752,4
257.461,11296849920,4
257.520,11313168384,4
257.581,11372560384,4
257.635,8459698176,4
257.696,8465874944,3
257.753,8471625728,4
257.810,8553349120,4
257.870,8597504000,4
257.926,8629895168,4
257.987,8663400448,4
258.047,8695300096,4
258.101,8718057472,4
258.161,8736849920,4
258.222,8754249728,4
258.282,8771846144,4
258.335,8786837504,4
258.395,8803090432,4
258.451,8821014528,4
258.512,8837922816,4
258.572,8856109056,4
258.626,8869675008,4
258.687,8887222272,4
258.743,8900919296,4
258.803,8916418560,4
258.858,8928591872,4
258.919,8946647040,4
258.976,8958509056,4
259.037,8972271616,4
259.097,8992587776,4
259.151,9013411840,4
259.212,9031876608,4
259.267,9041494016,4
259.327,9049948160,4
259.387,9058893824,4
259.443,9068134400,4
259.501,9076064256,4
259.562,9085435904,4
259.622,9093545984,4
259.681,9102311424,4
259.741,9110896640,4
259.801,9121136640,4
259.862,9129443328,4
259.923,9136406528,4
259.976,9141108736,4
260.037,9194897408,4
260.093,6302826496,4
260.154,6311428096,3
260.214,6321143808,4
260.275,6411632640,4
260.335,6457606144,4
260.395,6492651520,4
260.451,6943916032,4
260.512,7376912384,4
260.572,7949172736,4
260.632,8308310016,4
260.693,8375468032,4
260.743,8408989696,4
260.803,8456978432,4
260.864,8617000960,4
260.924,8666529792,4
260.976,8698019840,4
261.037,8738127872,4
261.093,8824815616,4
261.153,8860958720,4
261.210,8879439872,4
261.268,8905211904,4
261.328,8930033664,4
261.389,8943681536,4
261.443,8955772928,4
261.503,8968830976,4
261.563,9028272128,4
261.617,9066758144,4
261.677,6099402752,4
261.738,6112002048,3
261.800,3349970944,4
261.861,3436904448,3
261.920,3480387584,4
261.975,3587948544,4
262.035,3656826880,4
262.091,3708010496,4
262.151,3757080576,4
262.212,3800645632,4
262.271,3842326528,4
262.331,3881402368,4
262.385,3914432512,4
262.445,3951362048,4
262.503,3983818752,4
262.564,4016783360,4
262.618,4054384640,4
262.678,4143136768,4
262.735,1190526976,4
262.796,1222148096,3
262.857,1671430144,4
262.910,2147450880,4
262.970,2804269056,4
263.030,3180462080,4
263.090,3275997184,4
263.150,3338502144,4
263.201,3409362944,4
263.262,3597107200,4
263.318,3655712768,4
263.378,3711713280,4
263.439,3781083136,4
263.499,3868459008,4
263.559,3922558976,4
263.610,3954262016,4
263.670,3987275776,4
263.726,4020158464,4
263.787,4057415680,4
263.847,4084121600,4
263.902,4109991936,4
263.962,4139073536,4
264.022,4171431936,4
264.082,4198318080,4
264.143,4468113408,4
264.203,4868030464,4
264.260,5349867520,4
264.320,5852807168,4
264.377,5932777472,4
264.437,6300467200,4
264.489,6639157248,4
264.546,7239680000,4
264.601,7784038400,4
264.662,8006451200,4
264.722,5237358592,4
264.783,5346377728,3
264.845,5478301696,4
264.905,5673631744,4
264.960,5731467264,4
265.020,5785944064,4
265.080,5879693312,4
265.135,5958221824,4
265.195,6004998144,4
265.251,6041288704,4
265.312,6071173120,4
265.368,6097518592,4
265.428,3544547328,4
265.489,4024795136,3
265.545,4450271232,4
265.601,5058281472,4
265.662,5454872576,4
265.722,5545934848,4
265.782,5607407616,4
265.835,5672157184,4
265.895,5854707712,4
265.951,5908955136,4
266.012,5958598656,4
266.068,6017138688,4
266.128,6108741632,4
266.189,6157189120,4
266.249,6186860544,4
266.301,6209126400,4
266.362,6235766784,4
266.422,6260981760,4
266.482,6283640832,4
266.542,6304628736,4
266.603,6326353920,4
266.663,6347489280,4
266.723,6380126208,4
266.784,6410551296,4
266.844,6429605888,4
266.901,6449790976,4
266.962,6467584000,4
267.022,6488637440,4
267.082,6506807296,4
267.142,6813122560,4
267.201,7171686400,4
267.262,7653801984,4
267.322,8123973632,4
267.382,8207532032,4
267.435,8233222144,4
267.494,8266006528,4
267.554,8399831040,4
267.610,8469692416,4
267.670,8500592640,4
267.726,8529526784,4
267.787,8615772160,4
267.843,8952201216,4
267.903,9316827136,4
267.964,9806659584,4
268.024,10266542080,4
268.076,10327146496,4
268.137,10352984064,4
268.197,10384244736,4
268.251,10512842752,4
268.312,10585915392,4
268.368,10608771072,4
268.428,10669686784,4
268.489,8134131712,4
268.541,8160673792,3
268.595,8174518272,4
268.655,8264630272,4
268.710,8302100480,4
268.768,8333983744,4
268.828,8369520640,4
268.889,8393834496,4
268.943,8412364800,4
269.003,8431878144,4
269.060,8449605632,4
269.120,8473116672,4
269.176,8488894464,4
269.237,8504393728,4
269.297,8518156288,4
269.354,8536375296,4
269.409,8550514688,4
269.470,8573861888,4
269.530,8587280384,4
269.585,8600469504,4
269.645,8669773824,4
269.705,5804343296,4
269.766,5821677568,3
269.828,5840928768,4
269.888,5938364416,4
269.943,5981650944,4
270.003,6019923968,4
270.063,6054608896,4
270.118,6081232896,4
270.178,6109315072,4
270.238,6135201792,4
270.293,6156959744,4
270.353,6180093952,4
270.410,6199853056,4
270.470,6223462400,4
270.530,6246563840,4
270.585,6265159680,4
270.645,6284525568,4
270.705,6306807808,4
270.760,6324224000,4
270.820,6344933376,4
270.880,6665666560,4
270.940,7043350528,4
270.993,7474413568,4
271.053,7979597824,4
271.114,8059535360,4
271.174,8087093248,4
271.234,8130723840,4
271.295,8284766208,4
271.355,8333312000,4
271.415,8365506560,4
271.475,8417148928,4
271.526,8484225024,4
271.587,8515715072,4
271.647,8541192192,4
271.707,8553398272,4
271.760,8565571584,4
271.820,8576565248,4
271.880,8586100736,4
271.931,8601534464,4
271.992,8610201600,4
272.052,8625471488,4
272.112,8633712640,4
272.172,8643133440,4
272.226,8652095488,4
272.287,8708161536,4
272.347,6015090688,4
272.408,6221873152,3
272.470,6705610752,4
272.526,4305321984,4
272.587,4887117824,3
272.645,5067685888,4
272.700,2582347776,4
272.752,2651537408,3
272.814,2789900288,4
272.874,3020570624,4
272.933,3106684928,4
272.993,3181936640,4
273.054,3293167616,4
273.114,3389407232,4
273.168,3438952448,4
273.228,3493363712,4
273.288,3547217920,4
273.348,3591782400,4
273.401,3628400640,4
273.462,917798912,4
273.523,958136320,3
273.584,993689600,4
273.645,1103937536,4
273.696,1166409728,4
273.751,1224327168,4
273.812,1278722048,4
273.872,1329938432,4
273.926,1374388224,4
273.987,1429012480,4
274.043,1473658880,4
274.103,1516158976,4
274.160,1555496960,4
274.220,1596325888,4
274.276,1632436224,4
274.336,1672839168,4
274.388,1704542208,4
274.448,1740193792,4
274.508,1774927872,4
274.569,1812725760,4
274.626,1845067776,4
274.685,1879244800,4
274.745,2217787392,4
274.805,2663317504,4
274.860,3195748352,4
274.920,3581575168,4
274.980,3659333632,4
275.041,3706634240,4
275.101,4134633472,4
275.151,4559208448,4
275.212,5118771200,4
275.272,6026772480,4
275.326,6478725120,4
275.387,7032881152,4
275.443,7528513536,4
275.503,7779139584,4
275.560,7893630976,4
275.620,7945191424,4
275.676,8058011648,4
275.736,8221261824,4
275.793,8303034368,4
275.853,8345452544,4
275.913,8423194624,4
275.968,8490287104,4
276.028,8515174400,4
276.089,8532262912,4
276.148,8544468992,4
276.208,8554086400,4
276.269,8562524160,4
276.329,8664350720,4
276.385,9099886592,4
276.445,9582477312,4
276.501,10100146176,4
276.562,10401972224,4
276.622,10456662016,4
276.682,10485301248,4
276.743,10536960000,4
276.803,10679336960,4
276.863,10707435520,4
276.918,10730242048,4
276.978,10763714560,4
277.038,10838016000,4
277.093,10865999872,4
277.153,10873831424,4
277.210,10884808704,4
277.270,10888445952,4
277.326,10891214848,4
277.387,10903486464,4
277.447,10910662656,4
277.507,10914594816,4
277.567,10963599360,4
277.628,8318697472,4
277.689,8326201344,3
277.751,8327905280,4
277.811,8408694784,4
277.871,8446181376,4
277.931,8481210368,4
277.991,8506277888,4
278.052,5806145536,4
278.110,5823889408,3
278.172,5842927616,4
278.229,5942214656,4
278.288,5998215168,4
278.348,6044008448,4
278.408,6082805760,4
278.469,6114951168,4
278.529,6147571712,4
278.589,6179880960,4
278.641,6206308352,4
278.693,6231326720,4
278.753,6255820800,4
278.812,6280642560,4
278.863,6300205056,4
278.923,6330433536,4
278.983,3609214976,4
279.035,3627122688,4
279.096,3651764224,3
279.157,3672637440,4
279.216,3771957248,4
279.276,3832774656,4
279.337,959348736,4
279.396,999161856,3
279.453,1038024704,4
279.513,1156562944,4
279.568,1222803456,4
279.628,1282801664,4
279.688,1337933824,4
279.749,1387446272,4
279.801,1429848064,4
279.861,1477885952,4
279.918,1518223360,4
279.976,1560756224,4
280.028,1599897600,4
280.085,1636515840,4
280.145,1676214272,4
280.205,1713356800,4
280.265,1751646208,4
280.326,1791787008,4
280.386,2266873856,4
280.446,2784198656,4
280.506,3417341952,4
280.567,3695738880,4
280.626,4086956032,4
280.686,4525391872,4
280.743,5142020096,4
280.803,5703663616,4
280.863,5789024256,4
280.924,5846925312,4
280.984,5948325888,4
281.034,6138757120,4
281.095,6223904768,4
281.151,6265585664,4
281.211,6306299904,4
281.268,6393937920,4
281.328,6446727168,4
281.384,6469320704,4
281.445,6496649216,4
281.505,6520881152,4
281.559,6536937472,4
281.620,6620381184,4
281.676,7062077440,4
281.736,7518388224,4
281.797,8045772800,4
281.857,8344895488,4
281.916,8512618496,4
281.977,8971108352,4
282.037,9535225856,4
282.099,10037264384,4
282.158,10300162048,4
282.211,10369351680,4
282.271,10405380096,4
282.331,10514759680,4
282.392,10689036288,4
282.452,10760290304,4
282.512,10792697856,4
282.572,10828169216,4
282.629,10901733376,4
282.690,10936025088,4
282.743,10944380928,4
282.803,10962534400,4
282.863,10974642176,4
282.918,10976690176,4
282.978,10980458496,4
283.038,10986078208,4
283.096,10992287744,4
283.153,10994827264,4
283.212,10997252096,4
283.273,11001561088,4
283.326,11005968384,4
283.386,11010129920,4
283.447,11014504448,4
283.501,11021615104,4
283.561,11024695296,4
283.618,11028103168,4
283.678,11084185600,4
283.738,8304869376,4
283.799,8308408320,3
283.861,8315273216,4
283.918,8395014144,4
283.978,8430911488,4
284.038,8459157504,4
284.093,8480292864,4
284.151,8499609600,4
284.212,8523055104,4
284.268,8541044736,4
284.328,8557248512,4
284.385,8572026880,4
284.445,8586936320,4
284.505,8603271168,4
284.559,8620097536,4
284.620,8635318272,4
284.680,8649752576,4
284.740,8666136576,4
284.793,8678424576,4
284.853,8690909184,4
284.909,8703967232,4
284.970,8716746752,4
285.029,8732426240,4
285.089,8744386560,4
285.143,8755412992,4
285.203,8767635456,4
285.262,8777121792,4
285.318,8786296832,4
285.378,8798797824,4
285.438,8811462656,4
285.499,8830369792,4
285.559,8843247616,4
285.619,8861450240,4
285.680,8874082304,4
285.740,8885452800,4
285.800,8894939136,4
285.851,8904196096,4
285.911,8956215296,4
285.972,6142918656,4
286.033,6151438336,3
286.086,6160629760,4
286.147,6253625344,4
286.201,6295912448,4
286.259,6333415424,4
286.320,6364774400,4
286.376,6391332864,4
286.436,6417481728,4
286.497,6445301760,4
286.557,6469730304,4
286.609,6490095616,4
286.670,6512476160,4
286.730,6533234688,4
286.790,6553321472,4
286.851,6576799744,4
286.911,6595575808,4
286.971,6613762048,4
287.029,6632521728,4
287.084,6658457600,4
287.145,6677331968,4
287.204,6692864000,4
287.259,6707953664,4
287.320,6724993024,4
287.376,6740918272,4
287.436,6760120320,4
287.493,6817693696,4
287.553,4033789952,4
287.610,4047667200,3
287.672,4063199232,4
287.732,4155899904,4
287.793,4204183552,4
287.846,4240719872,4
287.901,4274552832,4
287.961,4308680704,4
288.022,4340301824,4
288.082,4370644992,4
288.134,4397678592,4
288.195,4430151680,4
288.255,4505829376,4
288.309,1518665728,4
288.370,1544814592,3
288.432,1570406400,4
288.493,1675264000,4
288.553,1740455936,4
288.613,1790738432,4
288.673,1836417024,4
288.734,1877573632,4
288.784,1912471552,4
288.845,1951399936,4
288.901,2454142976,4
288.961,2993848320,4
289.022,3643899904,4
289.082,3927441408,4
289.142,3964747776,4
289.197,4009082880,4
289.248,4090068992,4
289.308,4250894336,4
289.369,4295409664,4
289.421,4332830720,4
289.481,4399398912,4
289.541,4496113664,4
289.602,4534697984,4
289.662,4568236032,4
289.718,4595286016,4
289.778,4620992512,4
289.834,4643323904,4
289.895,4668080128,4
289.955,4691443712,4
290.015,4716199936,4
290.076,4737449984,4
290.136,5027020800,4
290.195,5426462720,4
290.251,5925060608,4
290.311,6454820864,4
290.370,6564659200,4
290.430,6592413696,4
290.484,6625280000,4
290.545,6757892096,4
290.601,6845612032,4
290.661,6880722944,4
290.718,6907691008,4
290.778,7163641856,4
290.838,7640727552,4
290.899,8132624384,4
290.959,8634679296,4
291.018,8804532224,4
291.078,8823111680,4
291.136,8849997824,4
291.195,8953593856,4
291.251,9054912512,4
291.311,9078980608,4
291.368,9101033472,4
291.428,9164472320,4
291.488,9220046848,4
291.549,9236267008,4
291.609,9256222720,4
291.669,9266298880,4
291.730,9275097088,4
291.790,9282928640,4
291.850,9289023488,4
291.901,9295380480,4
291.961,9304506368,4
292.021,9312567296,4
292.076,9321299968,4
292.136,9329704960,4
292.196,9336553472,4
292.253,9343352832,4
292.314,9351102464,4
292.368,9356361728,4
292.421,9362112512,4
292.481,9374842880,4
292.541,9381675008,4
292.602,9386328064,4
292.662,9394094080,4
292.722,9401827328,4
292.783,9409855488,4
292.834,9416015872,4
292.895,9473212416,4
292.954,6692896768,4
293.013,6697254912,3
293.075,6704431104,4
293.135,6788448256,4
293.193,6828670976,4
293.253,6861389824,4
293.313,6887145472,4
293.374,6912425984,4
293.434,6935298048,4
293.484,6952910848,4
293.545,6974013440,4
293.605,6991511552,4
293.659,7010304000,4
293.720,7029407744,4
293.776,7050510336,4
293.836,7066189824,4
293.897,7082868736,4
293.957,7102939136,4
294.017,7119339520,4
294.078,7133806592,4
294.138,7148191744,4
294.193,7198654464,4
294.253,4235739136,4
294.308,4248649728,3
294.369,4265050112,4
294.426,4358701056,4
294.486,4410212352,4
294.547,4454416384,4
294.601,4488560640,4
294.661,4523016192,4
294.718,4552556544,4
294.778,4582883328,4
294.838,4610736128,4
294.896,4635377664,4
294.951,4659118080,4
295.011,4683464704,4
295.072,4706992128,4
295.132,4731584512,4
295.192,4754751488,4
295.253,4777066496,4
295.313,4802641920,4
295.368,4821139456,4
295.428,4840833024,4
295.484,4860051456,4
295.545,5094817792,4
295.601,5489475584,4
295.661,6036652032,4
295.718,6533431296,4
295.778,6683148288,4
295.838,6710411264,4
295.899,6744784896,4
295.951,6859702272,4
296.011,6960283648,4
296.068,6992412672,4
296.128,7020183552,4
296.184,7093321728,4
296.245,7155793920,4
296.304,7175766016,4
296.364,7196213248,4
296.418,7211319296,4
296.478,7223492608,4
296.534,7235436544,4
296.595,7256244224,4
296.655,7267926016,4
296.709,7278936064,4
296.770,7291207680,4
296.826,7301464064,4
296.885,7312801792,4
296.945,7327563776,4
297.005,7338885120,4
297.056,7350976512,4
297.116,7489912832,4
297.176,7943667712,4
297.237,8453406720,4
297.293,6242877440,4
297.352,3699572736,3
297.415,3753787392,3
297.469,4177035264,4
297.526,4713611264,4
297.586,5420056576,4
297.643,6038224896,4
297.703,6684901376,4
297.763,7287128064,4
297.824,7901528064,4
297.876,8313700352,4
297.936,8416706560,4
297.997,8476540928,4
298.051,8513290240,4
298.111,8565637120,4
298.170,8601042944,4
298.230,8707194880,4
298.282,8849768448,4
298.343,8960917504,4
298.403,9002827776,4
298.463,9045786624,4
298.524,9081225216,4
298.584,9136947200,4
298.635,9218310144,4
298.693,9308389376,4
298.753,9387933696,4
298.809,9444016128,4
298.868,9477898240,4
298.928,9499656192,4
298.988,9526034432,4
299.049,9553297408,4
299.109,9573220352,4
299.167,9602187264,4
299.228,9621798912,4
299.284,9643950080,4
299.345,9669591040,4
299.401,9684680704,4
299.461,9702834176,4
299.518,9719431168,4
299.578,9737617408,4
299.638,9754591232,4
299.693,9770926080,4
299.753,9788784640,4
299.809,9840017408,4
299.870,6873595904,4
299.927,7352074240,3
299.989,8216363008,4
300.043,3215245312,4
300.103,4096032768,4
300.162,4650024960,4
300.223,4800774144,3
300.285,4878483456,4
300.346,5156765696,4
300.406,5367840768,4
300.466,5497896960,4
300.517,5575753728,4
300.572,5688197120,4
300.626,5795741696,4
300.686,5888311296,4
300.747,5931286528,4
300.801,5975457792,4
300.861,6013370368,4
300.918,6046810112,4
300.970,6071451648,4
301.030,6097321984,4
301.084,6146736128,4
301.145,6176112640,4
301.201,6199214080,4
301.258,6223642624,4
301.318,6247432192,4
301.378,6273171456,4
301.434,6295322624,4
301.495,6317047808,4
301.555,6340165632,4
301.609,6357909504,4
301.670,6378946560,4
301.726,6396166144,4
301.786,6416547840,4
301.843,6435405824,4
301.895,6450806784,4
301.951,6467944448,4
302.011,6488113152,4
302.071,6511820800,4
302.131,6528319488,4
302.184,6542901248,4
302.245,6557990912,4
302.301,6572785664,4
302.361,6589120512,4
302.422,6604144640,4
302.482,6623772672,4
302.534,6636781568,4
302.595,6653149184,4
302.651,6669516800,4
302.711,7153795072,4
302.772,7594606592,4
302.829,8089141248,4
302.890,8511619072,4
302.951,8579170304,4
303.011,8605270016,4
303.071,8637382656,4
303.132,8744239104,4
303.192,8852373504,4
303.249,8880242688,4
303.310,8905768960,4
303.369,8961949696,4
303.429,9034661888,4
303.489,9056190464,4
303.550,9073475584,4
303.601,9083551744,4
303.661,9094889472,4
303.722,9105260544,4
303.774,9113485312,4
303.826,9121513472,4
303.886,9131835392,4
303.941,9137766400,4
304.001,9145401344,4
304.059,9156132864,4
304.120,9165619200,4
304.180,9173434368,4
304.235,9181609984,4
304.291,9191473152,4
304.343,9205219328,4
304.403,9215016960,4
304.459,9224699904,4
304.520,9242755072,4
304.576,9253502976,4
304.636,9263579136,4
304.693,9272328192,4
304.753,9286713344,4
304.809,9303375872,4
304.869,9314353152,4
304.930,9319350272,4
304.990,9327132672,4
305.050,9332162560,4
305.109,9336782848,4
305.169,9345794048,4
305.229,9356115968,4
305.284,9361129472,4
305.345,9373859840,4
305.405,9384558592,4
305.459,9403777024,4
305.520,9412116480,4
305.580,9417359360,4
305.640,9422569472,4
305.695,9428008960,4
305.755,9434857472,4
305.809,9438969856,4
305.870,9445523456,4
305.930,9457123328,4
305.987,9463037952,4
306.046,9475915776,4
306.099,9520594944,4
306.151,6672334848,4
306.212,6676447232,3
306.274,6681526272,4
306.326,6758367232,4
306.386,6799605760,4
306.443,6829621248,4
306.503,6857605120,4
306.563,6881394688,4
306.624,6913687552,4
306.676,3993059328,4
306.737,4014309376,3
306.797,4035248128,4
306.857,4135501824,4
306.909,4183097344,4
306.970,4230021120,4
307.030,4270817280,4
307.084,4303650816,4
307.145,4339613696,4
307.195,4367269888,4
307.251,4397367296,4
307.311,4427218944,4
307.372,4455448576,4
307.432,4487495680,4
307.492,4518232064,4
307.552,4544069632,4
307.609,4570333184,4
307.670,4595515392,4
307.730,4619780096,4
307.784,4642013184,4
307.845,4670439424,4
307.901,4693786624,4
307.961,4720590848,4
308.018,4740300800,4
308.078,4765433856,4
308.138,4787568640,4
308.199,4807933952,4
308.251,4826906624,4
308.311,4888969216,4
308.368,4933795840,4
308.428,4964548608,4
308.488,2002141184,4
308.549,2021408768,3
308.603,2039562240,4
308.663,2138603520,4
308.723,2309881856,4
308.776,2790801408,4
308.836,3376267264,4
308.895,3965304832,4
308.955,4080795648,4
309.015,4129800192,4
309.076,4184784896,4
309.134,4348362752,4
309.195,4424499200,4
309.255,4470079488,4
309.315,4528242688,4
309.376,4615405568,4
309.434,4663001088,4
309.495,5128781824,4
309.555,5577998336,4
309.609,6105219072,4
309.662,6547636224,4
309.722,6631473152,4
309.782,6663929856,4
309.843,6707707904,4
309.903,6863831040,4
309.963,6937247744,4
310.018,6969737216,4
310.078,6998425600,4
310.138,7088717824,4
310.195,7140605952,4
310.251,7163215872,4
310.311,7185203200,4
310.368,7198670848,4
310.428,7215710208,4
310.488,7240515584,4
310.543,7252574208,4
310.603,7265976320,4
310.662,7281278976,4
310.722,7295565824,4
310.782,7311261696,4
310.843,7324712960,4
310.903,7370194944,4
310.959,4578344960,4
311.020,4591878144,3
311.076,4629577728,4
311.136,5184290816,4
311.196,5697683456,4
311.251,6222348288,4
311.311,6554779648,4
311.368,6581747712,4
311.426,6625640448,4
311.486,6706954240,4
311.547,6861209600,4
311.607,6904807424,4
311.667,6942326784,4
311.728,7004143616,4
311.784,7078035456,4
311.845,7115751424,4
311.905,7154089984,4
311.965,7178207232,4
312.025,7196786688,4
312.076,7210827776,4
312.136,7228866560,4
312.193,7246512128,4
312.253,7259734016,4
312.309,7274217472,4
312.369,7329611776,4
312.426,4382081024,4
312.487,4401823744,3
312.544,4413521920,4
312.601,4500258816,4
312.661,4548280320,4
312.722,4588093440,4
312.782,4623269888,4
312.842,4655579136,4
312.903,4685709312,4
312.963,4715806720,4
313.018,4740726784,4
313.076,4764336128,4
313.136,4788649984,4
313.197,4812472320,4
313.251,4836016128,4
313.311,4862345216,4
313.368,4883529728,4
313.428,4905074688,4
313.484,4924948480,4
313.545,4946640896,4
313.601,4965400576,4
313.661,5395955712,4
313.719,5874548736,4
313.779,6935674880,4
313.839,7788773376,4
313.899,8408891392,4
313.951,8933539840,4
314.011,9571155968,4
314.071,10267738112,4
314.126,10764910592,4
314.186,11124129792,4
314.247,11199332352,4
314.301,11261820928,4
314.361,11330158592,4
314.422,11370807296,4
314.476,11396005888,4
314.534,11482316800,4
314.595,11619450880,4
314.651,11717967872,4
314.711,11751276544,4
314.771,11782635520,4
314.832,11809144832,4
314.892,11835047936,4
314.943,11903352832,4
315.003,11974459392,4
315.059,12057182208,4
315.120,12561514496,4
315.180,13045268480,4
315.240,13593739264,4
315.293,13841809408,4
315.353,13902675968,4
315.413,13937704960,4
315.468,13967622144,4
315.526,14122401792,4
315.586,14252097536,4
315.643,8418787328,4
315.703,8437334016,4
315.759,8502853632,4
315.820,8543895552,3
315.878,8555003904,4
315.934,8643051520,4
315.995,8685469696,4
316.051,8717287424,4
316.111,8743600128,4
316.171,8773877760,4
316.226,8796880896,4
316.286,8817213440,4
316.347,8841412608,4
316.401,8856879104,4
316.461,8875819008,4
316.518,8898035712,4
316.578,8912896000,4
316.638,8927444992,4
316.693,8938946560,4
316.753,8954871808,4
316.809,8965931008,4
316.870,8978612224,4
316.930,8991834112,4
316.990,9051553792,4
317.050,6196592640,4
317.111,6206832640,3
317.173,6221250560,4
317.226,6303023104,4
317.286,6349389824,4
317.343,6383190016,4
317.403,6415925248,4
317.463,3663020032,4
317.524,3689742336,3
317.586,3716546560,4
317.643,3818471424,4
317.703,3880534016,4
317.759,3927588864,4
317.819,3973201920,4
317.880,4013686784,4
317.934,4049747968,4
317.995,4088135680,4
318.055,4125278208,4
318.109,4154589184,4
318.169,4186030080,4
318.226,4215029760,4
318.286,4249419776,4
318.347,4280287232,4
318.407,4310450176,4
318.459,4589486080,4
318.520,5008195584,4
318.580,5564530688,4
318.634,6052626432,4
318.694,6185467904,4
318.751,6216712192,4
318.811,6260228096,4
318.871,6408929280,4
318.926,6489702400,4
318.986,6528630784,4
319.046,6562201600,4
319.102,6646874112,4
319.162,6699319296,4
319.218,6722551808,4
319.278,6748372992,4
319.334,6765199360,4
319.394,6782582784,4
319.455,6806159360,4
319.515,6824919040,4
319.575,6847315968,4
319.636,6868762624,4
319.693,6884605952,4
319.753,7266222080,4
319.809,7622082560,4
319.870,8125399040,4
319.930,8613707776,4
319.990,8720384000,4
320.051,8742518784,4
320.109,8769929216,4
320.170,8892874752,4
320.230,8979857408,4
320.290,9010200576,4
320.345,9463611392,4
320.405,9935077376,4
320.459,10475749376,4
320.520,10956406784,4
320.580,11026792448,4
320.640,11050303488,4
320.695,11071668224,4
320.755,11192369152,4
320.809,11285069824,4
320.870,11312283648,4
320.930,11332124672,4
320.990,11390500864,4
321.050,11450466304,4
321.101,11464310784,4
321.161,11522310144,4
321.222,8696987648,4
321.277,8698839040,3
321.339,8701935616,4
321.399,8783986688,4
321.459,8823619584,4
321.520,8853110784,4
321.576,8877473792,4
321.636,8899969024,4
321.693,8918745088,4
321.753,8937947136,4
321.813,8955641856,4
321.873,8974041088,4
321.934,8988459008,4
321.993,9002991616,4
322.053,9016426496,4
322.109,9030778880,4
322.170,9044787200,4
322.229,9061056512,4
322.287,9073623040,4
322.343,9084862464,4
322.403,9097428992,4
322.459,9112256512,4
322.519,9124265984,4
322.580,9135489024,4
322.634,9146843136,4
322.691,9164029952,4
322.751,9182953472,4
322.811,9195585536,4
322.868,9203318784,4
322.928,9212051456,4
322.988,9221308416,4
323.043,9229008896,4
323.103,9239019520,4
323.163,9247277056,4
323.218,9254387712,4
323.278,9325346816,4
323.338,6449070080,4
323.393,6456164352,3
323.455,6465699840,4
323.508,6549635072,4
323.559,6590889984,4
323.619,6628982784,4
323.673,6657622016,4
323.733,6687096832,4
323.793,6714589184,4
323.854,6741245952,4
323.912,6766559232,4
323.967,7195951104,4
324.028,7617708032,4
324.088,8167948288,4
324.142,8548679680,4
324.197,8611463168,4
324.251,8637267968,4
324.311,8675262464,4
324.371,8824094720,4
324.432,8924856320,4
324.492,8960884736,4
324.542,8996012032,4
324.603,9100148736,4
324.663,9160933376,4
324.717,9183936512,4
324.778,9202548736,4
324.834,9213788160,4
324.894,9224536064,4
324.945,9240854528,4
325.001,9254174720,4
325.061,9265463296,4
325.121,9277472768,4
325.182,9290186752,4
325.242,9300885504,4
325.292,9309257728,4
325.353,9318498304,4
325.411,9327722496,4
325.467,9335881728,4
325.528,9344417792,4
325.582,9351872512,4
325.634,9358917632,4
325.695,9367666688,4
325.751,9377759232,4
325.811,9388212224,4
325.868,9399451648,4
325.928,9406382080,4
325.989,9414606848,4
326.050,9422176256,4
326.110,9869262848,4
326.171,10301063168,4
326.226,10808672256,4
326.282,11148099584,4
326.343,11199168512,4
326.403,11219156992,4
326.461,11254546432,4
326.517,11390795776,4
326.578,11440422912,4
326.638,11463409664,4
326.693,11481677824,4
326.751,11554897920,4
326.812,11585667072,4
326.868,11594498048,4
326.928,11613274112,4
326.984,11618877440,4
327.042,11624038400,4
327.103,11628642304,4
327.163,11632869376,4
327.220,11638554624,4
327.279,11640782848,4
327.337,11642699776,4
327.395,11645583360,4
327.456,11647991808,4
327.509,11655020544,4
327.569,11665244160,4
327.630,11673010176,4
327.684,11675205632,4
327.744,11678449664,4
327.801,11687198720,4
327.861,11751931904,4
327.918,8931164160,4
327.979,8931983360,3
328.041,8945221632,4
328.093,9068937216,4
328.153,9157033984,4
328.209,9229910016,4
328.269,9260220416,4
328.330,9283158016,4
328.390,9335455744,4
328.450,9358262272,4
328.501,9372254208,4
328.561,6138068992,4
328.618,6150242304,3
328.680,6172000256,4
328.734,6259163136,4
328.794,6310690816,4
328.854,6350815232,4
328.909,6381600768,4
328.969,6413156352,4
329.026,6440337408,4
329.086,6467846144,4
329.146,6542884864,4
329.207,3542843392,4
329.268,3565092864,3
329.326,3587538944,4
329.386,3693314048,4
329.443,3749625856,4
329.503,3798908928,4
329.563,3843555328,4
329.617,3878420480,4
329.678,3918430208,4
329.738,3955867648,4
329.792,3992829952,4
329.853,4028465152,4
329.913,4059316224,4
329.971,4094377984,4
330.026,4121870336,4
330.086,4151476224,4
330.145,4180115456,4
330.204,4208771072,4
330.262,4235509760,4
330.320,4261822464,4
330.379,4287627264,4
330.436,4316299264,4
330.497,4341284864,4
330.557,4367384576,4
330.617,4394926080,4
330.678,4854300672,4
330.734,5278826496,4
330.794,5860163584,4
330.855,6206308352,4
330.909,6272270336,4
330.969,6309265408,4
331.030,6368280576,4
331.084,6518013952,4
331.144,6569099264,4
331.201,6646448128,4
331.261,7147323392,4
331.321,7659274240,4
331.382,8211087360,4
331.434,8501821440,4
331.484,8566849536,4
331.544,8594325504,4
331.601,8627798016,4
331.661,8761688064,4
331.717,8837464064,4
331.778,8867725312,4
331.838,9043165184,4
331.892,9501540352,4
331.953,10037411840,4
332.009,10546937856,4
332.069,10808229888,4
332.126,10821763072,4
332.186,10850975744,4
332.246,10928668672,4
332.307,11064639488,4
332.367,11097833472,4
332.417,11116888064,4
332.478,11163926528,4
332.538,11227398144,4
332.592,11256020992,4
332.653,11268177920,4
332.709,11273240576,4
332.769,11281039360,4
332.830,11287560192,4
332.884,11296096256,4
332.944,11311005696,4
333.001,11323342848,4
333.059,11332812800,4
333.119,11337842688,4
333.176,11350261760,4
333.236,11359830016,4
333.295,11380817920,4
333.355,11415928832,4
333.416,11424956416,4
333.476,11428708352,4
333.536,11433263104,4
333.597,11437129728,4
333.651,11440947200,4
333.709,11445633024,4
333.769,11450810368,4
333.830,11454447616,4
333.890,8632942592,4
333.951,8636465152,3
334.013,8641822720,4
334.074,8725381120,4
334.134,8767356928,4
334.192,8797011968,4
334.253,8823472128,4
334.313,8850030592,4
334.373,8872198144,4
334.434,8891564032,4
334.488,8920383488,4
334.548,8935849984,4
334.608,8950251520,4
334.667,8963129344,4
334.728,8977055744,4
334.788,8989704192,4
334.842,9001238528,4
334.903,9014296576,4
334.959,9025028096,4
335.020,9048948736,4
335.080,9105965056,4
335.134,9120153600,4
335.194,9130065920,4
335.255,9140633600,4
335.309,9161949184,4
335.369,9175777280,4
335.426,9185378304,4
335.486,6133809152,4
335.541,6544818176,3
335.603,6926876672,4
335.664,7408762880,4
335.717,7475200000,4
335.778,7529037824,4
335.838,7691485184,4
335.892,7807238144,4
335.953,4886577152,4
336.010,4932468736,3
336.072,4997169152,4
336.132,5153800192,4
336.192,2331934720,4
336.253,2378383360,3
336.315,2419638272,4
336.376,2537390080,4
336.436,2602647552,4
336.496,2656747520,4
336.551,2704605184,4
336.611,2752086016,4
336.665,2791604224,4
336.725,2838216704,4
336.784,2881486848,4
336.838,2921922560,4
336.898,2960228352,4
336.951,3003826176,4
337.012,1030160384,3
337.069,1061994496,4
337.129,1170456576,4
337.190,1235828736,4
337.250,1296826368,4
337.307,1348452352,4
337.359,1391525888,4
337.417,1441087488,4
337.478,1486553088,4
337.538,1530806272,4
337.598,1570242560,4
337.658,1614774272,4
337.709,1647476736,4
337.769,1685913600,4
337.830,1723400192,4
337.887,1758887936,4
337.947,1796112384,4
338.008,1831305216,4
338.068,1870348288,4
338.126,1901314048,4
338.186,2440790016,4
338.242,2967732224,4
338.303,3596419072,4
338.359,3800776704,4
338.419,3838017536,4
338.480,3883614208,4
338.537,4008017920,4
338.597,4534484992,4
338.651,4922834944,4
338.711,5511151616,4
338.767,5973737472,4
338.828,6092554240,4
338.888,6551683072,4
338.948,6987694080,4
339.009,7642660864,4
339.069,8126447616,4
339.129,8221655040,4
339.189,8277377024,4
339.242,8370913280,4
339.303,8522940416,4
339.359,8623308800,4
339.419,8660566016,4
339.480,8688697344,4
339.540,8765620224,4
339.599,8820277248,4
339.659,9241493504,4
339.720,9657450496,4
339.776,10169384960,4
339.836,10614865920,4
339.892,10678550528,4
339.953,10710040576,4
340.009,10742382592,4
340.069,10878599168,4
340.130,10948575232,4
340.190,10972643328,4
340.242,10989682688,4
340.303,11060084736,4
340.359,11103059968,4
340.419,11118936064,4
340.476,11130732544,4
340.536,11195777024,4
340.596,8326561792,4
340.657,8337440768,3
340.719,8344961024,4
340.779,8433909760,4
340.840,8476196864,4
340.900,8515682304,4
340.960,8544256000,4
341.021,8565030912,4
341.081,8629403648,4
341.134,5810880512,4
341.195,5829885952,3
341.252,5845172224,4
341.309,5934874624,4
341.369,5985501184,4
341.430,6027067392,4
341.490,6063783936,4
341.550,6096814080,4
341.601,6122127360,4
341.661,6150504448,4
341.721,6179389440,4
341.776,6205243392,4
341.836,6233735168,4
341.892,6256852992,4
341.953,6280740864,4
342.013,6308823040,4
342.067,6329614336,4
342.128,6352896000,4
342.188,6372966400,4
342.248,6392692736,4
342.301,6410190848,4
342.361,6439960576,4
342.421,6461194240,4
342.476,6477611008,4
342.536,6494748672,4
342.596,6517080064,4
342.651,6532628480,4
342.711,6604947456,4
342.767,3734306816,4
342.828,3751018496,3
342.890,3768745984,4
342.951,3867082752,4
343.011,3920953344,4
343.068,3962585088,4
343.128,4002447360,4
343.184,4035330048,4
343.244,4069113856,4
343.301,4515282944,4
343.361,4963598336,4
343.422,5549277184,4
343.476,5905727488,4
343.536,5976489984,4
343.592,6016712704,4
343.653,6071287808,4
343.709,6233538560,4
343.769,6627459072,4
343.830,7044988928,4
343.884,7549943808,4
343.935,8044576768,4
343.995,8244035584,4
344.056,8275017728,4
344.116,8315781120,4
344.167,8409153536,4
344.228,8533868544,4
344.288,8562589696,4
344.348,8593408000,4
344.409,8658518016,4
344.467,8722284544,4
344.528,8744665088,4
344.584,8764932096,4
344.644,8779382784,4
344.701,8792719360,4
344.761,8811364352,4
344.815,8825241600,4
344.876,8841691136,4
344.936,8858845184,4
344.996,8886779904,4
345.051,8900050944,4
345.111,8911290368,4
345.171,8922628096,4
345.226,8931082240,4
345.286,8941240320,4
345.342,8950022144,4
345.403,8964964352,4
345.459,9144844288,4
345.519,9579479040,4
345.579,10072064000,4
345.634,10552836096,4
345.694,10790043648,4
345.751,10797596672,4
345.811,10823680000,4
345.871,10896916480,4
345.932,11025055744,4
345.984,11041177600,4
346.044,11064197120,4
346.105,11108319232,4
346.165,11168301056,4
346.225,11192483840,4
346.276,11199135744,4
346.336,11211505664,4
346.396,11218927616,4
346.457,11233329152,4
346.509,11235475456,4
346.569,11243470848,4
346.626,11247583232,4
346.686,11257446400,4
346.739,11262705664,4
346.799,11270324224,4
346.857,11276894208,4
346.917,11282219008,4
346.976,11288772608,4
347.036,11293589504,4
347.096,11300962304,4
347.157,11314757632,4
347.207,11318394880,4
347.259,11321671680,4
347.319,11325767680,4
347.379,11330158592,4
347.439,11334369280,4
347.499,11339677696,4
347.551,11343151104,4
347.611,11348393984,4
347.671,11352784896,4
347.732,11356454912,4
347.792,11362942976,4
347.852,11364433920,4
347.912,11369889792,4
347.973,11378393088,4
348.033,11433574400,4
348.090,8547762176,4
348.143,8551579648,3
348.205,8557658112,4
348.259,8635006976,4
348.319,8675213312,4
348.376,8704901120,4
348.436,8756281344,4
348.492,5905219584,4
348.553,5924175872,3
348.615,5943459840,4
348.676,6043156480,4
348.736,6094782464,4
348.792,6134562816,4
348.853,6172147712,4
348.909,6203916288,4
348.969,6236798976,4
349.030,6267338752,4
349.090,6294798336,4
349.142,6317047808,4
349.196,6343213056,4
349.251,6364135424,4
349.311,6387810304,4
349.367,6409306112,4
349.428,6430392320,4
349.484,6451822592,4
349.544,6476988416,4
349.605,6499090432,4
349.659,6518685696,4
349.719,6542409728,4
349.780,6561611776,4
349.840,6580404224,4
349.892,6600916992,4
349.953,6619185152,4
350.009,6636797952,4
350.069,6654525440,4
350.126,6670663680,4
350.186,6687408128,4
350.242,6703382528,4
350.303,6719389696,4
350.359,6734364672,4
350.419,6751207424,4
350.480,6765920256,4
350.540,6780551168,4
350.600,6795542528,4
350.659,6810517504,4
350.719,6830587904,4
350.776,6845677568,4
350.836,6860144640,4
350.892,6876708864,4
350.953,6890782720,4
351.009,6904840192,4
351.069,6919159808,4
351.130,7491796992,4
351.184,8155136000,4
351.244,9269592064,4
351.303,10346348544,4
351.363,10630152192,4
351.417,10652123136,4
351.478,10697129984,4
351.538,10874077184,4
351.598,11092852736,4
351.657,11133452288,4
351.709,11163123712,4
351.769,11242864640,4
351.826,11367464960,4
351.886,11410604032,4
351.946,11428446208,4
352.006,11445567488,4
352.059,11462164480,4
352.119,11479023616,4
352.179,11488149504,4
352.237,11497209856,4
352.297,11505319936,4
352.358,11511365632,4
352.409,11515576320,4
352.469,11524702208,4
352.532,11531108352,4
352.589,11539578880,4
352.650,11558502400,4
352.701,11570905088,4
352.761,11580735488,4
352.821,11587010560,4
352.882,11598610432,4
352.942,11602984960,4
353.002,11607998464,4
353.059,11614683136,4
353.117,11616485376,4
353.178,11622449152,4
353.234,11628462080,4
353.294,11632459776,4
353.354,11641700352,4
353.409,11698225152,4
353.469,8761819136,4
353.526,8767275008,3
353.588,8772059136,4
353.642,8849063936,4
353.703,8890777600,4
353.759,8919203840,4
353.819,8950775808,4
353.876,8972025856,4
353.936,8992079872,4
353.995,9010855936,4
354.051,9029681152,4
354.111,9113059328,4
354.167,6125797376,4
354.228,3238658048,3
354.289,3253141504,3
354.347,3348299776,4
354.400,3468148736,4
354.460,3547250688,4
354.517,3607756800,4
354.578,3662036992,4
354.634,3709288448,4
354.694,3758899200,4
354.754,3807526912,4
354.808,3844341760,4
354.868,3881402368,4
354.926,3920166912,4
354.986,3956260864,4
355.046,3992862720,4
355.106,4026073088,4
355.167,4060545024,4
355.227,4092215296,4
355.284,4121165824,4
355.342,4156096512,4
355.403,4189061120,4
355.463,4217454592,4
355.521,4243767296,4
355.581,4277501952,4
355.642,4304437248,4
355.702,4330504192,4
355.759,4353933312,4
355.819,4380360704,4
355.876,4403888128,4
355.936,4429119488,4
355.995,4454105088,4
356.055,4478976000,4
356.109,4501291008,4
356.169,4605657088,4
356.229,5103616000,4
356.284,5567266816,4
356.342,6109937664,4
356.403,6378536960,4
356.463,6400983040,4
356.517,6435667968,4
356.578,6525190144,4
356.638,6660653056,4
356.698,6693765120,4
356.758,6728564736,4
356.817,6791053312,4
356.878,7297171456,4
356.938,7718879232,4
356.998,8238825472,4
357.058,8657731584,4
357.109,8718499840,4
357.169,8844951552,4
357.230,9331376128,4
357.287,9897558016,4
357.345,10546020352,4
357.404,10869817344,4
357.464,10939023360,4
357.517,11000774656,4
357.573,11078041600,4
357.632,11213111296,4
357.691,11302977536,4
357.751,11329388544,4
357.811,11352801280,4
357.868,11404918784,4
357.926,11472896000,4
357.986,11495784448,4
358.046,11508023296,4
358.101,11519229952,4
358.161,11533402112,4
358.221,11547279360,4
358.281,11555569664,4
358.340,11562024960,4
358.401,11567480832,4
358.459,11572068352,4
358.519,11577409536,4
358.570,11583012864,4
358.630,11590254592,4
358.690,11597873152,4
358.751,11600756736,4
358.811,11612454912,4
358.868,11621679104,4
358.928,11627282432,4
358.984,11634540544,4
359.044,11641028608,4
359.101,11645091840,4
359.161,11651563520,4
359.219,11656151040,4
359.276,11669143552,4
359.336,11730747392,4
359.392,11749998592,4
359.453,11765481472,4
359.513,8672165888,4
359.574,8675737600,3
359.636,8684388352,4
359.695,8776679424,4
359.756,8814870528,4
359.809,8840069120,4
359.869,8865071104,4
359.930,8942698496,4
359.984,5929615360,4
360.045,5946900480,3
360.102,5964234752,4
360.163,6061817856,4
360.220,6110887936,4
360.279,6153846784,4
360.339,3335192576,4
360.399,3367321600,4
360.460,3399729152,3
360.521,3433791488,4
360.582,3551756288,4
360.642,3613523968,4
360.702,3666067456,4
360.763,3716235264,4
360.823,3758555136,4
360.883,3799007232,4
360.944,3837231104,4
361.001,3876061184,4
361.061,3910074368,4
361.117,3941400576,4
361.178,3977527296,4
361.236,4009017344,4
361.292,4037525504,4
361.351,4066852864,4
361.411,4100784128,4
361.471,4129406976,4
361.526,4154359808,4
361.586,4181000192,4
361.646,4212293632,4
361.704,4236607488,4
361.759,4259364864,4
361.819,4288692224,4
361.879,4312547328,4
361.940,4339449856,4
361.999,4363288576,4
362.057,4387454976,4
362.117,4414717952,4
362.170,4444012544,4
362.226,4500848640,4
362.286,4996661248,4
362.346,5488803840,4
362.404,6032523264,4
362.464,6330368000,4
362.517,6348193792,4
362.577,6389022720,4
362.634,6456623104,4
362.694,6609666048,4
362.751,6644973568,4
362.811,6679838720,4
362.871,6737575936,4
362.926,6803767296,4
362.984,6841090048,4
363.044,7311032320,4
363.104,8182284288,4
363.159,9026846720,4
363.211,9959424000,4
363.272,10577297408,4
363.332,10637705216,4
363.392,10687021056,4
363.453,10781868032,4
363.513,11049910272,4
363.573,11132141568,4
363.633,11174641664,4
363.694,11233476608,4
363.754,11380572160,4
363.814,11432361984,4
363.875,11442733056,4
363.926,11469832192,4
363.986,11478417408,4
364.042,11486347264,4
364.103,11495129088,4
364.162,11511382016,4
364.220,11518803968,4
364.276,11533205504,4
364.336,11540529152,4
364.392,11546492928,4
364.453,11550539776,4
364.509,11556159488,4
364.569,11564122112,4
364.628,11571740672,4
364.687,11616288768,4
364.742,8753938432,4
364.803,8758738944,3
364.861,8767488000,4
364.921,8850604032,4
364.981,8891957248,4
365.034,8919760896,4
365.092,8947302400,4
365.149,8974319616,4
365.209,8995749888,4
365.267,9019195392,4
365.324,9038970880,4
365.376,9057452032,4
365.436,9075310592,4
365.492,9100607488,4
365.552,9113567232,4
365.609,9133195264,4
365.669,9191342080,4
365.729,9221341184,4
365.790,6199934976,4
365.851,6210338816,3
365.913,6222594048,4
365.967,6308495360,4
366.028,6366740480,4
366.084,3557261312,4
366.145,3590586368,3
366.207,3626729472,4
366.267,3737862144,4
366.327,3800203264,4
366.384,3848880128,4
366.444,3893805056,4
366.500,3931799552,4
366.561,3969810432,4
366.621,4007985152,4
366.681,4048961536,4
366.742,4082630656,4
366.802,4120788992,4
366.862,4154474496,4
366.917,4184211456,4
366.977,4217815040,4
367.034,4252401664,4
367.094,4283006976,4
367.151,4309385216,4
367.211,4335714304,4
367.271,4365467648,4
367.332,4392189952,4
367.392,4422385664,4
367.452,4450205696,4
367.513,4878352384,4
367.573,5316296704,4
367.633,5886951424,4
367.692,6273269760,4
367.752,6340820992,4
367.813,6381355008,4
367.863,6417563648,4
367.924,6571671552,4
367.982,6642008064,4
368.034,6674857984,4
368.094,6707642368,4
368.153,6791528448,4
368.207,6839025664,4
368.262,6862389248,4
368.317,6884917248,4
368.377,6903955456,4
368.438,7075364864,4
368.498,7497285632,4
368.558,8118747136,4
368.617,9007693824,4
368.669,9614802944,4
368.728,10164617216,4
368.789,10459332608,4
368.849,10565353472,4
368.901,10690871296,4
368.961,10758242304,4
369.017,10916610048,4
369.077,11000561664,4
369.138,11078467584,4
369.195,11117395968,4
369.255,11197808640,4
369.316,11229020160,4
369.376,11245158400,4
369.436,11264262144,4
369.497,11313037312,4
369.558,8726085632,3
369.611,8728330240,4
369.671,8809431040,4
369.731,8849768448,4
369.792,8882208768,4
369.842,8901967872,4
369.902,8927264768,4
369.963,8951152640,4
370.017,8970207232,4
370.077,8993275904,4
370.137,9008545792,4
370.196,9022685184,4
370.250,9034661888,4
370.309,9104818176,4
370.369,5939757056,4
370.430,5952094208,3
370.486,5966069760,4
370.542,6056640512,4
370.602,6113574912,4
370.659,6155042816,4
370.719,6191611904,4
370.775,6225756160,4
370.836,6257295360,4
370.896,6287785984,4
370.950,6317293568,4
371.011,6346637312,4
371.071,6373867520,4
371.125,6396788736,4
371.186,6422347776,4
371.246,6446235648,4
371.306,6470057984,4
371.359,6488997888,4
371.419,6510395392,4
371.475,6528974848,4
371.536,6555140096,4
371.592,6577160192,4
371.653,6595362816,4
371.709,6612582400,4
371.769,6633897984,4
371.829,6652280832,4
371.890,6669631488,4
371.944,6684409856,4
372.005,6702891008,4
372.065,6722977792,4
372.117,6736871424,4
372.171,7096795136,4
372.225,7445577728,4
372.286,7975534592,4
372.346,8476180480,4
372.406,8544780288,4
372.467,8573304832,4
372.517,8604188672,4
372.577,8740454400,4
372.634,8814395392,4
372.694,8844115968,4
372.750,8868528128,4
372.811,8951136256,4
372.867,8991096832,4
372.927,9008185344,4
372.988,9026240512,4
373.048,9038987264,4
373.108,9050324992,4
373.159,9063514112,4
373.219,9083928576,4
373.270,9090842624,4
373.330,9098084352,4
373.384,9107292160,4
373.444,9349300224,4
373.501,9732440064,4
373.561,10242605056,4
373.617,10785947648,4
373.677,11071897600,4
373.736,11077353472,4
373.796,11104829440,4
373.856,11156602880,4
373.909,11288641536,4
373.969,11332239360,4
374.029,11359879168,4
374.084,11379277824,4
374.144,11450482688,4
374.204,11492671488,4
374.265,11504959488,4
374.317,11518672896,4
374.377,11525308416,4
374.438,11538235392,4
374.492,11549655040,4
374.552,11551686656,4
374.613,11554832384,4
374.670,11560861696,4
374.725,11562663936,4
374.786,11566612480,4
374.846,8805580800,4
374.907,8808480768,3
374.969,8812429312,4
375.029,8902541312,4
375.084,8938323968,4
375.144,8968847360,4
375.204,8993751040,4
375.265,9022980096,4
375.325,9045950464,4
375.385,9066512384,4
375.446,9085927424,4
375.506,9103556608,4
375.566,9154281472,4
375.619,9194717184,4
375.675,9231073280,4
375.735,6191874048,4
375.793,6208339968,3
375.855,6224265216,4
375.915,6324797440,4
375.967,6368116736,4
376.027,6413172736,4
376.084,6445547520,4
376.144,6479314944,4
376.200,6508806144,4
376.261,6540345344,4
376.317,6570983424,4
376.377,6598328320,4
376.434,6622248960,4
376.494,6645301248,4
376.554,6668369920,4
376.614,6693634048,4
376.667,6712475648,4
376.727,6735790080,4
376.788,6757367808,4
376.848,6776733696,4
376.908,6791806976,4
376.963,6808846336,4
377.020,6825984000,4
377.080,6843662336,4
377.141,6863339520,4
377.201,6885900288,4
377.261,6904643584,4
377.321,6922485760,4
377.382,6956515328,4
377.434,6971113472,4
377.494,6987579392,4
377.550,7367999488,4
377.611,7775076352,4
377.671,8340668416,4
377.731,8724086784,4
377.784,8782200832,4
377.844,8813150208,4
377.904,8855093248,4
377.965,9008726016,4
378.025,9053650944,4
378.085,9079881728,4
378.146,9120284672,4
378.206,9191587840,4
378.259,9228812288,4
378.319,9304850432,4
378.375,6167871488,4
378.428,6175096832,3
378.490,6545457152,4
378.551,7025885184,4
378.611,7602782208,4
378.667,8094236672,4
378.727,8182906880,4
378.784,8215592960,4
378.844,8263106560,4
378.902,8403861504,4
378.963,8494530560,4
379.023,8530788352,4
379.083,8562393088,4
379.143,8649261056,4
379.196,8698314752,4
379.249,8724627456,4
379.300,8744452096,4
379.361,8764047360,4
379.421,8782774272,4
379.475,8808005632,4
379.529,8823357440,4
379.589,8836579328,4
379.642,8849653760,4
379.702,8866463744,4
379.763,8882388992,4
379.817,8894988288,4
379.877,8906588160,4
379.935,8919842816,4
379.992,8936177664,4
380.052,8946302976,4
380.109,8955445248,4
380.169,8965537792,4
380.225,8977498112,4
380.286,8988524544,4
380.342,8999190528,4
380.402,9014657024,4
380.459,9023717376,4
380.514,9035530240,4
380.575,9047867392,4
380.634,9056649216,4
380.692,9067708416,4
380.752,9076391936,4
380.813,9086189568,4
380.867,9094447104,4
380.927,9103622144,4
380.988,9112748032,4
381.048,9453092864,4
381.108,9826254848,4
381.159,10257809408,4
381.219,10783571968,4
381.275,10904207360,4
381.336,10921263104,4
381.396,10947198976,4
381.456,11059691520,4
381.509,11152572416,4
381.569,11180834816,4
381.625,11206295552,4
381.686,11265703936,4
381.742,11321278464,4
381.802,11334287360,4
381.863,11374280704,4
381.917,8483749888,4
381.978,8494366720,3
382.040,8501755904,4
382.100,8585625600,4
382.161,8628404224,4
382.221,8660647936,4
382.275,8688041984,4
382.336,8710963200,4
382.392,8734932992,4
382.452,8757936128,4
382.513,8793341952,4
382.567,8810037248,4
382.627,8824553472,4
382.681,8837185536,4
382.742,8850128896,4
382.802,8864808960,4
382.859,8877572096,4
382.919,8891908096,4
382.977,8903131136,4
383.038,8916107264,4
383.098,8930246656,4
383.150,8945221632,4
383.211,8960294912,4
383.267,8971157504,4
383.327,8980217856,4
383.384,8992456704,4
383.444,9045622784,4
383.504,6184288256,4
383.560,3388309504,3
383.622,3408003072,3
383.677,3542974464,4
383.734,643284992,4
383.795,719159296,3
383.852,777371648,4
383.912,908656640,4
383.972,993214464,4
384.032,1065795584,4
384.093,1130086400,4
384.153,1186955264,4
384.209,1237401600,4
384.269,1289748480,4
384.329,1340866560,4
384.384,1384300544,4
384.444,1430061056,4
384.504,1479524352,4
384.559,1518764032,4
384.619,1559052288,4
384.675,1935048704,4
384.736,2416869376,4
384.792,3022209024,4
384.852,3467051008,4
384.909,3552657408,4
384.969,3605774336,4
385.029,3675226112,4
385.084,3839885312,4
385.144,3906191360,4
385.203,3956637696,4
385.264,4020076544,4
385.317,4102848512,4
385.377,4153933824,4
385.434,4183982080,4
385.494,4213555200,4
385.549,4239425536,4
385.609,4266819584,4
385.669,4305551360,4
385.726,4334632960,4
385.786,4359454720,4
385.846,4383047680,4
385.907,4408147968,4
385.967,4430725120,4
386.027,4454236160,4
386.084,4912021504,4
386.144,5752995840,4
386.204,6720536576,4
386.259,7458799616,4
386.319,7954776064,4
386.378,8411152384,4
386.434,8777170944,4
386.494,9476423680,4
386.554,10137534464,4
386.609,10319740928,4
386.667,10365075456,4
386.727,10481188864,4
386.787,10656743424,4
386.848,10823417856,4
386.908,10864656384,4
386.968,10895589376,4
387.029,10954604544,4
387.089,11018747904,4
387.149,11040473088,4
387.210,11056070656,4
387.267,11063132160,4
387.327,11071045632,4
387.388,11086020608,4
387.442,11099324416,4
387.502,11105943552,4
387.561,11113168896,4
387.621,11118460928,4
387.675,11124015104,4
387.736,11133730816,4
387.796,11141480448,4
387.850,11154571264,4
387.911,11169218560,4
387.967,11176771584,4
388.027,11182080000,4
388.088,11189403648,4
388.148,11193942016,4
388.208,11200446464,4
388.268,11205804032,4
388.325,11215945728,4
388.386,11223007232,4
388.442,11227201536,4
388.502,11232165888,4
388.559,11241029632,4
388.619,11251351552,4
388.679,11260215296,4
388.734,11266080768,4
388.794,11273240576,4
388.854,11278876672,4
388.909,11283316736,4
388.969,11287855104,4
389.029,11289673728,4
389.089,11299749888,4
389.150,11302617088,4
389.210,11305992192,4
389.271,11309547520,4
389.331,11314855936,4
389.384,11317084160,4
389.444,11320705024,4
389.501,11323293696,4
389.561,11324637184,4
389.617,11330551808,4
389.677,11332403200,4
389.738,11334189056,4
389.791,11336499200,4
389.852,11339022336,4
389.905,11341135872,4
389.959,11343544320,4
390.019,11350687744,4
390.079,11355340800,4
390.134,11358601216,4
390.194,11362762752,4
390.254,11372068864,4
390.309,11376099328,4
390.369,11378229248,4
390.429,11383668736,4
390.484,11385274368,4
390.544,11411718144,4
390.604,11467997184,4
390.665,8471150592,4
390.726,8473542656,3
390.788,8478425088,4
390.848,8561672192,4
390.908,8597700608,4
390.969,8627060736,4
391.029,8649785344,4
391.089,8670904320,4
391.142,8687386624,4
391.202,8706179072,4
391.259,8724381696,4
391.319,8745746432,4
391.379,8762261504,4
391.434,8780169216,4
391.494,8794488832,4
391.554,8812036096,4
391.609,8824864768,4
391.669,8838053888,4
391.729,8852307968,4
391.789,8865087488,4
391.850,8878784512,4
391.908,8890105856,4
391.969,8908029952,4
392.025,8919547904,4
392.086,8932818944,4
392.145,8945385472,4
392.205,8962932736,4
392.259,9022930944,4
392.319,6133301248,4
392.376,6142181376,3
392.438,6153715712,4
392.498,6241435648,4
392.558,6285901824,4
392.617,6320783360,4
392.677,6351601664,4
392.738,6380404736,4
392.798,6407143424,4
392.850,6429638656,4
392.911,6453739520,4
392.971,6475677696,4
393.031,6518194176,4
393.084,6951944192,4
393.144,7371587584,4
393.195,7820328960,4
393.250,8129167360,4
393.311,8194670592,4
393.367,8234090496,4
393.427,8305328128,4
393.478,8437596160,4
393.534,8475607040,4
393.594,8509243392,4
393.654,8563425280,4
393.709,8637169664,4
393.769,8657977344,4
393.829,8680357888,4
393.889,8697233408,4
393.942,8713945088,4
394.002,8729460736,4
394.059,8741912576,4
394.117,8752250880,4
394.176,8761262080,4
394.236,8771665920,4
394.296,8782430208,4
394.351,8794963968,4
394.411,8811266048,4
394.471,8823717888,4
394.531,8833449984,4
394.591,8844951552,4
394.652,8855830528,4
394.709,8867872768,4
394.769,8877785088,4
394.829,8886632448,4
394.890,8937488384,4
394.950,6074204160,4
395.009,6084935680,3
395.071,6100844544,4
395.132,6189039616,4
395.184,6230343680,4
395.244,6265765888,4
395.304,6447071232,4
395.359,6876119040,4
395.419,4784816128,4
395.480,5372329984,3
395.542,5656788992,4
395.602,5761286144,4
395.663,5834440704,4
395.717,5939658752,4
395.777,6104842240,4
395.838,6155943936,4
395.892,6202064896,4
395.952,6274629632,4
396.012,6368411648,4
396.067,6412959744,4
396.127,6445645824,4
396.184,6484754432,4
396.244,6517161984,4
396.304,6546014208,4
396.359,6569672704,4
396.419,6599114752,4
396.475,6618431488,4
396.536,6640992256,4
396.595,6663569408,4
396.656,6685835264,4
396.709,6709624832,4
396.769,6732201984,4
396.825,6748815360,4
396.886,6769639424,4
396.946,6790135808,4
397.000,6811271168,4
397.061,6832832512,4
397.121,6849544192,4
397.181,6864961536,4
397.237,6879903744,4
397.297,6898155520,4
397.350,6916325376,4
397.411,6939131904,4
397.471,6957170688,4
397.525,6973227008,4
397.586,7031390208,4
397.645,7511080960,4
397.705,8077819904,4
397.766,9083830272,4
397.825,9774530560,4
397.886,10328244224,4
397.946,7464583168,4
398.007,7550910464,3
398.060,7691698176,4
398.117,7882964992,4
398.177,8038580224,4
398.234,8115339264,4
398.292,8219197440,4
398.350,8323022848,4
398.411,8391032832,4
398.471,8418951168,4
398.531,8448212992,4
398.584,8479981568,4
398.644,8501379072,4
398.700,5976178688,4
398.761,5993938944,3
398.823,6010208256,4
398.883,6107168768,4
398.937,6153388032,4
398.994,6197297152,4
399.050,6232260608,4
399.111,6265077760,4
399.167,6293618688,4
399.227,6325436416,4
399.285,6350962688,4
399.346,6378782720,4
399.406,6403309568,4
399.466,6427148288,4
399.527,6451986432,4
399.585,6474432512,4
399.645,6497517568,4
399.705,6524370944,4
399.766,6543605760,4
399.826,6564528128,4
399.884,6582337536,4
399.944,6601211904,4
400.004,6620282880,4
400.060,6639435776,4
400.120,6664241152,4
400.175,6680117248,4
400.235,6699302912,4
400.295,6716096512,4
400.352,6734757888,4
400.412,6753894400,4
400.467,6767607808,4
400.525,6782386176,4
400.586,6797721600,4
400.646,6812368896,4
400.704,6828965888,4
400.765,6846562304,4
400.825,6864814080,4
400.885,6881656832,4
400.942,7224950784,4
401.002,7595311104,4
401.062,8128823296,4
401.117,8632975360,4
401.177,8814673920,4
401.237,8835710976,4
401.298,9208692736,4
401.358,9663692800,4
401.417,10293641216,4
401.475,10768564224,4
401.536,10848010240,4
401.592,10910498816,4
401.652,8209858560,4
401.713,8361115648,3
401.775,8437399552,4
401.827,8535490560,4
401.884,8597929984,4
401.944,8700575744,4
402.003,8768684032,4
402.062,8800419840,4
402.120,8835858432,4
402.178,8855322624,4
402.237,8874901504,4
402.295,8893595648,4
402.355,8909357056,4
402.415,8926085120,4
402.475,8941912064,4
402.535,8957362176,4
402.596,8974811136,4
402.650,8990572544,4
402.710,9025437696,4
402.771,9042083840,4
402.831,9055764480,4
402.884,9076359168,4
402.944,9086779392,4
403.004,9099067392,4
403.064,9110994944,4
403.125,9120399360,4
403.184,9131540480,4
403.244,9147056128,4
403.300,9156378624,4
403.360,9165111296,4
403.421,9174663168,4
403.475,9183838208,4
403.535,9192685568,4
403.592,9200353280,4
403.652,9210396672,4
403.712,9220915200,4
403.767,9230483456,4
403.827,9237938176,4
403.884,9245392896,4
403.944,9254191104,4
404.004,9262120960,4
404.059,9270378496,4
404.119,9277980672,4
404.175,9285681152,4
404.235,9293578240,4
404.292,9301131264,4
404.352,9308651520,4
404.409,9657712640,4
404.469,10038116352,4
404.525,10538991616,4
404.580,11001331712,4
404.639,11098800128,4
404.696,11113906176,4
404.756,11134255104,4
404.817,11265196032,4
404.877,11331911680,4
404.937,11353636864,4
404.998,11374608384,4
405.058,11449516032,4
405.117,11478728704,4
405.177,11483938816,4
405.237,11504074752,4
405.297,11509088256,4
405.352,11512512512,4
405.412,11517820928,4
405.467,11558404096,4
405.527,11596333056,4
405.588,11621466112,4
405.648,8472969216,4
405.701,8476524544,3
405.763,8484012032,4
405.823,8581365760,4
405.884,8628289536,4
405.944,8663646208,4
406.000,8688500736,4
406.061,8712978432,4
406.121,8735309824,4
406.175,8753840128,4
406.236,8776581120,4
406.292,8792653824,4
406.350,8810545152,4
406.410,8827781120,4
406.467,8840560640,4
406.519,8854552576,4
406.579,8934047744,4
406.639,5901434880,4
406.693,5911543808,3
406.754,5933678592,4
406.815,6023725056,4
406.867,6063325184,4
406.925,6106087424,4
406.985,6138609664,4
407.042,6169804800,4
407.102,6211829760,4
407.158,6236553216,4
407.219,6261669888,4
407.279,6287212544,4
407.339,6352863232,4
407.392,3521757184,4
407.445,3539763200,3
407.507,3562291200,4
407.567,3663675392,4
407.627,3718938624,4
407.686,3769745408,4
407.742,3807657984,4
407.800,3844128768,4
407.860,3880878080,4
407.917,3913547776,4
407.977,3948412928,4
408.034,3980361728,4
408.094,4010246144,4
408.153,4039999488,4
408.211,4067852288,4
408.270,4096589824,4
408.330,4125147136,4
408.390,4518084608,4
408.442,4857462784,4
408.503,5185355776,4
408.557,5694308352,4
408.608,5965037568,4
408.669,6031589376,4
408.725,6070091776,4
408.786,6135889920,4
408.842,6289555456,4
408.902,6339690496,4
408.962,6378733568,4
409.023,6436651008,4
409.083,6520291328,4
409.143,6560792576,4
409.195,6591660032,4
409.255,6615171072,4
409.316,6632931328,4
409.376,6650462208,4
409.436,6668025856,4
409.496,6685900800,4
409.550,6701891584,4
409.610,6720176128,4
409.670,7164985344,4
409.725,7539032064,4
409.784,8044691456,4
409.844,8551972864,4
409.900,8670232576,4
409.960,8691515392,4
410.017,8719613952,4
410.077,8804139008,4
410.137,8930148352,4
410.195,8956051456,4
410.255,8984870912,4
410.309,9030336512,4
410.367,9108111360,4
410.427,9605038080,4
410.487,10056024064,4
410.548,10618634240,4
410.600,11001757696,4
410.656,11066130432,4
410.716,11089674240,4
410.767,11119640576,4
410.827,11226415104,4
410.887,11330797568,4
410.942,11352702976,4
411.002,11373412352,4
411.061,11421679616,4
411.115,11481677824,4
411.175,11508449280,4
411.235,11520262144,4
411.292,11533615104,4
411.352,11543068672,4
411.412,11549212672,4
411.472,11553570816,4
411.533,11559731200,4
411.583,11563630592,4
411.644,11568889856,4
411.700,11575394304,4
411.760,11581734912,4
411.817,11590090752,4
411.877,11596627968,4
411.937,11600396288,4
411.998,11609899008,4
412.058,11615617024,4
412.118,11618451456,4
412.175,11621072896,4
412.235,11624595456,4
412.292,11627577344,4
412.352,11630739456,4
412.409,11633770496,4
412.469,11639209984,4
412.525,8678080512,4
412.586,8681488384,3
412.644,8683749376,4
412.704,8764653568,4
412.758,8799043584,4
412.819,8830107648,4
412.879,8856174592,4
412.939,8881422336,4
412.992,8899837952,4
413.052,8920694784,4
413.112,8941355008,4
413.165,8959311872,4
413.225,8976039936,4
413.283,8992882688,4
413.344,9009397760,4
413.404,9023340544,4
413.464,9040232448,4
413.517,9053028352,4
413.577,9071820800,4
413.637,9088303104,4
413.692,9137487872,4
413.752,9184477184,4
413.809,9219424256,4
413.867,9230778368,4
413.927,9243951104,4
413.987,9253781504,4
414.045,9262727168,4
414.105,9273360384,4
414.166,9283076096,4
414.217,9290874880,4
414.277,9300803584,4
414.333,9310715904,4
414.394,9321250816,4
414.454,9329672192,4
414.508,9347432448,4
414.569,9407971328,4
414.625,6388121600,4
414.682,6395854848,3
414.735,6403866624,4
414.795,6493143040,4
414.856,6537216000,4
414.908,6568755200,4
414.969,6599475200,4
415.025,6625853440,4
415.085,6651691008,4
415.142,6674595840,4
415.202,6699352064,4
415.258,6720307200,4
415.317,6740017152,4
415.377,6760562688,4
415.433,6778437632,4
415.494,6798671872,4
415.554,6933348352,4
415.608,7350763520,4
415.662,7775764480,4
415.717,8312586240,4
415.777,8718434304,4
415.837,8780857344,4
415.892,8810414080,4
415.952,8840347648,4
416.008,8976236544,4
416.069,9056649216,4
416.125,9086730240,4
416.185,9111339008,4
416.237,9177055232,4
416.292,9238872064,4
416.350,9258598400,4
416.410,9275211776,4
416.471,9290448896,4
416.525,9299574784,4
416.585,9316417536,4
416.642,9326739456,4
416.702,9338109952,4
416.758,9348726784,4
416.817,9358426112,4
416.877,9366994944,4
416.937,9375481856,4
416.992,9383215104,4
417.050,9395126272,4
417.110,9403154432,4
417.171,9410412544,4
417.225,9417146368,4
417.285,9423601664,4
417.337,9477603328,4
417.392,6491734016,4
417.448,6497419264,3
417.510,6506266624,4
417.570,6591840256,4
417.630,7040155648,4
417.691,7479738368,4
417.742,7971422208,4
417.802,8517844992,4
417.858,8602042368,4
417.919,8635662336,4
417.975,8670789632,4
418.035,8796962816,4
418.092,8895053824,4
418.152,8927821824,4
418.212,8957460480,4
418.273,9029844992,4
418.325,9093693440,4
418.385,9118728192,4
418.442,9139191808,4
418.502,9150431232,4
418.558,9170255872,4
418.619,9183657984,4
418.675,9194651648,4
418.735,9206005760,4
418.796,9217507328,4
418.850,9232023552,4
418.910,9249669120,4
418.967,6350651392,4
419.026,6359072768,3
419.088,6368526336,4
419.148,6460719104,4
419.208,6505889792,4
419.269,6542262272,4
419.325,6571098112,4
419.385,6600900608,4
419.446,6627131392,4
419.506,6651871232,4
419.566,6675152896,4
419.617,6693945344,4
419.677,6715015168,4
419.737,6736019456,4
419.798,6757892096,4
419.858,6777372672,4
419.918,6796001280,4
419.978,6815596544,4
420.033,6832668672,4
420.094,7202553856,4
420.154,7605026816,4
420.209,8105181184,4
420.267,8586985472,4
420.327,8661270528,4
420.384,8687714304,4
420.444,8724250624,4
420.504,8856731648,4
420.565,8933588992,4
420.625,8963735552,4
420.679,8987525120,4
420.740,9068838912,4
420.800,9112748032,4
420.860,9130803200,4
420.917,9156198400,4
420.977,9174106112,4
421.036,9186295808,4
421.092,9194291200,4
421.152,9202810880,4
421.212,9211428864,4
421.267,9219719168,4
421.327,9228288000,4
421.387,9236594688,4
421.448,9249439744,4
421.500,9264513024,4
421.560,9274327040,4
421.621,9287237632,4
421.675,9735831552,4
421.735,10174545920,4
421.795,10716217344,4
421.855,11010211840,4
421.908,11062083584,4
421.969,11090460672,4
422.025,11125997568,4
422.085,11277500416,4
422.138,11308122112,4
422.199,11331960832,4
422.253,11364843520,4
422.309,11433951232,4
422.369,11470798848,4
422.429,11481841664,4
422.483,11492212736,4
422.544,11495129088,4
422.600,11497865216,4
422.660,11505156096,4
422.717,11513348096,4
422.777,11519148032,4
422.833,11522555904,4
422.894,11530829824,4
422.954,11533549568,4
423.008,11537711104,4
423.069,11545116672,4
423.129,11547754496,4
423.189,11554029568,4
423.242,11556077568,4
423.302,11558469632,4
423.362,11561189376,4
423.417,11562598400,4
423.477,11563532288,4
423.533,11564957696,4
423.594,11565907968,4
423.654,11568070656,4
423.714,11570921472,4
423.775,11598823424,4
423.825,11631591424,4
423.885,8589983744,4
423.942,8590606336,4
424.003,8591278080,3
424.060,8599142400,4
424.121,8682979328,4
424.175,8717172736,4
424.235,8749776896,4
424.296,8773730304,4
424.356,8797503488,4
424.416,8825389056,4
424.477,8847212544,4
424.537,8863416320,4
424.597,8881438720,4
424.657,8896167936,4
424.718,8913616896,4
424.775,8928690176,4
424.835,8943337472,4
424.895,8954675200,4
424.953,8968208384,4
425.011,8986034176,4
425.072,6184271872,4
425.125,6194020352,4
425.179,6208667648,3
425.235,6218743808,4
425.292,6306856960,4
425.352,6354190336,4
425.412,6395936768,4
425.470,6428868608,4
425.530,6457294848,4
425.591,6485786624,4
425.651,6512525312,4
425.711,6541639680,4
425.767,6563758080,4
425.827,6587531264,4
425.883,6608207872,4
425.944,6629998592,4
426.000,6652428288,4
426.060,6674694144,4
426.120,6699876352,4
426.175,6718783488,4
426.235,6738968576,4
426.292,6759006208,4
426.352,6780321792,4
426.412,6796804096,4
426.467,6811893760,4
426.527,6831489024,4
426.583,6846988288,4
426.644,6863519744,4
426.704,7102382080,4
426.756,7464124416,4
426.817,7979270144,4
426.875,8501231616,4
426.935,8716861440,4
426.992,8732803072,4
427.052,8764063744,4
427.108,8847654912,4
427.169,8985477120,4
427.229,9050701824,4
427.283,6160121856,4
427.344,6212796416,3
427.402,6278938624,4
427.462,6380961792,4
427.520,6429310976,4
427.575,6466977792,4
427.635,6508937216,4
427.692,6536626176,4
427.752,6563708928,4
427.812,6930857984,4
427.873,7329873920,4
427.925,7809400832,4
427.985,8334671872,4
428.046,8416542720,4
428.100,8445001728,4
428.160,8485060608,4
428.221,8623374336,4
428.281,8703852544,4
428.333,8734916608,4
428.394,8763441152,4
428.450,8836595712,4
428.510,8890892288,4
428.563,8910798848,4
428.619,8934506496,4
428.670,8948973568,4
428.725,8960016384,4
428.785,8975695872,4
428.846,8988950528,4
428.906,9003237376,4
428.958,9011724288,4
429.019,9023340544,4
429.079,9035005952,4
429.133,9054191616,4
429.192,9064595456,4
429.252,9075064832,4
429.312,9086550016,4
429.373,9099051008,4
429.433,9114009600,4
429.493,9133309952,4
429.553,9141829632,4
429.614,9152413696,4
429.668,9160130560,4
429.729,9170075648,4
429.783,9177923584,4
429.844,9187328000,4
429.904,9195274240,4
429.958,9203875840,4
430.017,9612804096,4
430.077,10014556160,4
430.133,10526474240,4
430.194,10940432384,4
430.250,10991910912,4
430.307,11010490368,4
430.367,11036295168,4
430.425,11161419776,4
430.485,11229085696,4
430.545,11252924416,4
430.603,11269210112,4
430.662,11333140480,4
430.717,11378999296,4
430.777,11389386752,4
430.837,11409850368,4
430.898,11418451968,4
430.958,11423350784,4
431.018,11428446208,4
431.075,11437473792,4
431.135,11452727296,4
431.196,11458412544,4
431.256,11462787072,4
431.316,11468603392,4
431.367,11473633280,4
431.427,11482447872,4
431.487,11493605376,4
431.548,11501649920,4
431.608,11503747072,4
431.668,11505500160,4
431.728,11525931008,4
431.789,8662138880,4
431.850,8664612864,3
431.910,8667578368,4
431.967,8746369024,4
432.027,8784183296,4
432.086,8811560960,4
432.145,8833695744,4
432.203,8853487616,4
432.263,8916484096,4
432.317,6063570944,4
432.378,6081511424,3
432.440,6099730432,4
432.500,6200688640,4
432.560,6255624192,4
432.617,6295519232,4
432.674,6331400192,4
432.734,6364364800,4
432.795,6396755968,4
432.854,6428852224,4
432.908,6453968896,4
432.969,6479675392,4
433.025,6501892096,4
433.085,6530727936,4
433.142,6552666112,4
433.197,6573342720,4
433.250,6594478080,4
433.310,6615957504,4
433.371,6636077056,4
433.425,6653689856,4
433.485,6675464192,4
433.542,6699991040,4
433.602,6722617344,4
433.662,6741098496,4
433.723,6763839488,4
433.783,6782877696,4
433.843,6803423232,4
433.903,6823428096,4
433.958,6840418304,4
434.019,6857523200,4
434.079,6874021888,4
434.133,6889095168,4
434.194,6904512512,4
434.250,6919667712,4
434.310,6936494080,4
434.371,6952173568,4
434.431,6967967744,4
434.483,6982729728,4
434.542,7036649472,4
434.602,7518011392,4
434.656,7950155776,4
434.716,8519221248,4
434.777,8812380160,4
434.837,8861597696,4
434.892,8890400768,4
434.952,8951676928,4
435.008,9522118656,4
435.069,9968058368,4
435.129,10531749888,4
435.183,10902732800,4
435.244,11022434304,4
435.304,11069259776,4
435.358,11103551488,4
435.419,11252449280,4
435.475,11307532288,4
435.535,11330502656,4
435.592,11348951040,4
435.652,11424448512,4
435.708,11459084288,4
435.769,11525079040,4
435.828,8651882496,4
435.889,8659894272,3
435.951,8665333760,4
436.012,8750563328,4
436.072,8794816512,4
436.132,8831631360,4
436.183,8861007872,4
436.244,8884289536,4
436.300,8904818688,4
436.360,8926314496,4
436.420,8943878144,4
436.475,8956510208,4
436.535,8972779520,4
436.592,8988262400,4
436.652,9002074112,4
436.708,9016164352,4
436.769,9031811072,4
436.829,9043542016,4
436.889,9053700096,4
436.942,9062629376,4
437.002,9073426432,4
437.062,6302482432,4
437.123,6318538752,3
437.185,6330236928,4
437.246,6421610496,4
437.306,6467944448,4
437.366,6504267776,4
437.427,6534971392,4
437.483,6562201600,4
437.544,6588989440,4
437.600,6615990272,4
437.660,6642663424,4
437.717,6666354688,4
437.777,6692716544,4
437.837,6720880640,4
437.897,6741213184,4
437.950,6758989824,4
438.010,6777962496,4
438.067,6796247040,4
438.127,6814416896,4
438.183,6831521792,4
438.244,6849855488,4
438.300,6869909504,4
438.360,6943178752,4
438.420,6978355200,4
438.478,7011532800,4
438.538,7127498752,4
438.592,4325113856,4
438.653,4823580672,3
438.715,5401346048,4
438.767,5701140480,4
438.827,5755224064,4
438.887,5818712064,4
438.942,5917605888,4
439.002,6072893440,4
439.062,6121209856,4
439.117,6163611648,4
439.177,6233767936,4
439.233,6315491328,4
439.294,6351421440,4
439.354,6382223360,4
439.414,6406930432,4
439.474,6430081024,4
439.535,6449119232,4
439.587,6467928064,4
439.641,6485688320,4
439.701,6506233856,4
439.758,6650167296,4
439.819,7131152384,4
439.875,7609614336,4
439.935,8146845696,4
439.996,8355348480,4
440.056,8376598528,4
440.116,8409645056,4
440.167,8493858816,4
440.227,8625602560,4
440.286,8654766080,4
440.346,8685600768,4
440.407,8746778624,4
440.467,8810790912,4
440.527,8829812736,4
440.583,8850915328,4
440.643,8872574976,4
440.696,8882487296,4
440.756,8894398464,4
440.816,8908193792,4
440.877,8958132224,4
440.937,6173851648,4
440.995,6182010880,3
441.052,6189826048,4
441.112,6279315456,4
441.170,6322503680,4
441.230,6357893120,4
441.290,6653575168,4
441.342,7008223232,4
441.402,7521697792,4
441.458,8045559808,4
441.519,8235778048,4
441.579,8262336512,4
441.633,8295284736,4
441.693,8406089728,4
441.754,8516747264,4
441.808,8544419840,4
441.868,8627961856,4
441.929,5743067136,4
441.984,5807030272,3
442.043,5830590464,4
442.100,5924290560,4
442.160,5978259456,4
442.217,6015909888,4
442.277,6051971072,4
442.337,6088228864,4
442.395,6115606528,4
442.450,6142230528,4
442.510,6179241984,4
442.570,6206685184,4
442.631,6230032384,4
442.691,6253543424,4
442.750,6280724480,4
442.803,6300696576,4
442.863,6321717248,4
442.917,6342361088,4
442.977,6366527488,4
443.037,6386384896,4
443.097,6405914624,4
443.158,6432161792,4
443.218,6451675136,4
443.275,6477938688,4
443.335,6500073472,4
443.392,6519275520,4
443.450,6539755520,4
443.510,6558760960,4
443.570,6581583872,4
443.628,6596739072,4
443.686,6987251712,4
443.745,7397326848,4
443.800,7897006080,4
443.860,8366325760,4
443.920,8426848256,4
443.975,8451473408,4
444.035,8484257792,4
444.092,8612839424,4
444.152,8690794496,4
444.211,8718680064,4
444.267,8740454400,4
444.327,8815230976,4
444.383,8861728768,4
444.434,8880373760,4
444.495,8895660032,4
444.555,8910258176,4
444.608,8922251264,4
444.668,9370681344,4
444.727,9793437696,4
444.787,10360717312,4
444.842,10712989696,4
444.902,10774970368,4
444.958,10793959424,4
445.018,10825891840,4
445.079,10968875008,4
445.139,11026235392,4
445.196,11057266688,4
445.250,11075584000,4
445.310,11144298496,4
445.370,11188207616,4
445.425,11202707456,4
445.485,11221352448,4
445.545,11226824704,4
445.606,11237572608,4
445.666,11250188288,4
445.726,11312644096,4
445.787,8439332864,4
445.843,8441036800,3
445.904,8445329408,4
445.958,8528084992,4
446.019,8570142720,4
446.075,8642068480,4
446.135,5788663808,4
446.196,3004268544,3
446.253,3022782464,3
446.315,3121496064,4
446.375,3249553408,4
446.435,3326902272,4
446.496,3391684608,4
446.550,3442769920,4
446.610,3496230912,4
446.666,3543777280,4
446.727,3591979008,4
446.787,3645652992,4
446.847,3692822528,4
446.908,3730653184,4
446.967,3765567488,4
447.027,3802529792,4
447.085,3833757696,4
447.141,3866017792,4
447.197,3896066048,4
447.257,3930308608,4
447.318,3961470976,4
447.378,4001005568,4
447.438,4051091456,4
447.492,1210810368,4
447.553,1241595904,3
447.610,1272758272,4
447.669,1379385344,4
447.729,1441431552,4
447.783,1490616320,4
447.843,1538080768,4
447.904,1581645824,4
447.964,1626603520,4
448.019,1665236992,4
448.075,1701920768,4
448.133,1740161024,4
448.193,1776500736,4
448.253,1812316160,4
448.314,1847640064,4
448.374,1882750976,4
448.425,1912045568,4
448.483,1945550848,4
448.542,1977679872,4
448.602,2011004928,4
448.662,2047508480,4
448.722,2295529472,4
448.783,2899247104,4
448.841,4415176704,4
448.900,5835325440,4
448.960,7019249664,4
449.020,7642972160,4
449.075,7698579456,4
449.127,7822016512,4
449.187,8019214336,4
449.241,8317616128,4
449.302,8424833024,4
449.362,8516354048,4
449.416,8615395328,4
449.477,8803975168,4
449.533,8870100992,4
449.592,8900050944,4
449.652,8944091136,4
449.712,8959180800,4
449.766,8971550720,4
449.827,8985886720,4
449.886,9002156032,4
449.944,9014525952,4
450.000,9026715648,4
450.060,9044066304,4
450.120,9057009664,4
450.181,9155149824,4
450.241,9617735680,4
450.300,10089349120,4
450.360,10642882560,4
450.416,10903437312,4
450.477,10911334400,4
450.533,10934697984,4
450.593,11002281984,4
450.650,11133599744,4
450.710,11158765568,4
450.770,11181604864,4
450.825,11215142912,4
450.885,11278385152,4
450.945,11310940160,4
451.006,11320180736,4
451.066,11328847872,4
451.126,11336138752,4
451.183,11343216640,4
451.243,11354587136,4
451.295,11363237888,4
451.356,11374313472,4
451.416,11381899264,4
451.474,11397120000,4
451.534,11411767296,4
451.591,11416862720,4
451.652,11422171136,4
451.712,11430510592,4
451.772,11439603712,4
451.825,11448041472,4
451.881,11450679296,4
451.941,11455053824,4
452.002,11460132864,4
452.062,11462770688,4
452.116,11467276288,4
452.177,11471339520,4
452.229,11473764352,4
452.289,11475369984,4
452.350,11481006080,4
452.410,11485052928,4
452.470,11494686720,4
452.525,11499438080,4
452.585,11506958336,4
452.642,11518017536,4
452.702,11521835008,4
452.762,11526586368,4
452.816,11528880128,4
452.870,11530354688,4
452.925,11531747328,4
452.985,11533385728,4
453.045,11534942208,4
453.100,11537809408,4
453.160,11541102592,4
453.216,11546542080,4
453.277,11591057408,4
453.333,8693235712,4
453.394,8693596160,3
453.456,8694743040,4
453.517,8774778880,4
453.577,8810889216,4
453.631,8837971968,4
453.691,8862744576,4
453.752,8886059008,4
453.808,8907128832,4
453.868,8927330304,4
453.929,8945008640,4
453.983,8960753664,4
454.043,9038675968,4
454.100,6043320320,4
454.159,6056476672,3
454.221,6074236928,4
454.281,6169083904,4
454.341,6221103104,4
454.402,6263930880,4
454.458,6297485312,4
454.518,6329401344,4
454.579,6365429760,4
454.639,6396002304,4
454.692,6422708224,4
454.753,6448168960,4
454.808,6474792960,4
454.868,6497943552,4
454.929,6521372672,4
454.989,6555189248,4
455.042,6577946624,4
455.102,6598803456,4
455.162,6617726976,4
455.222,6638419968,4
455.283,6655950848,4
455.343,6679674880,4
455.400,6699253760,4
455.460,6720929792,4
455.520,6738329600,4
455.581,6754172928,4
455.641,6770835456,4
455.701,6787973120,4
455.761,6804373504,4
455.821,6821298176,4
455.881,6836420608,4
455.942,6852460544,4
456.000,6868926464,4
456.060,6884982784,4
456.120,7284457472,4
456.181,7716634624,4
456.241,8323350528,4
456.301,5745082368,4
456.359,5803573248,3
456.421,5833048064,4
456.481,5948686336,4
456.533,6112083968,4
456.593,6205964288,4
456.654,6258753536,4
456.714,6311608320,4
456.766,6401146880,4
456.827,6455394304,4
456.887,6487244800,4
456.947,6523142144,4
457.000,6543998976,4
457.060,6871252992,4
457.120,7272267776,4
457.179,7806140416,4
457.240,8368652288,4
457.291,8537751552,4
457.352,8560984064,4
457.412,8598110208,4
457.466,8676245504,4
457.527,8815149056,4
457.583,8849981440,4
457.643,8896069632,4
457.704,8949547008,4
457.758,9024339968,4
457.818,9064939520,4
457.875,9078210560,4
457.935,9094283264,4
457.991,9112059904,4
458.052,9125494784,4
458.108,9139470336,4
458.168,9161277440,4
458.229,6340673536,4
458.283,6348275712,4
458.344,6358761472,3
458.401,6369345536,4
458.462,6461374464,4
458.516,6889127936,4
458.577,7299481600,4
458.637,7815069696,4
458.697,8118059008,4
458.758,8158560256,4
458.808,8242200576,4
458.868,5347737600,4
458.927,5466030080,3
458.983,5499617280,3
459.043,5534957568,3
459.100,5618368512,3
459.160,5661720576,3
459.216,5684084736,3
459.277,5705564160,3
459.333,5720195072,3
459.393,5737775104,3
459.450,5754896384,3
459.510,5774147584,3
459.566,5791301632,3
459.627,5810569216,3
459.686,5830672384,3
459.744,5845123072,3
459.803,5859868672,3
459.861,5869780992,3
459.916,5882822656,3
459.977,5895847936,3
460.036,5907398656,3
460.096,5922586624,3
460.157,5935890432,3
460.215,5944573952,3
460.266,5955092480,3
460.327,5975916544,3
460.387,5986156544,3
460.441,5994807296,3
460.501,6004817920,3
460.558,6014287872,3
460.618,6021955584,3
460.675,6031278080,3
460.735,6039601152,3
460.791,6049660928,3
460.852,6058049536,3
460.912,6420267008,3
460.972,6806405120,3
461.032,7354417152,3
461.092,7791706112,3
461.153,7842988032,3
461.208,7915257856,3
461.267,4851728384,3
461.327,4987158528,3
461.384,5041258496,2
461.444,5062918144,2
461.500,5083561984,2
461.558,5172264960,2
461.615,2693562368,2
461.676,2702196736,1
461.736,2713845760,3
461.792,2859810816,3
461.850,2925428736,3
461.910,2984738816,3
461.970,3037020160,3
462.025,3079012352,3
462.085,3118645248,3
462.141,3162341376,3
462.202,3202465792,3
462.258,3235430400,3
462.318,3264774144,3
462.377,3293200384,3
462.433,3318972416,3
462.493,3348103168,3
462.554,3374170112,3
462.608,3398074368,3
462.668,3427401728,3
462.725,3450732544,3
462.785,3475521536,3
462.843,3501457408,3
462.900,3522379776,3
462.960,3544694784,3
463.019,3568959488,3
463.075,3592323072,3
463.135,3613802496,3
463.195,3634315264,3
463.255,3654025216,3
463.310,3671343104,3
463.370,3691659264,3
463.425,3707797504,3
463.485,3725705216,3
463.545,3742236672,3
463.600,3759702016,3
463.660,3776364544,3
463.720,3794960384,3
463.781,3812868096,3
463.841,3827843072,3
463.900,3845095424,3
463.960,3860135936,3
464.016,3877683200,3
464.077,3901390848,3
464.136,3915415552,3
464.194,3930275840,3
464.250,4333617152,3
464.310,4761501696,3
464.370,5314347008,3
464.425,5667815424,3
464.485,5725192192,3
464.541,5753028608,3
464.602,6229655552,3
464.658,6747013120,3
464.718,7314407424,3
464.779,7873003520,3
464.836,5085282304,3
464.897,5173641216,2
464.953,5216239616,4
465.013,5468422144,4
465.073,5641928704,4
465.131,5712838656,4
465.183,5771280384,4
465.243,5859950592,4
465.304,5965496320,4
465.364,6015713280,4
465.424,6068830208,4
465.484,6109167616,4
465.545,6144802816,4
465.600,6173966336,4
465.660,6204522496,4
465.717,6235226112,4
465.777,6274236416,4
465.836,6305202176,4
465.891,6331023360,4
465.952,6358843392,4
466.012,6385762304,4
466.069,6411583488,4
466.129,6444007424,4
466.183,6465224704,4
466.243,6491029504,4
466.300,6513967104,4
466.355,6535397376,4
466.415,6561103872,4
466.476,6580158464,4
466.536,6604881920,4
466.595,6627147776,4
466.650,6645039104,4
466.710,6671220736,4
466.770,6690996224,4
466.831,6707298304,4
466.891,6725419008,4
466.951,6741180416,4
467.011,6797885440,4
467.067,3987898368,4
467.128,4002447360,3
467.190,4018733056,4
467.250,4111302656,4
467.310,4210163712,4
467.366,1218953216,4
467.427,1255981056,3
467.486,1291272192,3
467.541,1674002432,3
467.602,2519089152,3
467.661,3546251264,3
467.719,4409786368,3
467.778,4884201472,3
467.838,4971413504,3
467.891,5037522944,3
467.952,5225480192,3
468.011,5400641536,3
468.066,5482921984,3
468.127,5545115648,3
468.187,5605392384,3
468.241,5706547200,3
468.302,5781585920,3
468.358,5814927360,3
468.418,5838487552,3
468.475,5854494720,3
468.535,5873352704,3
468.595,5889835008,3
468.650,5904171008,3
468.710,5918982144,3
468.766,5931352064,3
468.827,5947342848,3
468.883,5969690624,3
468.943,5982552064,3
469.000,5996003328,3
469.060,6008143872,3
469.116,6019743744,3
469.177,6031540224,3
469.233,6044516352,3
469.293,6055559168,3
469.354,6067290112,3
469.408,6076022784,3
469.468,6086885376,3
469.528,6100172800,3
469.589,6111100928,3
469.641,6121029632,3
469.702,6132006912,3
469.758,6141329408,3
469.818,6182977536,3
469.875,6634389504,3
469.935,7068663808,3
469.995,7593082880,3
470.050,7934345216,3
470.110,7999733760,3
470.170,8022245376,3
470.231,8051818496,3
470.291,8196685824,3
470.350,8243544064,3
470.410,8268300288,3
470.462,8286208000,3
470.523,8362508288,3
470.575,8392065024,3
470.635,8403435520,3
470.695,8423161856,3
470.750,8427126784,3
470.810,8430321664,3
470.869,8465973248,3
470.930,5593120768,3
470.991,5596463104,2
471.050,5601509376,3
471.106,5684822016,3
471.167,5726388224,3
471.227,5763907584,3
471.286,5789204480,3
471.341,5808865280,3
471.402,5834997760,3
471.458,5904007168,3
471.518,3064414208,3
471.575,3079208960,2
471.638,3098116096,4
471.699,3257106432,4
471.750,3323838464,4
471.810,3389620224,4
471.866,3444604928,4
471.925,3496443904,4
471.982,3544154112,4
472.043,3592257536,4
472.100,3635331072,4
472.160,3678732288,4
472.219,3723771904,4
472.280,3758997504,4
472.340,3801464832,4
472.391,3831627776,4
472.451,3868016640,4
472.512,3901177856,4
472.569,3934339072,4
472.629,3965157376,4
472.683,3992076288,4
472.743,4022370304,4
472.797,4056432640,4
472.858,4083712000,4
472.909,4106502144,4
472.969,4132470784,4
473.029,4165779456,4
473.088,4190912512,4
473.148,4215390208,4
473.200,4236738560,4
473.260,4264280064,4
473.320,4290625536,4
473.378,4314497024,4
473.433,4339499008,4
473.493,4363976704,4
473.554,4390666240,4
473.611,4412506112,4
473.671,4435804160,4
473.731,4921950208,4
473.792,5400182784,4
473.852,5986107392,4
473.912,6281658368,4
473.973,6350635008,4
474.033,6391136256,4
474.093,6468861952,4
474.150,6611976192,4
474.210,7013990400,4
474.266,7363575808,4
474.327,7903657984,4
474.387,8444461056,4
474.447,8581414912,4
474.500,8604483584,4
474.560,9074393088,4
474.616,9545367552,4
474.677,10207068160,4
474.733,10692083712,4
474.793,10782982144,4
474.850,10839179264,4
474.910,10921295872,4
474.966,11041013760,4
475.025,11157553152,4
475.085,11184455680,4
475.145,11213144064,4
475.206,11268587520,4
475.266,11342413824,4
475.326,11359879168,4
475.386,11377967104,4
475.441,11391287296,4
475.502,11397808128,4
475.562,11402117120,4
475.616,11404558336,4
475.677,11407097856,4
475.733,11412357120,4
475.793,11418337280,4
475.854,11423858688,4
475.908,11432411136,4
475.968,11440537600,4
476.029,11463278592,4
476.089,11512414208,4
476.148,8539013120,4
476.209,8541208576,3
476.271,8548466688,4
476.325,8627781632,4
476.385,8669773824,4
476.441,8701984768,4
476.502,8728821760,4
476.562,8749973504,4
476.618,8768487424,4
476.679,8789606400,4
476.733,8807841792,4
476.793,8832614400,4
476.853,8852439040,4
476.908,8867299328,4
476.968,8882143232,4
477.028,8897544192,4
477.089,8912355328,4
477.149,8929443840,4
477.208,8943157248,4
477.267,9013837824,4
477.327,6189334528,4
477.384,6202179584,3
477.446,6217711616,4
477.506,6311526400,4
477.558,6360924160,4
477.618,6407487488,4
477.678,6444744704,4
477.733,6472466432,4
477.793,6503645184,4
477.853,6532464640,4
477.914,6557925376,4
477.974,6579798016,4
478.033,6602915840,4
478.093,6640599040,4
478.154,6661849088,4
478.208,6680920064,4
478.268,6705414144,4
478.329,3762536448,4
478.390,3780460544,3
478.452,3801890816,4
478.508,3895246848,4
478.568,3949658112,4
478.629,3995303936,4
478.689,4038983680,4
478.749,4074700800,4
478.809,4110745600,4
478.870,4144857088,4
478.930,4298162176,4
478.983,4724031488,4
479.043,5224562688,4
479.100,5770117120,4
479.160,6088638464,4
479.216,6166200320,4
479.277,3214426112,4
479.337,3286384640,3
479.393,3434741760,4
479.453,3564470272,4
479.513,3636215808,4
479.566,3715366912,4
479.627,3818323968,4
479.683,3876454400,4
479.743,3922608128,4
479.803,3963650048,4
479.858,4005838848,4
479.918,4039262208,4
479.978,4469948416,4
480.033,4836507648,4
480.093,5407784960,4
480.153,5857247232,4
480.211,5926879232,4
480.269,5965479936,4
480.328,6011535360,4
480.383,6160629760,4
480.441,6236962816,4
480.502,6277349376,4
480.562,6324502528,4
480.616,6411567104,4
480.677,6461620224,4
480.737,6488227840,4
480.797,6521733120,4
480.857,6542229504,4
480.918,6564118528,4
480.978,6581813248,4
481.033,6599409664,4
481.093,6616629248,4
481.153,6634455040,4
481.208,6651166720,4
481.268,6728433664,4
481.325,7170686976,4
481.385,7614791680,4
481.445,8135475200,4
481.500,8534376448,4
481.560,8603385856,4
481.616,8627175424,4
481.676,8657354752,4
481.733,8779300864,4
481.793,8873033728,4
481.853,8903917568,4
481.914,8930246656,4
481.974,9015377920,4
482.034,9453633536,4
482.091,9830563840,4
482.151,10362568704,4
482.211,10863869952,4
482.272,10936123392,4
482.332,10958438400,4
482.392,10990075904,4
482.452,11120312320,4
482.508,11201724416,4
482.568,11232854016,4
482.627,11253350400,4
482.688,11323277312,4
482.741,11370889216,4
482.802,11386191872,4
482.862,11408097280,4
482.922,11414945792,4
482.975,11423465472,4
483.035,11440078848,4
483.091,11452547072,4
483.152,11460034560,4
483.212,11461296128,4
483.266,11463917568,4
483.327,11466735616,4
483.383,11470716928,4
483.443,11475025920,4
483.494,11483824128,4
483.550,11485315072,4
483.610,11524096000,4
483.661,11548180480,4
483.719,8568143872,4
483.780,5729763328,3
483.835,5731074048,4
483.892,5811126272,3
483.954,5850644480,4
484.014,5961531392,4
484.075,6023217152,4
484.135,6071173120,4
484.195,6111674368,4
484.249,6148472832,4
484.308,6186549248,4
484.368,6223413248,4
484.428,6258016256,4
484.489,6288572416,4
484.549,6317916160,4
484.606,6342885376,4
484.663,6366150656,4
484.716,6388629504,4
484.776,6481084416,4
484.836,3481468928,4
484.895,3503702016,3
484.951,3524198400,4
485.008,3627122688,4
485.066,3683172352,4
485.126,3735977984,4
485.183,3783852032,4
485.243,3821748224,4
485.303,3863674880,4
485.358,3896672256,4
485.418,3931127808,4
485.478,3964141568,4
485.531,3991191552,4
485.592,4021764096,4
485.652,4051746816,4
485.712,4080140288,4
485.773,4108943360,4
485.824,4133896192,4
485.885,4160421888,4
485.945,4189798400,4
486.005,4219568128,4
486.066,4244914176,4
486.126,4270768128,4
486.183,4296114176,4
486.243,4325785600,4
486.303,4349214720,4
486.358,4369514496,4
486.418,4392779776,4
486.478,4799119360,4
486.533,5178703872,4
486.593,5744115712,4
486.653,6235521024,4
486.714,6300696576,4
486.774,6341050368,4
486.824,6800703488,4
486.885,7352942592,4
486.941,7905624064,4
487.001,8429682688,4
487.058,8548352000,4
487.118,8633319424,4
487.178,8704540672,4
487.233,8798126080,4
487.293,8937537536,4
487.349,8965390336,4
487.410,8996913152,4
487.470,9046392832,4
487.530,9122512896,4
487.590,9159933952,4
487.651,9178759168,4
487.711,9190375424,4
487.766,9285025792,4
487.826,9750364160,4
487.887,10239475712,4
487.947,10793582592,4
487.999,11064033280,4
488.060,11119165440,4
488.116,11146772480,4
488.177,11179720704,4
488.233,11321245696,4
488.293,11379277824,4
488.353,11409784832,4
488.414,11443355648,4
488.474,11519508480,4
488.534,11557519360,4
488.595,11571445760,4
488.655,11585863680,4
488.715,11593170944,4
488.776,11606228992,4
488.836,11613388800,4
488.891,11618582528,4
488.951,11621564416,4
489.012,11624415232,4
489.072,11628265472,4
489.124,11632640000,4
489.185,11640995840,4
489.241,11646287872,4
489.301,11653267456,4
489.358,11661115392,4
489.418,11666767872,4
489.478,11678302208,4
489.539,11682938880,4
489.599,11687919616,4
489.649,11689230336,4
489.710,11697438720,4
489.770,11700682752,4
489.830,11710447616,4
489.891,11714969600,4
489.951,11716739072,4
490.008,11730141184,4
490.068,11731714048,4
490.124,11738316800,4
490.185,11749359616,4
490.245,11750555648,4
490.305,11756175360,4
490.364,11760320512,4
490.425,11761582080,4
490.483,11762040832,4
490.543,11765301248,4
490.596,11768053760,4
490.656,11771330560,4
490.717,11774803968,4
490.777,11779129344,4
490.837,11782373376,4
490.894,11785732096,4
490.952,11786911744,4
491.013,11791433728,4
491.066,11793678336,4
491.126,11797331968,4
491.187,11799855104,4
491.244,11803181056,4
491.304,11804786688,4
491.364,11808538624,4
491.425,11813650432,4
491.485,11817582592,4
491.541,11863834624,4
491.599,11879284736,4
491.649,8930443264,4
491.711,8937603072,3
491.773,8945188864,4
491.833,9043591168,4
491.893,9080815616,4
491.954,9110421504,4
492.008,9132654592,4
492.068,9155346432,4
492.125,9173680128,4
492.185,9191882752,4
492.246,9262301184,4
492.300,6283476992,4
492.361,6345555968,3
492.418,6380371968,4
492.478,3446767616,4
492.539,3496722432,3
492.601,3538698240,4
492.661,3653189632,4
492.716,3715153920,4
492.776,3776954368,4
492.833,3823730688,4
492.893,3866640384,4
492.949,3907633152,4
493.010,3947134976,4
493.070,4011769856,4
493.130,4096425984,4
493.191,977502208,4
493.250,1012482048,3
493.312,1048330240,4
493.372,1166098432,4
493.425,1225441280,4
493.483,1281900544,4
493.543,1334804480,4
493.603,1383481344,4
493.664,1428766720,4
493.716,1469333504,4
493.776,1516601344,4
493.836,1560395776,4
493.891,1596604416,4
493.948,1632305152,4
494.008,1669627904,4
494.068,1707655168,4
494.129,1744519168,4
494.186,1779040256,4
494.241,1811415040,4
494.298,1843707904,4
494.358,1876590592,4
494.418,1912897536,4
494.478,1944158208,4
494.533,1972502528,4
494.593,2004107264,4
494.653,2300542976,4
494.714,2779955200,4
494.766,3325411328,4
494.826,3923836928,4
494.883,4025860096,4
494.943,4410916864,4
495.002,4828004352,4
495.061,5464571904,4
495.113,6000459776,4
495.173,6126010368,4
495.233,6171607040,4
495.291,6258769920,4
495.351,6448463872,4
495.408,6884409344,4
495.468,7256440832,4
495.528,7763951616,4
495.589,8347467776,4
495.648,8625520640,4
495.708,8650604544,4
495.768,8693989376,4
495.824,8762212352,4
495.885,8907030528,4
495.945,9278521344,4
495.999,9616015360,4
496.060,10164502528,4
496.120,10767564800,4
496.180,10945658880,4
496.233,10964434944,4
496.293,11009294336,4
496.349,11085135872,4
496.410,11219484672,4
496.470,11248631808,4
496.525,11275223040,4
496.585,11332599808,4
496.645,11397660672,4
496.699,11421073408,4
496.760,11433885696,4
496.816,11447304192,4
496.876,11455807488,4
496.933,11469684736,4
496.993,11478269952,4
497.049,11481989120,4
497.110,11488280576,4
497.166,11491131392,4
497.226,11501109248,4
497.287,11505795072,4
497.341,11508531200,4
497.401,11517624320,4
497.462,11529977856,4
497.522,11535499264,4
497.582,11545821184,4
497.635,11549786112,4
497.691,11558748160,4
497.751,11566153728,4
497.812,11573051392,4
497.872,11579654144,4
497.924,11586977792,4
497.985,11591401472,4
498.045,11596808192,4
498.105,11604230144,4
498.166,11612684288,4
498.226,11624169472,4
498.286,11627724800,4
498.341,11631869952,4
498.401,11635539968,4
498.462,11643912192,4
498.516,8767291392,4
498.577,8769880064,3
498.639,8775417856,4
498.697,8858845184,4
498.749,8898330624,4
498.810,8930689024,4
498.870,8958607360,4
498.924,8980594688,4
498.985,9003532288,4
499.041,9024110592,4
499.101,9046704128,4
499.158,9065283584,4
499.218,9081782272,4
499.274,9098936320,4
499.335,9115631616,4
499.391,9131900928,4
499.451,9146793984,4
499.510,9170812928,4
499.570,9187508224,4
499.624,9203679232,4
499.685,9218867200,4
499.741,9233121280,4
499.801,9249390592,4
499.862,9258532864,4
499.922,9267904512,4
499.974,9278767104,4
500.035,9287925760,4
500.095,9296936960,4
500.155,9305341952,4
500.216,9384689664,4
500.266,6533660672,4
500.327,3463577600,3
500.383,3471704064,3
500.445,3564240896,4
500.499,3678863360,4
500.560,3753197568,4
500.620,3850846208,4
500.680,847314944,4
500.732,887848960,4
500.793,933888000,3
500.855,977764352,4
500.915,1095892992,4
500.975,1167851520,4
501.033,1226997760,4
501.086,1276002304,4
501.146,1327071232,4
501.207,1376534528,4
501.267,1423867904,4
501.327,1472905216,4
501.383,1511653376,4
501.441,1551335424,4
501.501,1591181312,4
501.562,1634254848,4
501.622,1677066240,4
501.677,2141241344,4
501.738,2645262336,4
501.791,3243474944,4
501.846,3734634496,4
501.906,3813752832,4
501.967,3856252928,4
502.018,3899588608,4
502.074,4039131136,4
502.135,4154458112,4
502.195,4202053632,4
502.254,4243472384,4
502.315,4338892800,4
502.375,4406689792,4
502.433,4439310336,4
502.493,4474339328,4
502.553,4501520384,4
502.614,4532224000,4
502.674,4562305024,4
502.734,4587732992,4
502.794,4613750784,4
502.854,4641767424,4
502.908,4804231168,4
502.968,5265408000,4
503.028,5784977408,4
503.089,6338199552,4
503.149,6515802112,4
503.209,6600294400,4
503.269,7098564608,4
503.330,7642103808,4
503.383,8198438912,4
503.443,8660762624,4
503.499,8744927232,4
503.560,8812675072,4
503.616,8895102976,4
503.676,9185656832,4
503.737,9723428864,4
503.797,10257285120,4
503.849,10746691584,4
503.910,11084709888,4
503.970,11198169088,4
504.024,11247697920,4
504.085,11282300928,4
504.141,11429036032,4
504.201,11492704256,4
504.261,11531616256,4
504.319,11554668544,4
504.379,11631837184,4
504.440,11678826496,4
504.491,11693785088,4
504.551,11712593920,4
504.608,11725684736,4
504.668,11737120768,4
504.728,11747901440,4
504.789,11765874688,4
504.849,11772493824,4
504.899,11778146304,4
504.960,11782553600,4
505.016,11792269312,4
505.076,11802214400,4
505.137,11810029568,4
505.197,11817304064,4
505.249,11820335104,4
505.310,11823120384,4
505.366,11825610752,4
505.426,11830525952,4
505.483,11838341120,4
505.543,11845648384,4
505.599,11851382784,4
505.660,11857395712,4
505.716,11860623360,4
505.776,11868700672,4
505.833,11872600064,4
505.893,11876384768,4
505.953,11878760448,4
506.008,11892228096,4
506.068,11954667520,4
506.124,8767225856,4
506.185,8768880640,4
506.246,8773926912,3
506.308,8775335936,4
506.368,8896348160,4
506.424,5932318720,4
506.485,5959254016,4
506.546,5987598336,3
506.601,6008832000,4
506.661,6110773248,4
506.716,6163628032,4
506.776,6212009984,4
506.837,6251675648,4
506.897,6284820480,4
506.949,6314655744,4
507.010,6389563392,4
507.070,6441582592,4
507.124,3538042880,4
507.185,3564650496,3
507.243,3590782976,4
507.299,3691298816,4
507.360,3753574400,4
507.420,3849207808,4
507.480,865648640,4
507.533,900349952,3
507.595,942014464,4
507.656,1063174144,4
507.716,1141030912,4
507.776,1201750016,4
507.833,1256620032,4
507.893,1308606464,4
507.949,1354792960,4
508.010,1403387904,4
508.068,1449787392,4
508.127,1491320832,4
508.186,1535852544,4
508.246,1576534016,4
508.299,1610809344,4
508.360,1649868800,4
508.416,1685323776,4
508.476,1730461696,4
508.533,1765392384,4
508.584,1796931584,4
508.645,1831223296,4
508.705,1865220096,4
508.758,1896415232,4
508.818,1932394496,4
508.878,1965424640,4
508.933,1996144640,4
508.988,2024423424,4
509.041,2054881280,4
509.099,2085928960,4
509.160,2117419008,4
509.216,2147139584,4
509.276,2435317760,4
509.333,2896314368,4
509.393,3975577600,4
509.453,5078859776,4
509.511,5770461184,4
509.571,6112739328,4
509.631,6198263808,4
509.691,6324404224,4
509.751,6484328448,4
509.811,6666551296,4
509.871,6730203136,4
509.924,6805356544,4
509.985,6965575680,4
510.041,7492517888,4
510.101,7960100864,4
510.161,8482406400,4
510.216,8930770944,4
510.273,9025060864,4
510.324,9048244224,4
510.385,9430646784,4
510.445,9877618688,4
510.499,10479632384,4
510.560,11038539776,4
510.619,11235016704,4
510.679,11285659648,4
510.733,11376705536,4
510.793,8430829568,4
510.854,8568438784,4
510.915,8602910720,3
510.976,8627929088,4
511.033,8751366144,4
511.093,8863449088,4
511.153,8919187456,4
511.208,8946466816,4
511.268,8972746752,4
511.328,9005137920,4
511.388,9028386816,4
511.441,9049587712,4
511.501,9074049024,4
511.558,9097019392,4
511.618,9116106752,4
511.674,9138667520,4
511.735,6219464704,4
511.796,6235684864,3
511.858,6254854144,4
511.918,6347882496,4
511.974,6391513088,4
512.035,6429310976,4
512.091,6462210048,4
512.151,6510772224,4
512.212,3568123904,4
512.273,3601580032,3
512.326,3629662208,4
512.386,3736223744,4
512.446,3795648512,4
512.499,3840966656,4
512.560,3885187072,4
512.620,3928129536,4
512.680,3968368640,4
512.740,4009918464,4
512.791,4040884224,4
512.851,4074192896,4
512.911,4111892480,4
512.966,4145528832,4
513.026,4177788928,4
513.083,4206329856,4
513.143,4238671872,4
513.199,4270735360,4
513.260,4298686464,4
513.316,4323475456,4
513.373,4353277952,4
513.424,4375855104,4
513.475,4398170112,4
513.533,4423090176,4
513.593,4455464960,4
513.653,4479959040,4
513.713,4504502272,4
513.774,4528259072,4
513.834,4694884352,4
513.894,5159354368,4
513.955,5683314688,4
514.015,6255493120,4
514.075,6526402560,4
514.133,6547734528,4
514.193,6587678720,4
514.253,6662504448,4
514.314,6812631040,4
514.374,6851461120,4
514.424,6881296384,4
514.485,6931841024,4
514.541,7016955904,4
514.601,7057899520,4
514.662,7200325632,4
514.716,7606288384,4
514.776,8035385344,4
514.836,8561704960,4
514.891,9401057280,4
514.951,9874620416,4
515.011,10419421184,4
515.072,10830217216,4
515.132,10989436928,4
515.192,11107205120,4
515.249,11150934016,4
515.310,11308105728,4
515.370,11419959296,4
515.430,11506040832,4
515.491,11537727488,4
515.551,11617615872,4
515.607,11660460032,4
515.661,11676827648,4
515.716,11689017344,4
515.776,11698421760,4
515.836,11706007552,4
515.894,11714543616,4
515.949,11723489280,4
516.010,11734171648,4
516.064,11745411072,4
516.123,11756912640,4
516.183,11764105216,4
516.243,11773427712,4
516.299,11778342912,4
516.359,11783077888,4
516.414,11792957440,4
516.475,11800510464,4
516.535,11814666240,4
516.595,11823710208,4
516.656,11831558144,4
516.708,11836227584,4
516.768,11839668224,4
516.824,11841863680,4
516.883,11848663040,4
516.943,11851399168,4
516.999,11854135296,4
517.060,11902484480,4
517.116,8886403072,4
517.175,8944287744,3
517.237,8962342912,4
517.291,5880610816,4
517.351,5919801344,4
517.408,5948047360,3
517.470,5977407488,4
517.531,6082527232,4
517.591,6140248064,4
517.650,6191972352,4
517.710,6238289920,4
517.769,6271631360,4
517.829,6306709504,4
517.889,6339772416,4
517.950,6369689600,4
518.010,6398803968,4
518.069,6424854528,4
518.124,6448496640,4
518.185,6486261760,4
518.240,3626450944,4
518.292,3647619072,3
518.354,3672719360,4
518.414,3781869568,4
518.466,3832692736,4
518.526,3886252032,4
518.586,3930308608,4
518.647,3982934016,4
518.707,4025663488,4
518.767,4062953472,4
518.828,4096606208,4
518.883,4126244864,4
518.943,4157227008,4
519.000,4186423296,4
519.058,4214751232,4
519.118,4243324928,4
519.174,4271063040,4
519.234,4297261056,4
519.295,4324048896,4
519.355,4350492672,4
519.415,4375724032,4
519.474,4405084160,4
519.535,4429201408,4
519.591,4455120896,4
519.649,4532305920,4
519.710,1494663168,4
519.771,1520238592,3
519.826,1542111232,4
519.886,1646231552,4
519.946,1707376640,4
520.007,1758445568,4
520.058,1795932160,4
520.118,2182299648,4
520.176,2630320128,4
520.233,3231793152,4
520.293,4236623872,4
520.353,4751851520,4
520.413,5359304704,4
520.474,5801656320,4
520.534,6001868800,4
520.594,6103433216,4
520.649,6164578304,4
520.709,6335709184,4
520.766,6477611008,4
520.826,6563102720,4
520.886,6606258176,4
520.941,6699335680,4
521.001,6770917376,4
521.061,6801997824,4
521.122,6830882816,4
521.174,6848774144,4
521.234,6874300416,4
521.291,7245709312,4
521.351,7610335232,4
521.408,8067366912,4
521.468,8619868160,4
521.524,8872656896,4
521.583,8935768064,4
521.638,9022832640,4
521.695,6067453952,4
521.756,6217318400,3
521.809,6284804096,4
521.866,6389547008,4
521.924,6447693824,4
521.984,6544654336,4
522.045,6630014976,4
522.099,6665584640,4
522.160,6697238528,4
522.216,6723780608,4
522.276,6750928896,4
522.333,6775324672,4
522.393,6801440768,4
522.452,6830948352,4
522.512,6860914688,4
522.566,6883082240,4
522.626,6905692160,4
522.684,6925516800,4
522.746,7349911552,4
522.806,7614857216,4
522.864,8119189504,4
522.916,8609595392,4
522.976,8896299008,4
523.036,8918368256,4
523.091,8948465664,4
523.151,9009414144,4
523.208,9154674688,4
523.268,9201041408,4
523.324,9239527424,4
523.384,9282306048,4
523.445,9365913600,4
523.505,9407381504,4
523.565,9426239488,4
523.622,9449324544,4
523.681,9465184256,4
523.741,9484632064,4
523.799,9500229632,4
523.859,9515958272,4
523.916,9527541760,4
523.976,9537552384,4
524.033,9546924032,4
524.093,9559310336,4
524.149,9567895552,4
524.210,9577250816,4
524.270,9588064256,4
524.324,9596289024,4
524.384,9607020544,4
524.445,9618505728,4
524.505,9627287552,4
524.565,9635299328,4
524.626,9644998656,4
524.686,9656270848,4
524.746,9714089984,4
524.806,10186866688,4
524.858,10585866240,4
524.918,11149361152,4
524.974,11543379968,4
525.027,11598888960,4
525.088,11618320384,4
525.147,11642421248,4
525.208,11770003456,4
525.268,11849056256,4
525.328,11872321536,4
525.389,11891589120,4
525.441,11953897472,4
525.501,12010962944,4
525.561,12023562240,4
525.622,12037193728,4
525.682,12048924672,4
525.742,12062081024,4
525.803,12077350912,4
525.858,12084674560,4
525.918,12092162048,4
525.974,12101550080,4
526.025,12105940992,4
526.085,12139757568,4
526.141,9119121408,4
526.202,9124429824,3
526.264,9130917888,4
526.324,9216507904,4
526.384,9260826624,4
526.445,9293037568,4
526.499,9313124352,4
526.559,9333522432,4
526.616,9351446528,4
526.676,9369927680,4
526.736,9387573248,4
526.791,9400418304,4
526.851,9417359360,4
526.907,9433497600,4
526.968,9453535232,4
527.024,9470771200,4
527.084,9486319616,4
527.141,9504063488,4
527.201,9514631168,4
527.262,9526181888,4
527.322,9538486272,4
527.382,9550217216,4
527.442,9619030016,4
527.502,6585008128,4
527.558,6596608000,3
527.620,6608748544,4
527.674,6695288832,4
527.734,6743900160,4
527.795,6784106496,4
527.855,6818004992,4
527.915,6846103552,4
527.976,6873579520,4
528.032,6897598464,4
528.093,6921633792,4
528.149,6942556160,4
528.209,6964723712,4
528.268,6987415552,4
528.324,7006420992,4
528.384,7025426432,4
528.445,7045857280,4
528.499,7066402816,4
528.559,7084998656,4
528.616,7104184320,4
528.676,7123566592,4
528.735,7145897984,4
528.791,7163822080,4
528.851,7184252928,4
528.910,7206633472,4
528.969,7221067776,4
529.024,7235174400,4
529.084,7250952192,4
529.136,7264075776,4
529.195,7613464576,4
529.256,7995473920,4
529.316,8516337664,4
529.376,9059450880,4
529.437,9229352960,4
529.491,9247031296,4
529.551,9280126976,4
529.607,9357688832,4
529.668,9494888448,4
529.728,9527394304,4
529.788,9554509824,4
529.849,9608609792,4
529.899,9673097216,4
529.959,9706045440,4
530.016,9720217600,4
530.076,9737306112,4
530.136,9749135360,4
530.195,9760391168,4
530.256,10122936320,4
530.307,10430906368,4
530.368,10968612864,4
530.428,11493474304,4
530.482,11622252544,4
530.543,11636752384,4
530.603,11661279232,4
530.659,11748442112,4
530.720,11860049920,4
530.780,11879710720,4
530.840,11900862464,4
530.901,11961204736,4
530.957,12011765760,4
531.018,12027592704,4
531.078,12038012928,4
531.138,12043255808,4
531.199,12059394048,4
531.257,12065259520,4
531.318,12067995648,4
531.378,12073304064,4
531.432,12076580864,4
531.493,12080414720,4
531.553,12085919744,4
531.613,12090310656,4
531.674,12095029248,4
531.724,12096585728,4
531.784,12101582848,4
531.841,12105121792,4
531.901,12110249984,4
531.961,12114345984,4
532.022,12119670784,4
532.074,12120702976,4
532.134,12121374720,4
532.195,12126273536,4
532.255,12128256000,4
532.315,12130762752,4
532.366,12134744064,4
532.426,12138987520,4
532.486,12143935488,4
532.541,12148506624,4
532.601,12153290752,4
532.657,12155813888,4
532.718,12158566400,4
532.774,12168134656,4
532.834,12175720448,4
532.891,12178669568,4
532.951,12180930560,4
533.007,12182568960,4
533.068,12186763264,4
533.124,12190449664,4
533.184,12199624704,4
533.241,12203114496,4
533.301,12205080576,4
533.357,12206358528,4
533.418,12206850048,4
533.474,12207259648,4
533.534,12209848320,4
533.595,12258623488,4
533.649,9370304512,4
533.703,9415753728,3
533.759,9442787328,4
533.816,9522495488,4
533.876,9578823680,4
533.932,9613672448,4
533.993,6391529472,4
534.054,6412615680,3
534.116,6431866880,4
534.176,6532300800,4
534.236,6586220544,4
534.291,6625280000,4
534.351,6661537792,4
534.411,6694305792,4
534.466,6723387392,4
534.526,6755237888,4
534.585,6781894656,4
534.644,6807633920,4
534.699,6830882816,4
534.759,6856507392,4
534.820,6881640448,4
534.874,6906904576,4
534.934,6929694720,4
534.991,6948585472,4
535.051,6968426496,4
535.111,6992904192,4
535.171,7011549184,4
535.232,7034912768,4
535.292,7052197888,4
535.349,7072546816,4
535.409,7091240960,4
535.470,7107313664,4
535.530,7125794816,4
535.590,7141376000,4
535.649,7157088256,4
535.710,7173685248,4
535.770,7188938752,4
535.830,7204864000,4
535.890,7263371264,4
535.951,7297941504,4
536.011,7327006720,4
536.071,4008443904,4
536.125,4021141504,3
536.187,4037296128,4
536.247,4129554432,4
536.307,4178165760,4
536.364,4216733696,4
536.416,4603199488,4
536.476,5031772160,4
536.527,5528518656,4
536.588,6081380352,4
536.641,6168133632,4
536.701,6206029824,4
536.761,6249447424,4
536.822,6399590400,4
536.882,6483099648,4
536.932,6517899264,4
536.993,7030259712,4
537.053,7568211968,4
537.108,8089829376,4
537.166,8559722496,4
537.226,8644034560,4
537.282,8678375424,4
537.343,8711651328,4
537.403,8849129472,4
537.457,8995045376,4
537.518,6163021824,4
537.575,6188875776,3
537.637,6251200512,4
537.695,6395887616,4
537.749,6451068928,4
537.810,6494945280,4
537.862,6526894080,4
537.922,6562512896,4
537.983,6592774144,4
538.043,6622167040,4
538.103,6648086528,4
538.157,6669369344,4
538.218,6691782656,4
538.278,6721355776,4
538.332,6745112576,4
538.393,6761644032,4
538.446,6778880000,4
538.507,6801424384,4
538.566,6818955264,4
538.626,6840877056,4
538.682,6858915840,4
538.743,6878724096,4
538.799,6897631232,4
538.857,6919553024,4
538.918,6940180480,4
538.977,6966575104,4
539.032,6983647232,4
539.093,7002243072,4
539.153,7020249088,4
539.207,7035355136,4
539.268,7131840512,4
539.324,7631110144,4
539.384,5075173376,4
539.444,5639847936,3
539.502,6066733056,4
539.557,6201229312,4
539.618,6265733120,4
539.674,6321192960,4
539.734,6477299712,4
539.789,6577291264,4
539.841,6619152384,4
539.901,6662897664,4
539.961,6741803008,4
540.022,6824148992,4
540.082,6857654272,4
540.141,6884966400,4
540.199,6912360448,4
540.259,6946766848,4
540.316,6968737792,4
540.376,6986924032,4
540.432,7004127232,4
540.493,7022100480,4
540.549,7039664128,4
540.609,7058046976,4
540.666,7451279360,4
540.726,7868153856,4
540.782,8392622080,4
540.843,8950185984,4
540.903,9118416896,4
540.963,9140928512,4
541.023,9174777856,4
541.074,9251782656,4
541.132,9384280064,4
541.193,9417883648,4
541.253,9452634112,4
541.313,9497411584,4
541.366,9568731136,4
541.426,9606709248,4
541.486,9624092672,4
541.547,9640132608,4
541.607,9657237504,4
541.667,9671622656,4
541.724,9683386368,4
541.784,9696444416,4
541.841,9763667968,4
541.901,6654033920,4
541.957,6662225920,4
542.019,6672744448,3
542.080,6685671424,4
542.132,6766739456,4
542.193,6817071104,4
542.252,6853410816,4
542.310,6885212160,4
542.371,6912344064,4
542.424,7328235520,4
542.484,7753383936,4
542.545,8309407744,4
542.599,8812838912,4
542.659,5834391552,4
542.716,2799747072,4
542.777,2834284544,2
542.835,2931179520,4
542.886,3192455168,4
542.947,3298033664,4
542.999,3374399488,4
543.059,3471048704,4
543.116,3586015232,4
543.176,3660480512,4
543.232,3713073152,4
543.293,3761700864,4
543.353,3802103808,4
543.407,3838869504,4
543.468,3880189952,4
543.528,3917889536,4
543.588,3954393088,4
543.641,3985850368,4
543.701,4022108160,4
543.761,4056809472,4
543.816,4087316480,4
543.876,4119347200,4
543.936,4148903936,4
543.991,4189470720,4
544.051,4223778816,4
544.110,4251959296,4
544.168,4281778176,4
544.224,4306305024,4
544.284,4333453312,4
544.344,4366385152,4
544.402,4391632896,4
544.462,4415864832,4
544.522,4440653824,4
544.582,4464967680,4
544.643,4488134656,4
544.699,4782276608,4
544.756,2157838336,4
544.815,2738683904,3
544.876,3341205504,4
544.936,3517317120,4
544.991,3579297792,4
545.051,3643539456,4
545.111,3808165888,4
545.166,3908796416,4
545.226,3961864192,4
545.282,4009590784,4
545.343,4115054592,4
545.399,4178280448,4
545.459,4213178368,4
545.519,4260806656,4
545.577,4294885376,4
545.635,4564713472,4
545.691,5420548096,4
545.751,3456204800,4
545.812,4715429888,3
545.874,5371510784,4
545.935,5483249664,4
545.994,5579161600,4
546.049,5709742080,4
546.109,6028230656,4
546.170,6111150080,4
546.230,6179323904,4
546.282,6264143872,4
546.343,6436208640,4
546.399,6504251392,4
546.459,6539935744,4
546.516,6573916160,4
546.576,6604357632,4
546.632,6630703104,4
546.693,6655819776,4
546.753,6682624000,4
546.813,6707494912,4
546.873,6728466432,4
546.934,6760284160,4
546.994,3824746496,4
547.055,3842031616,3
547.117,3860430848,4
547.171,3953901568,4
547.231,4011606016,4
547.282,4051271680,4
547.337,4092772352,4
547.398,4132552704,4
547.458,4207198208,4
547.518,4717330432,4
547.579,5226594304,4
547.632,5760352256,4
547.693,6099091456,4
547.753,6131597312,4
547.813,6177767424,4
547.873,6269288448,4
547.931,6432636928,4
547.982,3458072576,4
548.043,3496525824,3
548.105,3556704256,4
548.164,3713859584,4
548.216,3783376896,4
548.276,3837657088,4
548.336,3882336256,4
548.396,3925164032,4
548.449,3961683968,4
548.509,4000972800,4
548.566,4033806336,4
548.626,4073259008,4
548.686,4109860864,4
548.746,4559994880,4
548.806,4995268608,4
548.866,5558730752,4
548.926,6040944640,4
548.982,6113787904,4
549.043,6152486912,4
549.099,6196592640,4
549.159,6348029952,4
549.219,6438322176,4
549.279,6476365824,4
549.339,6513557504,4
549.391,6590234624,4
549.451,6664257536,4
549.510,6693879808,4
549.569,6716719104,4
549.624,6736625664,4
549.684,6755581952,4
549.741,6772523008,4
549.801,6790381568,4
549.857,6805602304,4
549.916,6822051840,4
549.976,7045513216,4
550.036,7439482880,4
550.097,7922941952,4
550.149,8391426048,4
550.209,8729346048,4
550.270,8788754432,4
550.324,8814297088,4
550.384,8850685952,4
550.441,8985640960,4
550.501,9060909056,4
550.557,9091743744,4
550.618,9117384704,4
550.677,9196994560,4
550.738,9251192832,4
550.798,9272524800,4
550.849,9300017152,4
550.909,9313124352,4
550.966,9324691456,4
551.026,9334931456,4
551.086,9603153920,4
551.147,9993535488,4
551.207,10522787840,4
551.267,11093524480,4
551.324,11322228736,4
551.384,11374018560,4
551.445,11403476992,4
551.505,11449270272,4
551.557,11583275008,4
551.618,11634409472,4
551.674,11657297920,4
551.734,11679825920,4
551.791,11750031360,4
551.851,11799150592,4
551.911,11812995072,4
551.966,11825479680,4
552.026,11831853056,4
552.086,11837997056,4
552.141,11851087872,4
552.201,11861491712,4
552.261,11867652096,4
552.316,11874189312,4
552.376,11880513536,4
552.432,11905007616,4
552.493,11912396800,4
552.549,11917066240,4
552.609,11923210240,4
552.669,11929059328,4
552.729,11934875648,4
552.782,11949768704,4
552.843,8976023552,4
552.900,8978759680,3
552.960,8980201472,3
553.021,8981676032,3
553.074,9010741248,3
553.134,5932023808,3
553.195,5942755328,2
553.255,5944016896,2
553.314,5944147968,2
553.369,5944180736,2
553.425,5944279040,2
553.482,5944360960,2
553.535,5944705024,2
553.591,5998313472,2
553.642,2995077120,2
553.702,2995257344,2
553.761,2995273728,1
553.823,2995945472,2
553.874,3067969536,2
553.932,3104489472,2
553.992,3132145664,2
554.052,3155640320,2
554.110,3175383040,2
554.164,3192373248,2
554.216,3207593984,2
554.273,3274293248,2
554.324,239845376,2
554.384,253263872,1
554.441,266797056,2
554.499,359858176,2
554.559,411320320,2
554.616,450265088,2
554.676,485031936,2
554.735,517128192,2
554.791,545226752,2
554.849,574062592,2
554.907,600064000,2
554.964,627097600,2
555.024,650756096,2
555.084,673087488,2
555.144,699744256,2
555.205,722403328,2
555.255,739688448,2
555.316,759955456,2
555.373,783302656,2
555.434,802455552,2
555.494,821329920,2
555.554,840286208,2
555.609,856571904,2
555.669,879673344,2
555.722,895565824,2
555.774,911343616,2
555.832,927154176,2
555.882,940867584,2
555.942,956874752,2
556.003,972931072,2
556.060,987267072,2
556.117,1002176512,2
556.177,1017446400,2
556.232,1031323648,2
556.292,1046052864,2
556.349,1059913728,2
556.409,1075511296,2
556.469,1088815104,2
556.524,1101430784,2
556.584,1115734016,2
556.645,1129168896,2
556.699,1141669888,2
556.752,1435582464,2
556.808,1835581440,2
556.868,2435956736,2
556.927,3012820992,2
556.985,3159588864,2
557.041,3174449152,2
557.101,3205955584,2
557.161,3407134720,2
557.221,3990110208,2
557.282,4511449088,2
557.341,5061738496,2
557.401,5389860864,2
557.461,5455298560,2
557.515,5495324672,2
557.572,5532303360,2
557.633,5682905088,2
557.690,5724995584,2
557.750,5749637120,2
557.807,5781291008,2
557.864,5853609984,2
557.924,5891653632,2
557.982,5906251776,2
558.040,5917589504,2
558.101,5925847040,2
558.157,5931565056,2
558.214,5938413568,2
558.274,5942345728,2
558.332,5949210624,2
558.387,5953257472,2
558.447,5956222976,2
558.499,5961875456,2
558.557,5966217216,2
558.614,5970460672,2
558.674,5974392832,2
558.734,5980602368,2
558.791,5992742912,2
558.848,5993824256,2
558.907,5995855872,2
558.966,5997592576,2
559.025,6000230400,2
559.085,6004490240,2
559.146,6007324672,2
559.198,6008668160,2
559.257,6011633664,2
559.309,6016286720,2
559.366,6026756096,2
559.423,6029082624,2
559.475,6031704064,2
559.531,6033915904,2
559.589,6037209088,2
559.649,6038585344,2
559.709,6042386432,2
559.769,6046203904,2
559.827,6048317440,2
559.880,6049218560,2
559.941,6049923072,2
559.999,6051725312,2
560.059,6056378368,2
560.118,6058524672,2
560.174,6087196672,2
560.234,6140739584,2
560.294,2962456576,2
560.350,2963374080,1
560.409,2966437888,2
560.465,3045359616,2
560.525,3083534336,2
560.585,3112992768,2
560.639,3135668224,2
560.697,3157671936,2
560.757,3177758720,2
560.814,3197140992,2
560.874,3216343040,2
560.935,3232202752,2
560.993,3246112768,2
561.049,3261087744,2
561.103,3272884224,2
561.159,3285729280,2
561.219,3298459648,2
561.280,3313352704,2
561.339,3325116416,2
561.399,3335487488,2
561.455,3348627456,2
561.507,3363291136,2
561.566,3374776320,2
561.624,3388522496,2
561.682,3409739776,2
561.733,3421634560,2
561.789,3433938944,2
561.841,3441917952,2
561.898,3450093568,2
561.949,3457138688,2
562.007,3465543680,2
562.064,3473817600,2
562.117,3481419776,2
562.173,3489038336,2
562.232,3496673280,2
562.284,3503243264,2
562.344,3511844864,2
562.402,3518758912,2
562.457,3525558272,2
562.514,3532718080,2
562.574,3539533824,2
562.632,3546972160,2
562.683,3550232576,2
562.743,3556556800,2
562.803,3564191744,2
562.864,3611066368,2
562.915,3643310080,2
562.974,559431680,2
563.035,566378496,1
563.093,573751296,3
563.146,719454208,3
563.205,789413888,3
563.266,848150528,3
563.326,901005312,3
563.385,946307072,3
563.440,1432354816,3
563.501,1964228608,3
563.557,2609594368,3
563.618,3039592448,3
563.677,3116384256,3
563.735,3163750400,3
563.795,3224944640,3
563.855,3405889536,3
563.916,3463168000,3
563.976,3508649984,3
564.035,3565797376,3
564.093,3658088448,3
564.149,3701211136,3
564.209,3726360576,3
564.268,3768680448,3
564.324,3797270528,3
564.382,3825598464,3
564.442,3857039360,3
564.499,3875667968,3
564.559,3895803904,3
564.619,3917922304,3
564.680,3937222656,3
564.732,3952672768,3
564.792,3970121728,3
564.849,3988733952,3
564.909,4004741120,3
564.965,4022059008,3
565.026,4039475200,3
565.084,4054925312,3
565.140,4071325696,3
565.201,4088512512,3
565.257,4105797632,3
565.317,4125179904,3
565.374,4141268992,3
565.434,4158521344,3
565.491,4177510400,3
565.551,4191911936,3
565.607,4207247360,3
565.667,4222566400,3
565.724,4238213120,3
565.784,4254466048,3
565.841,4269064192,3
565.901,4286693376,3
565.957,4603133952,3
566.017,5485363200,3
566.078,6518521856,3
566.138,7750860800,3
566.191,4985356288,3
566.251,5085167616,3
566.306,5124489216,2
566.368,5204885504,4
566.421,5615550464,4
566.481,5766037504,4
566.532,5848891392,4
566.592,5930893312,4
566.653,6131875840,4
566.713,6238109696,4
566.773,6292881408,4
566.824,6349586432,4
566.884,6389792768,4
566.940,6427426816,4
567.001,6461669376,4
567.057,6487965696,4
567.117,6517686272,4
567.178,6544588800,4
567.238,6571704320,4
567.298,6598180864,4
567.359,6622511104,4
567.419,6650494976,4
567.474,6670663680,4
567.534,6697484288,4
567.594,6718390272,4
567.652,6740869120,4
567.710,6769000448,4
567.768,6849331200,4
567.829,3814604800,4
567.889,3833151488,3
567.951,3854614528,4
568.012,3954294784,4
568.072,4009885696,4
568.132,4056956928,4
568.192,4096606208,4
568.253,4132896768,4
568.307,4168204288,4
568.364,4199989248,4
568.424,4232249344,4
568.484,4263985152,4
568.544,4297326592,4
568.605,4328865792,4
568.665,4363845632,4
568.725,4393844736,4
568.782,4420091904,4
568.840,4448616448,4
568.901,4476043264,4
568.957,4500357120,4
569.017,4529815552,4
569.078,4555800576,4
569.138,4580704256,4
569.193,4602052608,4
569.254,4629168128,4
569.307,4650123264,4
569.367,5338382336,4
569.424,6063996928,4
569.484,7189069824,4
569.540,8256536576,4
569.601,8738144256,4
569.657,8755478528,4
569.717,8812118016,4
569.774,8908193792,4
569.834,9204514816,4
569.890,9261236224,4
569.951,9310011392,4
570.007,9355411456,4
570.068,9512337408,4
570.123,9584918528,4
570.183,9611853824,4
570.243,9638871040,4
570.303,9656795136,4
570.357,9674227712,4
570.417,9690824704,4
570.474,9715318784,4
570.534,9733685248,4
570.594,9748496384,4
570.649,9762947072,4
570.709,9776840704,4
570.769,9791389696,4
570.824,10025844736,4
570.884,10428760064,4
570.940,10908745728,4
571.001,11454906368,4
571.057,11723423744,4
571.117,11779129344,4
571.178,11809980416,4
571.238,11850629120,4
571.290,11983355904,4
571.351,12047122432,4
571.411,12079235072,4
571.471,12105515008,4
571.532,12180832256,4
571.592,12227133440,4
571.652,12240306176,4
571.707,12254625792,4
571.767,12259803136,4
571.824,12264947712,4
571.884,12268388352,4
571.944,12324274176,4
571.999,9163276288,4
572.060,9166143488,3
572.117,9223274496,4
572.178,6144016384,4
572.239,6183387136,3
572.301,6215892992,4
572.357,6320226304,4
572.417,6379765760,4
572.478,6434684928,4
572.532,6484836352,4
572.592,6525452288,4
572.647,6561988608,4
572.708,6605537280,4
572.768,6639517696,4
572.824,6667665408,4
572.884,6694731776,4
572.940,6719832064,4
573.001,6747193344,4
573.057,6772195328,4
573.117,6798229504,4
573.178,6825508864,4
573.232,6843678720,4
573.292,6869925888,4
573.353,6888554496,4
573.407,6913835008,4
573.467,6933757952,4
573.524,6951223296,4
573.584,6973440000,4
573.641,6991233024,4
573.694,7008714752,4
573.754,7026900992,4
573.814,7044923392,4
573.874,7119978496,4
573.934,4049616896,4
573.991,4072292352,3
574.053,4138729472,4
574.114,1049460736,4
574.169,1098072064,3
574.231,1143783424,4
574.291,1262354432,4
574.351,1334263808,4
574.410,1394573312,4
574.470,1450098688,4
574.531,1500823552,4
574.591,1549336576,4
574.651,1596342272,4
574.704,1634205696,4
574.757,1672511488,4
574.815,1712504832,4
574.876,1752039424,4
574.936,1790214144,4
574.990,1824096256,4
575.051,2253357056,4
575.107,2706587648,4
575.167,3361554432,4
575.228,4204101632,4
575.282,4592664576,4
575.342,5168611328,4
575.403,5798100992,4
575.463,6178390016,4
575.515,6258589696,4
575.576,6322126848,4
575.636,6395641856,4
575.690,6606225408,4
575.749,6715736064,4
575.809,6765690880,4
575.865,6807814144,4
575.926,6900957184,4
575.982,6953435136,4
576.042,6990462976,4
576.099,7016415232,4
576.159,7036026880,4
576.215,7053459456,4
576.276,7071711232,4
576.336,7090077696,4
576.396,7107723264,4
576.457,7129563136,4
576.515,7148388352,4
576.576,7166001152,4
576.636,7185596416,4
576.690,7207632896,4
576.751,7225606144,4
576.810,7246888960,4
576.870,7266369536,4
576.924,7518732288,4
576.984,7898677248,4
577.040,8370307072,4
577.101,9395503104,4
577.160,10157654016,4
577.221,10723360768,4
577.281,11188371456,4
577.341,11272749056,4
577.399,11423498240,4
577.459,8468381696,4
577.520,8588034048,3
577.575,8698986496,4
577.636,8835153920,4
577.696,8950628352,4
577.749,9035235328,4
577.809,9193832448,4
577.869,6089949184,4
577.931,6121881600,3
577.992,6147506176,4
578.049,6243680256,4
578.109,6301532160,4
578.168,6345605120,4
578.224,6384435200,4
578.284,6423117824,4
578.340,6458490880,4
578.401,6491193344,4
578.457,6524387328,4
578.517,6553059328,4
578.578,6583255040,4
578.632,6608338944,4
578.692,6639058944,4
578.753,6669467648,4
578.813,6695059456,4
578.873,6721716224,4
578.932,6744899584,4
578.992,6768295936,4
579.049,6788317184,4
579.109,6810353664,4
579.169,6835568640,4
579.230,6856916992,4
579.282,6879576064,4
579.343,6903660544,4
579.399,6920732672,4
579.459,6939672576,4
579.515,6957268992,4
579.576,6972899328,4
579.636,6991314944,4
579.696,7011500032,4
579.749,7028178944,4
579.809,7046742016,4
579.869,7065157632,4
579.924,7081984000,4
579.984,7097237504,4
580.040,7112114176,4
580.101,7128678400,4
580.160,7145865216,4
580.218,7161954304,4
580.277,7176126464,4
580.335,7191543808,4
580.393,7206977536,4
580.449,7224688640,4
580.509,7376535552,4
580.569,7829094400,4
580.624,8269955072,4
580.684,8858435584,4
580.744,9188065280,4
580.805,9245589504,4
580.865,9273982976,4
580.925,9313501184,4
580.985,9528852480,4
581.046,10024665088,4
581.099,10459758592,4
581.159,11029708800,4
581.219,11616075776,4
581.280,11723767808,4
581.340,11751407616,4
581.390,11781734400,4
581.451,11868438528,4
581.511,11986812928,4
581.571,12011012096,4
581.632,12032475136,4
581.692,12086345728,4
581.749,12149866496,4
581.809,12180865024,4
581.869,12192186368,4
581.930,12200509440,4
581.990,12211814400,4
582.040,12225544192,4
582.101,12233064448,4
582.157,12238864384,4
582.217,12242321408,4
582.277,12249268224,4
582.335,12265521152,4
582.395,12332089344,4
582.456,9175990272,4
582.508,9199599616,3
582.570,9267101696,4
582.630,6213386240,4
582.692,6252380160,3
582.753,6285295616,4
582.814,6391611392,4
582.874,6451232768,4
582.934,6499450880,4
582.990,6540427264,4
583.051,6576062464,4
583.111,6610796544,4
583.171,6643630080,4
583.224,6662422528,4
583.276,6684835840,4
583.332,6712934400,4
583.392,6742704128,4
583.449,6767738880,4
583.509,6797541376,4
583.565,6819741696,4
583.626,6844301312,4
583.682,6869286912,4
583.742,6899859456,4
583.803,6925238272,4
583.863,6948110336,4
583.923,6979125248,4
583.983,7008567296,4
584.040,7026638848,4
584.101,7050067968,4
584.157,7068041216,4
584.208,7085080576,4
584.268,7106052096,4
584.329,7129563136,4
584.389,7150403584,4
584.440,7169409024,4
584.499,7186710528,4
584.559,7204405248,4
584.615,7219462144,4
584.676,7246675968,4
584.736,4064182272,4
584.790,4082008064,4
584.850,4107829248,3
584.912,4124917760,4
584.972,4220518400,4
585.024,4265164800,4
585.084,4308205568,4
585.143,4344922112,4
585.202,4378525696,4
585.260,4409982976,4
585.320,4439523328,4
585.380,4469194752,4
585.441,4496113664,4
585.499,4522688512,4
585.559,4548542464,4
585.615,4943511552,4
585.666,5635637248,4
585.727,6682034176,4
585.784,7856963584,4
585.840,8483176448,4
585.901,8634580992,4
585.957,8708358144,4
586.017,5615910912,4
586.077,5889032192,3
586.139,6037422080,4
586.200,6167707648,4
586.260,6249218048,4
586.316,6414368768,4
586.374,6534594560,4
586.434,6583975936,4
586.495,6634192896,4
586.549,6670401536,4
586.609,6707937280,4
586.665,6736560128,4
586.726,6769770496,4
586.786,6804668416,4
586.842,6844121088,4
586.903,3863232512,4
586.964,3885776896,3
587.025,3908567040,4
587.085,4007444480,4
587.143,4062101504,4
587.202,4108091392,4
587.262,4151836672,4
587.315,4193550336,4
587.374,4230463488,4
587.434,4271538176,4
587.494,4314595328,4
587.548,4341366784,4
587.608,4371562496,4
587.668,4400152576,4
587.724,4427644928,4
587.784,4455890944,4
587.844,4821614592,4
587.904,5226692608,4
587.957,5702926336,4
588.017,6289883136,4
588.074,6514688000,4
588.134,6601539584,4
588.194,3463643136,4
588.254,3539533824,3
588.309,3685302272,4
588.369,3812048896,4
588.429,3885531136,4
588.489,3970842624,4
588.550,4074160128,4
588.607,4133191680,4
588.667,4176101376,4
588.727,4212637696,4
588.785,4249616384,4
588.845,4285841408,4
588.905,4323278848,4
588.966,4356440064,4
589.026,4384702464,4
589.086,4811751424,4
589.140,2091909120,4
589.196,2638315520,3
589.250,3225780224,4
589.307,3514908672,4
589.367,3575758848,4
589.424,3641737216,4
589.484,3762388992,4
589.540,3922755584,4
589.599,3976331264,4
589.655,4026204160,4
589.707,4090822656,4
589.767,4188487680,4
589.828,4245340160,4
589.882,4298539008,4
589.934,4759322624,4
589.995,5236768768,4
590.049,5761597440,4
590.105,6260965376,4
590.165,6347210752,4
590.226,6384402432,4
590.282,6423789568,4
590.342,6554779648,4
590.403,6662258688,4
590.457,6700269568,4
590.517,6739918848,4
590.578,6818119680,4
590.638,6892437504,4
590.698,6921273344,4
590.749,6943883264,4
590.809,6965952512,4
590.869,6995050496,4
590.924,7013416960,4
590.984,7033716736,4
591.044,7055589376,4
591.100,7070154752,4
591.161,7085670400,4
591.217,7098826752,4
591.277,7298678784,4
591.335,7711080448,4
591.388,8130740224,4
591.440,5589827584,4
591.501,6105743360,4
591.558,6177849344,3
591.620,6201802752,4
591.680,6308429824,4
591.732,6445334528,4
591.792,6579126272,4
591.852,6630195200,4
591.913,6672629760,4
591.967,6752256000,4
592.028,6837256192,4
592.080,6871547904,4
592.140,7022690304,4
592.200,7490043904,4
592.257,7953940480,4
592.315,8518893568,4
592.376,8890220544,4
592.436,8956133376,4
592.490,9049554944,4
592.551,5998116864,4
592.612,6138691584,3
592.667,6220955648,4
592.727,6337003520,4
592.782,6397083648,4
592.842,6504611840,4
592.899,6593101824,4
592.959,6634291200,4
593.015,6662586368,4
593.073,6689013760,4
593.132,6773571584,4
593.189,3658465280,4
593.241,3679207424,3
593.303,3704651776,4
593.363,3804971008,4
593.423,3864346624,4
593.483,3915513856,4
593.544,3961405440,4
593.599,4002496512,4
593.659,4044374016,4
593.719,4083957760,4
593.774,4119461888,4
593.834,4155408384,4
593.893,4191780864,4
593.954,4229808128,4
594.007,4258611200,4
594.067,4290019328,4
594.128,4319723520,4
594.185,4351819776,4
594.243,4380065792,4
594.304,4409769984,4
594.355,4432527360,4
594.407,4467212288,4
594.467,4493705216,4
594.528,4521984000,4
594.588,4722311168,4
594.648,5169364992,4
594.707,5702172672,4
594.767,6302826496,4
594.828,6581944320,4
594.888,6605717504,4
594.940,6642171904,4
595.001,6708838400,4
595.061,6864551936,4
595.115,6903971840,4
595.176,6941130752,4
595.232,6985056256,4
595.292,7074676736,4
595.352,7114457088,4
595.413,7136559104,4
595.465,7160283136,4
595.526,7180189696,4
595.586,7390281728,4
595.642,7790395392,4
595.697,8264204288,4
595.755,5656051712,4
595.817,6068649984,3
595.879,6126977024,4
595.939,6231982080,4
595.999,6303924224,4
596.059,6486917120,4
596.115,6566772736,4
596.175,6627262464,4
596.232,6668304384,4
596.292,6770589696,4
596.352,7207108608,4
596.413,7627505664,4
596.473,8185053184,4
596.533,8744730624,4
596.590,8964112384,4
596.651,8992243712,4
596.711,9029844992,4
596.762,9073393664,4
596.815,9221210112,4
596.876,9287303168,4
596.932,9322430464,4
596.992,9350627328,4
597.052,9435398144,4
597.110,9489629184,4
597.168,9516384256,4
597.223,9534521344,4
597.283,9547907072,4
597.342,9564110848,4
597.402,9585000448,4
597.457,9608593408,4
597.517,9623109632,4
597.568,9631662080,4
597.628,9644474368,4
597.682,9653501952,4
597.742,9665773568,4
597.799,9676242944,4
597.859,9686728704,4
597.915,9696460800,4
597.976,9710141440,4
598.032,9719152640,4
598.086,9729867776,4
598.146,9739550720,4
598.199,9750872064,4
598.259,9759473664,4
598.319,9769451520,4
598.379,9778085888,4
598.432,9785458688,4
598.492,9794289664,4
598.549,9804021760,4
598.602,9811968000,4
598.657,9818341376,4
598.717,9826467840,4
598.777,9835298816,4
598.832,9843916800,4
598.892,10310565888,4
598.952,10758635520,4
599.013,11333419008,4
599.073,11795988480,4
599.133,11854839808,4
599.187,11877171200,4
599.240,11898486784,4
599.301,11982520320,4
599.361,12096307200,4
599.421,12113756160,4
599.474,12130598912,4
599.534,12173721600,4
599.593,12238045184,4
599.652,12264816640,4
599.712,12272484352,4
599.765,12333580288,4
599.826,9226043392,4
599.887,9234137088,3
599.949,9308094464,4
600.009,6235160576,4
600.070,6275743744,3
600.125,6303154176,4
600.182,6406914048,4
600.242,6468632576,4
600.299,6516146176,4
600.359,6563250176,4
600.415,6601834496,4
600.475,6638698496,4
600.536,6672744448,4
600.596,6704037888,4
600.650,6729334784,4
600.707,6756466688,4
600.767,6784434176,4
600.827,6814810112,4
600.888,6841581568,4
600.940,6866485248,4
601.000,6889193472,4
601.061,6919438336,4
601.115,6945636352,4
601.176,6973145088,4
601.232,6999998464,4
601.290,7023509504,4
601.350,7049052160,4
601.411,7068549120,4
601.465,7084703744,4
601.526,7102676992,4
601.585,7189004288,4
601.643,3946348544,4
601.703,3963551744,3
601.762,3981115392,4
601.815,4071669760,4
601.875,4124491776,4
601.932,4165025792,4
601.992,4204363776,4
602.049,4237901824,4
602.109,4273504256,4
602.163,4303994880,4
602.223,4337860608,4
602.284,4369727488,4
602.340,4398694400,4
602.401,4428251136,4
602.457,4453957632,4
602.517,4484153344,4
602.571,4507648000,4
602.624,4531896320,4
602.684,4557586432,4
602.744,4583342080,4
602.804,4609802240,4
602.865,4662984704,4
602.925,5154291712,4
602.982,5989253120,4
603.042,6956400640,4
603.102,7896301568,4
603.157,8407662592,4
603.217,8677408768,4
603.274,8706719744,4
603.334,8855633920,4
603.388,8974827520,4
603.448,9145647104,4
603.508,9212805120,4
603.568,9294741504,4
603.624,9373007872,4
603.684,9477308416,4
603.740,9576087552,4
603.800,9618374656,4
603.861,6464290816,4
603.917,6474858496,3
603.978,6488686592,4
604.039,6623510528,4
604.091,3631316992,4
604.152,3669393408,3
604.214,3704258560,4
604.274,3814227968,4
604.334,3879321600,4
604.395,3934666752,4
604.455,3983163392,4
604.507,4019257344,4
604.567,4067065856,4
604.624,4103159808,4
604.684,4139974656,4
604.740,4174856192,4
604.800,4287545344,4
604.857,4761829376,4
604.917,5265309696,4
604.974,5836406784,4
605.034,6318784512,4
605.094,6392135680,4
605.149,6432505856,4
605.207,6475644928,4
605.267,6606487552,4
605.327,6719389696,4
605.388,6760054784,4
605.440,6794608640,4
605.498,6866731008,4
605.558,6950420480,4
605.619,6982254592,4
605.679,7007698944,4
605.735,7029653504,4
605.795,7055310848,4
605.855,7077216256,4
605.915,7098204160,4
605.976,7122976768,4
606.035,7141294080,4
606.093,7164215296,4
606.148,7181942784,4
606.209,7200636928,4
606.269,7219249152,4
606.323,7233830912,4
606.384,7249674240,4
606.440,7264075776,4
606.500,7281049600,4
606.557,7296761856,4
606.617,7313866752,4
606.674,7328989184,4
606.734,7350976512,4
606.793,7367032832,4
606.848,7381516288,4
606.907,7768260608,4
606.968,8141586432,4
607.028,8641888256,4
607.085,9541304320,4
607.140,10102915072,4
607.200,10667737088,4
607.261,11227529216,4
607.315,11459805184,4
607.366,8386215936,4
607.426,8482914304,4
607.483,8527429632,3
607.545,8695726080,4
607.605,8877309952,4
607.657,8980398080,4
607.717,9038921728,4
607.777,9148039168,4
607.838,9219342336,4
607.897,9252716544,4
607.957,9290186752,4
608.017,9315205120,4
608.077,9336209408,4
608.135,9355100160,4
608.190,9384361984,4
608.251,9407086592,4
608.307,9424109568,4
608.367,9441705984,4
608.422,9455910912,4
608.473,9468510208,4
608.534,9484664832,4
608.594,9501884416,4
608.654,9516875776,4
608.715,9537142784,4
608.765,9548185600,4
608.825,9559310336,4
608.882,9574285312,4
608.942,9589997568,4
609.002,9601630208,4
609.063,9611247616,4
609.118,9619587072,4
609.178,9629597696,4
609.232,9642115072,4
609.292,9710026752,4
609.352,6567444480,4
609.408,6579535872,3
609.470,6594101248,4
609.530,6687326208,4
609.582,6730268672,4
609.642,6770999296,4
609.698,6801915904,4
609.759,6831554560,4
609.815,6863486976,4
609.876,6889996288,4
609.936,6916505600,4
609.990,6935379968,4
610.050,6958153728,4
610.111,6979371008,4
610.165,7001866240,4
610.225,7022739456,4
610.282,7041466368,4
610.342,7061061632,4
610.394,7077560320,4
610.455,7098105856,4
610.507,7150764032,4
610.565,4047323136,4
610.626,4214095872,3
610.683,4670636032,4
610.744,5276368896,4
610.798,5882281984,4
610.859,6281478144,4
610.915,6361645056,4
610.975,6408011776,4
611.032,6456983552,4
611.092,6612828160,4
611.148,6701563904,4
611.209,6744293376,4
611.265,6779371520,4
611.325,6866665472,4
611.382,6934593536,4
611.440,6965362688,4
611.500,6994182144,4
611.557,7019134976,4
611.617,7041302528,4
611.669,7060029440,4
611.730,7079575552,4
611.782,7098728448,4
611.840,7121960960,4
611.900,7144767488,4
611.957,7168049152,4
612.017,7187742720,4
612.073,7210106880,4
612.132,7227260928,4
612.192,7244152832,4
612.248,7259619328,4
612.309,7277019136,4
612.365,7325843456,4
612.425,7812038656,4
612.482,8233828352,4
612.542,8754593792,4
612.602,9237086208,4
612.657,9317236736,4
612.717,9336963072,4
612.777,9370959872,4
612.838,9479454720,4
612.898,9614917632,4
612.958,6468009984,4
613.015,6488997888,4
613.075,6544228352,3
613.137,6620856320,4
613.196,6698188800,4
613.257,6749143040,4
613.315,6796328960,4
613.373,6829113344,4
613.434,6857949184,4
613.490,6885982208,4
613.550,6913146880,4
613.607,6939901952,4
613.667,7338983424,4
613.723,7709638656,4
613.784,8272019456,4
613.844,8836939776,4
613.904,9011200000,4
613.957,9037217792,4
614.017,9084239872,4
614.073,9216212992,4
614.134,9359622144,4
614.190,9401237504,4
614.250,9442689024,4
614.307,6260162560,4
614.368,6343475200,3
614.430,6381813760,4
614.490,6481936384,4
614.551,6545522688,4
614.604,6583533568,4
614.657,6616383488,4
614.717,6651789312,4
614.777,6742851584,4
614.832,3697967104,4
614.893,3723673600,3
614.953,3745366016,4
615.013,3847733248,4
615.065,3897262080,4
615.125,3946545152,4
615.185,3991076864,4
615.243,4030316544,4
615.298,4067950592,4
615.359,4104880128,4
615.418,4142219264,4
615.479,4178214912,4
615.532,4207362048,4
615.592,4243095552,4
615.652,4277075968,4
615.713,4307517440,4
615.765,4334944256,4
615.825,4363436032,4
615.885,4390420480,4
615.943,4415078400,4
615.999,4441194496,4
616.060,4472209408,4
616.120,4498210816,4
616.180,4531126272,4
616.232,4939350016,4
616.292,5372100608,4
616.352,5934661632,4
616.413,6511902720,4
616.465,6686031872,4
616.518,6703759360,4
616.579,6744948736,4
616.632,6795608064,4
616.687,6947323904,4
616.747,7002652672,4
616.807,7039696896,4
616.867,7081410560,4
616.927,7173226496,4
616.988,7215923200,4
617.040,7237222400,4
617.100,7258963968,4
617.157,7275184128,4
617.217,7298629632,4
617.273,7315816448,4
617.332,7384940544,4
617.392,7845249024,4
617.452,8293974016,4
617.507,8823717888,4
617.567,6230409216,4
617.626,3159703552,4
617.683,3174842368,2
617.746,3208036352,4
617.806,3456040960,4
617.865,3626582016,4
617.925,3704717312,4
617.985,4014702592,4
618.045,4514988032,4
618.100,5066637312,4
618.160,5732663296,4
618.215,6072827904,4
618.269,6158745600,4
618.329,6203637760,4
618.382,6253740032,4
618.442,6392610816,4
618.502,6509248512,4
618.557,6551060480,4
618.617,6596329472,4
618.677,6680625152,4
618.738,6766575616,4
618.798,6803177472,4
618.857,6834978816,4
618.917,6862995456,4
618.977,6901088256,4
619.038,6931890176,4
619.098,6957072384,4
619.158,6983254016,4
619.215,7004258304,4
619.275,7028228096,4
619.335,7051984896,4
619.394,7071973376,4
619.455,7094714368,4
619.507,7112032256,4
619.567,7134035968,4
619.623,7151009792,4
619.684,7170670592,4
619.744,7188021248,4
619.804,7204208640,4
619.857,7218118656,4
619.917,7232716800,4
619.973,7266484224,4
620.034,7348879360,4
620.090,4132651008,4
620.151,4149313536,3
620.208,4165353472,4
620.269,4260085760,4
620.323,4307304448,4
620.384,4349870080,4
620.440,4385374208,4
620.500,4419076096,4
620.557,4451598336,4
620.615,4482793472,4
620.675,4561485824,4
620.732,5406949376,4
620.790,6260457472,4
620.850,7387676672,4
620.907,8268382208,4
620.967,8542470144,4
621.027,8583233536,4
621.082,8631910400,4
621.142,8803860480,4
621.198,9035612160,4
621.259,9097003008,4
621.311,9141403648,4
621.372,9222340608,4
621.432,9374416896,4
621.490,9442312192,4
621.550,9471918080,4
621.607,9504407552,4
621.667,9524609024,4
621.727,9548300288,4
621.788,6561808384,4
621.841,6570393600,3
621.903,6581829632,4
621.959,6671810560,4
622.017,6716981248,4
622.077,6755860480,4
622.138,6788644864,4
622.197,6817447936,4
622.248,6841139200,4
622.305,6866190336,4
622.357,6889766912,4
622.417,6921781248,4
622.473,6946537472,4
622.534,7028342784,4
622.590,7069564928,4
622.651,3873341440,4
622.712,3894247424,3
622.773,3916513280,4
622.834,4023910400,4
622.894,4082040832,4
622.948,4125556736,4
623.009,4165746688,4
623.069,4203036672,4
623.123,4238426112,4
623.184,4279582720,4
623.240,4312858624,4
623.300,4357472256,4
623.357,4840800256,4
623.417,5319540736,4
623.470,5837242368,4
623.530,6418268160,4
623.588,6548668416,4
623.649,6624591872,4
623.709,3556442112,4
623.766,3655876608,3
623.828,3790307328,4
623.888,3908616192,4
623.948,3983720448,4
624.009,4087087104,4
624.065,4186652672,4
624.125,4235657216,4
624.184,4278747136,4
624.244,4315316224,4
624.304,4353359872,4
624.365,4396744704,4
624.415,4423991296,4
624.475,4453564416,4
624.527,4479418368,4
624.582,4507172864,4
624.642,4534222848,4
624.698,4559028224,4
624.759,4586160128,4
624.815,4610686976,4
624.875,4636688384,4
624.936,4907663360,4
624.996,5325570048,4
625.056,5883232256,4
625.116,6486736896,4
625.172,6762446848,4
625.233,6829654016,4
625.290,6869254144,4
625.350,6917521408,4
625.407,7070744576,4
625.467,7133921280,4
625.527,7172653056,4
625.588,7204716544,4
625.648,7539671040,4
625.707,7950630912,4
625.767,8451686400,4
625.823,8980267008,4
625.875,9318236160,4
625.935,9380298752,4
625.995,9407365120,4
626.048,9438003200,4
626.109,9564372992,4
626.165,9656647680,4
626.225,9686253568,4
626.286,9713238016,4
626.340,9775300608,4
626.400,9845506048,4
626.457,9869869056,4
626.517,9887547392,4
626.577,9899065344,4
626.637,9911369728,4
626.690,9924395008,4
626.750,10335109120,4
626.811,10756489216,4
626.865,11253121024,4
626.925,11794317312,4
626.986,11945279488,4
627.037,11955437568,4
627.090,11981144064,4
627.150,8898658304,4
627.209,9036365824,4
627.270,9070395392,3
627.332,9095512064,4
627.392,9211822080,4
627.448,9319071744,4
627.509,9377447936,4
627.565,9406562304,4
627.625,9442033664,4
627.686,9463218176,4
627.746,9482797056,4
627.798,9500196864,4
627.859,9517170688,4
627.919,9536159744,4
627.973,9553018880,4
628.032,9576529920,4
628.092,9599303680,4
628.148,9617883136,4
628.209,9633513472,4
628.261,9651716096,4
628.321,9669869568,4
628.380,9749348352,4
628.432,6633275392,4
628.493,6646808576,3
628.555,6662242304,4
628.615,6759612416,4
628.676,6809239552,4
628.736,6847463424,4
628.796,6882918400,4
628.848,6909624320,4
628.909,6942326784,4
628.969,6979420160,4
629.029,7003979776,4
629.082,7024590848,4
629.142,7046283264,4
629.198,7067975680,4
629.259,7089111040,4
629.315,7110492160,4
629.375,7132495872,4
629.435,7151484928,4
629.486,7198392320,4
629.547,7272857600,4
629.598,3951362048,4
629.660,3970170880,3
629.718,3994042368,4
629.772,4089430016,4
629.833,4148363264,4
629.893,4195287040,4
629.948,4232577024,4
630.009,4270915584,4
630.069,4308254720,4
630.126,4340269056,4
630.182,4370546688,4
630.240,4402495488,4
630.300,4844240896,4
630.360,5262884864,4
630.418,5818269696,4
630.476,6365888512,4
630.537,6511132672,4
630.597,6545293312,4
630.657,6586482688,4
630.709,6685458432,4
630.768,6816448512,4
630.826,6851411968,4
630.882,6889947136,4
630.942,6956138496,4
631.002,7038025728,4
631.062,7079919616,4
631.123,7104249856,4
631.183,7134494720,4
631.243,7158120448,4
631.298,7179468800,4
631.355,7198638080,4
631.407,7420641280,4
631.467,7832485888,4
631.527,8320008192,4
631.582,8809889792,4
631.642,9157509120,4
631.702,9217966080,4
631.760,9244098560,4
631.820,9279766528,4
631.881,9424683008,4
631.940,9487040512,4
631.998,9516302336,4
632.059,9547563008,4
632.119,9630334976,4
632.176,9675980800,4
632.235,9693806592,4
632.293,9712828416,4
632.351,9723969536,4
632.410,9737519104,4
632.465,9749364736,4
632.525,9761112064,4
632.585,9771483136,4
632.643,10010247168,4
632.701,10458333184,4
632.757,7707164672,4
632.817,8282963968,4
632.878,8584790016,3
632.944,8636481536,4
633.005,8729444352,4
633.065,8788656128,4
633.125,8929968128,4
633.185,9100591104,4
633.243,5992431616,4
633.299,6024347648,3
633.361,6095929344,4
633.415,6245318656,4
633.475,6318833664,4
633.535,6367592448,4
633.595,6409076736,4
633.655,6442958848,4
633.715,6478151680,4
633.775,6509789184,4
633.835,6541131776,4
633.893,6567133184,4
633.951,6593052672,4
634.007,6616924160,4
634.067,6640844800,4
634.127,6671433728,4
634.187,6693289984,4
634.248,6723321856,4
634.307,6747930624,4
634.367,6778159104,4
634.427,6802587648,4
634.487,6821773312,4
634.548,6844727296,4
634.608,6867501056,4
634.668,6886801408,4
634.729,6908428288,4
634.782,6923862016,4
634.842,6942670848,4
634.898,6961184768,4
634.959,6979960832,4
635.019,6997803008,4
635.072,7012417536,4
635.132,7028834304,4
635.190,7044497408,4
635.250,7059374080,4
635.310,7075282944,4
635.368,7091945472,4
635.426,7110361088,4
635.485,7136051200,4
635.540,7152975872,4
635.597,7167459328,4
635.658,7182467072,4
635.715,7197229056,4
635.775,7215235072,4
635.836,7228604416,4
635.890,7562297344,4
635.950,7946387456,4
636.002,8385593344,4
636.057,8920236032,4
636.117,9227780096,4
636.177,9394552832,4
636.237,3462168576,4
636.293,3827548160,3
636.356,4500307968,3
636.418,5221597184,4
636.473,5586272256,4
636.534,5716688896,4
636.594,5868257280,4
636.651,5975162880,4
636.707,6157320192,4
636.767,6249250816,4
636.827,6310264832,4
636.882,6362808320,4
636.940,6470090752,4
637.000,6537084928,4
637.061,6575718400,4
637.115,6609027072,4
637.175,6642581504,4
637.235,6677364736,4
637.290,6701367296,4
637.349,6723846144,4
637.410,6747291648,4
637.465,6767689728,4
637.525,6798917632,4
637.582,6829899776,4
637.642,6859472896,4
637.698,6881738752,4
637.757,6901743616,4
637.817,6922633216,4
637.873,6940540928,4
637.933,6962855936,4
637.994,6985646080,4
638.048,7003963392,4
638.107,7022624768,4
638.167,7039320064,4
638.227,7055933440,4
638.287,7085047808,4
638.340,4028923904,4
638.400,4043423744,4
638.455,4057153536,3
638.517,4072783872,4
638.573,4169236480,4
638.634,4224155648,4
638.690,4264820736,4
638.750,4303749120,4
638.805,4334387200,4
638.865,4370071552,4
638.925,4406919168,4
638.986,4438753280,4
639.046,4466950144,4
639.106,4497571840,4
639.166,4525146112,4
639.227,4554080256,4
639.282,4668129280,4
639.342,5539332096,4
639.402,6444515328,4
639.457,7470399488,4
639.517,8352169984,4
639.573,8590770176,4
639.633,8639315968,4
639.687,8689057792,4
639.747,8833155072,4
639.807,9129541632,4
639.867,6065733632,4
639.928,6109921280,3
639.983,6176161792,4
640.042,6387482624,4
640.103,6507069440,4
640.163,6559842304,4
640.223,6602276864,4
640.283,6636732416,4
640.344,6668763136,4
640.401,6692126720,4
640.462,3714433024,4
640.522,3750772736,3
640.575,3770843136,4
640.632,3868246016,4
640.692,3928653824,4
640.752,3979771904,4
640.807,4020764672,4
640.867,4063281152,4
640.923,4109697024,4
640.983,4147462144,4
641.044,4183851008,4
641.098,4213243904,4
641.158,4243685376,4
641.218,4280532992,4
641.278,1254735872,4
641.339,1283768320,3
641.391,1308721152,4
641.452,1419575296,4
641.510,1959133184,4
641.570,2527002624,4
641.630,3215949824,4
641.690,3563585536,4
641.750,3624173568,4
641.807,3679600640,4
641.867,3769679872,4
641.927,3941646336,4
641.987,4000137216,4
642.048,4049043456,4
642.106,4121329664,4
642.167,4218716160,4
642.227,4268048384,4
642.284,4301701120,4
642.343,4328947712,4
642.398,4354965504,4
642.458,4382949376,4
642.515,4409606144,4
642.575,4441178112,4
642.632,4469784576,4
642.692,4498472960,4
642.751,4528472064,4
642.811,4556259328,4
642.865,4578197504,4
642.925,4675338240,4
642.985,5156814848,4
643.040,5611077632,4
643.100,6210764800,4
643.160,6617694208,4
643.221,6683099136,4
643.273,6716751872,4
643.333,6753124352,4
643.390,6887702528,4
643.450,6997606400,4
643.507,7470546944,4
643.567,7904673792,4
643.623,8439037952,4
643.684,9003401216,4
643.744,9174433792,4
643.804,9202728960,4
643.864,9236611072,4
643.925,9326313472,4
643.982,9459384320,4
644.042,9484500992,4
644.102,9514827776,4
644.155,9557606400,4
644.215,9636741120,4
644.273,9666035712,4
644.333,9676439552,4
644.394,9698361344,4
644.454,10089955328,4
644.514,10489610240,4
644.573,11027005440,4
644.633,11594825728,4
644.690,11810717696,4
644.750,8771567616,4
644.811,8795078656,3
644.873,8861106176,4
644.934,9075130368,4
644.994,9133817856,4
645.050,9178726400,4
645.109,9236365312,4
645.168,9325936640,4
645.226,9367863296,4
645.281,9390751744,4
645.341,9419653120,4
645.402,9448243200,4
645.457,9463447552,4
645.517,9480503296,4
645.572,9493495808,4
645.623,9504358400,4
645.683,9518628864,4
645.744,9536815104,4
645.802,9550495744,4
645.863,9565093888,4
645.923,9578790912,4
645.981,9591586816,4
646.042,9604349952,4
646.098,9621323776,4
646.157,9633251328,4
646.217,9646325760,4
646.276,9661939712,4
646.336,9676095488,4
646.397,9688924160,4
646.457,6662160384,4
646.515,6671859712,4
646.574,6684114944,3
646.636,6699204608,4
646.697,6787284992,4
646.755,6830276608,4
646.806,6862815232,4
646.867,6893830144,4
646.923,6950109184,4
646.983,3809345536,4
647.045,3833724928,3
647.107,3862970368,4
647.167,3966533632,4
647.223,4021501952,4
647.283,4070539264,4
647.340,4110827520,4
647.400,4154769408,4
647.456,4191223808,4
647.517,4228218880,4
647.573,4260134912,4
647.633,4290805760,4
647.694,4322230272,4
647.748,4348411904,4
647.808,4816896000,4
647.869,5263228928,4
647.929,5852446720,4
647.988,6362857472,4
648.048,6453067776,4
648.109,6550568960,4
648.168,3400777728,4
648.227,3539517440,3
648.286,3637395456,4
648.346,3759751168,4
648.407,3831513088,4
648.467,3950051328,4
648.523,4029284352,4
648.583,4075667456,4
648.640,4118577152,4
648.700,4157472768,4
648.757,4190126080,4
648.815,4222959616,4
648.875,4255137792,4
648.934,4285022208,4
648.995,4317265920,4
649.048,4343349248,4
649.108,4375920640,4
649.165,4407951360,4
649.225,4436312064,4
649.281,4460904448,4
649.342,4490018816,4
649.402,4522655744,4
649.456,4545150976,4
649.517,4575428608,4
649.577,4987273216,4
649.631,5362581504,4
649.692,5929222144,4
649.752,6504218624,4
649.812,6658670592,4
649.873,6687342592,4
649.933,6725386240,4
649.993,6840369152,4
650.048,6949552128,4
650.108,7325663232,4
650.169,7701315584,4
650.226,8224571392,4
650.286,8918351872,4
650.340,6164447232,4
650.400,6227574784,4
650.461,6258130944,3
650.515,6286458880,4
650.575,6483738624,4
650.636,6622314496,4
650.696,6680051712,4
650.748,6730153984,4
650.808,6811992064,4
650.868,6904037376,4
650.926,6946816000,4
650.984,6977585152,4
651.045,7004160000,4
651.098,7026802688,4
651.158,7070793728,4
651.218,7558873088,4
651.273,7981727744,4
651.333,8547385344,4
651.390,9039544320,4
651.450,9134981120,4
651.510,9163522048,4
651.571,9196830720,4
651.630,9311027200,4
651.688,9421225984,4
651.748,9461809152,4
651.809,9491808256,4
651.865,9553494016,4
651.925,9626370048,4
651.982,9649520640,4
652.042,9667510272,4
652.098,9726066688,4
652.158,6524583936,4
652.220,6540214272,3
652.282,6556352512,4
652.342,6648872960,4
652.398,6694469632,4
652.458,6736674816,4
652.519,6772359168,4
652.579,6804291584,4
652.639,6833684480,4
652.698,6862618624,4
652.758,6890176512,4
652.819,6913343488,4
652.879,6941868032,4
652.939,6966591488,4
652.990,6986186752,4
653.050,7011581952,4
653.110,7037747200,4
653.168,7060799488,4
653.223,7082524672,4
653.283,7105265664,4
653.343,7125532672,4
653.398,7142670336,4
653.456,7163428864,4
653.517,7184220160,4
653.577,7200391168,4
653.637,7674740736,4
653.695,8110030848,4
653.748,8642379776,4
653.808,6095667200,4
653.865,6263635968,4
653.926,6277824512,3
653.988,6313803776,4
654.048,6469582848,4
654.109,6644580352,4
654.169,6703841280,4
654.229,6755811328,4
654.281,6813745152,4
654.342,6914277376,4
654.398,6960431104,4
654.458,6989447168,4
654.519,7019692032,4
654.572,7041138688,4
654.633,7068549120,4
654.690,7090733056,4
654.748,7113998336,4
654.808,7134904320,4
654.869,7154941952,4
654.923,7172620288,4
654.981,7189561344,4
655.042,7207223296,4
655.098,7224180736,4
655.158,7247544320,4
655.215,7444774912,4
655.275,7880671232,4
655.335,8400896000,4
655.396,8999862272,4
655.448,9250045952,4
655.505,9308389376,4
655.565,9335685120,4
655.626,9375629312,4
655.686,9533980672,4
655.740,9582510080,4
655.800,9616031744,4
655.859,9654353920,4
655.918,9734356992,4
655.976,9778577408,4
656.034,9797435392,4
656.093,9815310336,4
656.151,9827336192,4
656.209,9841328128,4
656.268,9854058496,4
656.328,9866264576,4
656.381,9879928832,4
656.442,9888792576,4
656.498,9898508288,4
656.558,9982722048,4
656.619,6761791488,4
656.680,6774423552,3
656.742,6783123456,4
656.802,6872629248,4
656.863,6916980736,4
656.921,6950797312,4
656.982,6980550656,4
657.042,7237713920,4
657.098,7630667776,4
657.158,8154775552,4
657.215,8756396032,4
657.275,9136111616,4
657.334,9203253248,4
657.393,9235939328,4
657.453,9274540032,4
657.513,9421078528,4
657.571,9493069824,4
657.623,9522790400,4
657.683,9549643776,4
657.744,9626173440,4
657.798,9689661440,4
657.858,9712992256,4
657.919,9740599296,4
657.979,9763045376,4
658.038,9779904512,4
658.090,9790423040,4
658.150,9801859072,4
658.210,9812803584,4
658.265,9831350272,4
658.325,9847046144,4
658.385,9858891776,4
658.446,9873801216,4
658.498,9882796032,4
658.558,9892888576,4
658.615,9903194112,4
658.675,9913761792,4
658.731,9924067328,4
658.792,9936306176,4
658.852,9949265920,4
658.912,9959440384,4
658.965,9968484352,4
659.025,9980297216,4
659.085,9994289152,4
659.146,10007576576,4
659.196,10018586624,4
659.248,10027614208,4
659.308,10036297728,4
659.365,10045390848,4
659.425,10052206592,4
659.481,10061824000,4
659.542,10071703552,4
659.598,10081566720,4
659.651,10092314624,4
659.705,10105094144,4
659.765,10115874816,4
659.826,10154885120,4
659.886,10644029440,4
659.940,11098488832,4
660.000,11659280384,4
660.056,8959000576,4
660.117,9124921344,3
660.175,9133735936,4
660.231,9232711680,4
660.292,9321873408,4
660.348,9484402688,4
660.408,9538863104,4
660.469,9583116288,4
660.529,9637019648,4
660.589,9725050880,4
660.640,9767288832,4
660.700,9791602688,4
660.756,9812295680,4
660.817,9831399424,4
660.873,9846390784,4
660.933,9863839744,4
660.990,9882730496,4
661.050,9902096384,4
661.106,9916792832,4
661.167,9933668352,4
661.223,9952329728,4
661.283,9964879872,4
661.340,9981050880,4
661.400,9999761408,4
661.460,10019979264,4
661.518,10034937856,4
661.573,10050977792,4
661.633,10063757312,4
661.694,10075750400,4
661.754,10086842368,4
661.814,10105536512,4
661.874,6949814272,4
661.935,6959923200,4
661.991,6977552384,3
662.053,6989283328,4
662.113,7079772160,4
662.173,7122731008,4
662.234,7161430016,4
662.289,7190052864,4
662.349,7218069504,4
662.406,7243743232,4
662.467,7268810752,4
662.523,7290945536,4
662.583,7324368896,4
662.644,7354777600,4
662.696,7372062720,4
662.755,7394099200,4
662.815,7414628352,4
662.875,7432945664,4
662.935,7451049984,4
662.995,7467827200,4
663.055,7484571648,4
663.115,7513669632,4
663.175,7837614080,4
663.234,4867489792,4
663.293,5363236864,4
663.352,5965414400,3
663.411,6232621056,4
663.468,6366101504,4
663.523,6429966336,4
663.583,6499729408,4
663.640,6666977280,4
663.700,6729760768,4
663.759,6775635968,4
663.820,6819053568,4
663.873,6891159552,4
663.933,6977732608,4
663.990,7013154816,4
664.050,7041499136,4
664.110,7074578432,4
664.165,7098859520,4
664.225,7122681856,4
664.281,7145406464,4
664.342,7166509056,4
664.402,7188365312,4
664.456,7206993920,4
664.517,7224705024,4
664.573,7246790656,4
664.633,7267205120,4
664.690,7289700352,4
664.750,7363903488,4
664.810,7391838208,4
664.865,4063477760,4
664.926,4081631232,3
664.988,4099670016,4
665.048,4196171776,4
665.108,4249337856,4
665.164,4528717824,4
665.225,4955930624,4
665.284,5507760128,4
665.345,6149537792,4
665.397,6455476224,4
665.457,6531989504,4
665.517,6570885120,4
665.573,6616498176,4
665.633,6772768768,4
665.690,6851215360,4
665.750,6894419968,4
665.810,6929334272,4
665.865,7011762176,4
665.925,7079591936,4
665.985,7108296704,4
666.046,7133921280,4
666.098,7158677504,4
666.158,7181369344,4
666.216,7203618816,4
666.273,7219789824,4
666.331,7366066176,4
666.392,7823376384,4
666.448,8261238784,4
666.505,8760049664,4
666.565,9217818624,4
666.625,9289433088,4
666.681,9313320960,4
666.742,9345695744,4
666.802,9469902848,4
666.856,9566306304,4
666.907,9592668160,4
666.967,9623044096,4
667.021,9671835648,4
667.081,9748873216,4
667.142,9781919744,4
667.197,9793765376,4
667.257,9809936384,4
667.315,9822961664,4
667.375,9833398272,4
667.435,9848946688,4
667.495,9863036928,4
667.548,9875357696,4
667.608,9886990336,4
667.669,9907765248,4
667.729,9923526656,4
667.781,9933602816,4
667.842,9941843968,4
667.898,9953427456,4
667.958,9961881600,4
668.018,9970597888,4
668.078,10059071488,4
668.131,10533666816,4
668.192,7727448064,4
668.249,8250982400,3
668.311,8803991552,4
668.371,8969404416,4
668.426,9015869440,4
668.484,9084321792,4
668.537,9210888192,4
668.598,6180880384,4
668.658,6221266944,4
668.716,6257328128,3
668.777,6312968192,4
668.834,6476283904,4
668.895,6553354240,4
668.955,6602326016,4
669.015,6645481472,4
669.073,6690570240,4
669.133,6728859648,4
669.194,6761775104,4
669.251,6791430144,4
669.311,6821085184,4
669.365,6845038592,4
669.417,6866042880,4
669.473,6896582656,4
669.533,6925484032,4
669.594,6954270720,4
669.648,7018643456,4
669.708,3829760000,4
669.766,3849125888,3
669.828,3870130176,4
669.881,3964846080,4
669.942,4028284928,4
670.002,4079124480,4
670.056,4118757376,4
670.117,4162142208,4
670.176,4254990336,4
670.231,1133002752,4
670.293,1166819328,3
670.354,1198850048,4
670.415,1308950528,4
670.473,1372815360,4
670.533,1429897216,4
670.590,1478377472,4
670.650,1526333440,4
670.706,1569210368,4
670.767,1613021184,4
670.827,1656438784,4
670.884,1694138368,4
670.940,1734082560,4
671.000,1770700800,4
671.060,1811382272,4
671.120,1849327616,4
671.173,1880473600,4
671.231,2306899968,4
671.292,2795536384,4
671.352,3452174336,4
671.412,3927851008,4
671.465,3999809536,4
671.525,4044914688,4
671.581,4100063232,4
671.642,4731944960,4
671.701,5284757504,4
671.759,5880741888,4
671.820,6348668928,4
671.880,6483804160,4
671.931,6557941760,4
671.992,6605225984,4
672.052,6754516992,4
672.106,6850494464,4
672.165,6893617152,4
672.225,6928924672,4
672.281,7003111424,4
672.342,7079198720,4
672.402,7108771840,4
672.456,7134789632,4
672.517,7158448128,4
672.577,7176192000,4
672.637,7195508736,4
672.697,7307526144,4
672.757,7760314368,4
672.817,8232239104,4
672.873,8726429696,4
672.933,9203302400,4
672.994,9276211200,4
673.054,9301164032,4
673.106,9327263744,4
673.167,9431662592,4
673.227,9542582272,4
673.287,9572237312,4
673.347,9598730240,4
673.408,9997893632,4
673.465,10398810112,4
673.525,10946183168,4
673.581,11523735552,4
673.642,11822514176,4
673.695,11879546880,4
673.756,11908366336,4
673.816,11941003264,4
673.876,12075155456,4
673.929,12133662720,4
673.990,12194676736,4
674.050,9106620416,4
674.111,9170468864,3
674.173,9224945664,4
674.234,9317253120,4
674.294,9363308544,4
674.354,9403449344,4
674.415,9431203840,4
674.475,9459793920,4
674.531,9486876672,4
674.592,9510207488,4
674.648,9531129856,4
674.708,9553870848,4
674.768,9571106816,4
674.823,9586573312,4
674.883,9606135808,4
674.943,9621405696,4
674.998,9642082304,4
675.058,9655205888,4
675.118,9667346432,4
675.173,9680076800,4
675.233,9695068160,4
675.293,9708437504,4
675.348,9785671680,4
675.406,6661799936,4
675.468,6678790144,3
675.529,6766510080,4
675.590,3694739456,4
675.651,3743203328,3
675.708,3781443584,4
675.765,3893280768,4
675.825,3963977728,4
675.884,4025368576,4
675.940,4070850560,4
676.000,4115218432,4
676.059,4159815680,4
676.118,4199104512,4
676.178,4239736832,4
676.231,4271243264,4
676.290,4305453056,4
676.341,4332437504,4
676.396,4362059776,4
676.456,4392583168,4
676.516,4421812224,4
676.573,4454547456,4
676.633,4495802368,4
676.690,4596580352,4
676.750,4636000256,4
676.806,1338146816,4
676.867,1364525056,3
676.929,1395523584,4
676.990,1499447296,4
677.050,1558544384,4
677.110,1993146368,4
677.170,2496724992,4
677.223,3062267904,4
677.283,3648913408,4
677.343,3741007872,4
677.404,3789570048,4
677.456,3834888192,4
677.516,3983212544,4
677.577,4091215872,4
677.635,4139565056,4
677.690,4180754432,4
677.750,4277583872,4
677.810,4351164416,4
677.865,4384587776,4
677.923,4417126400,4
677.983,4445519872,4
678.040,4470456320,4
678.100,4501078016,4
678.160,4529324032,4
678.220,4554833920,4
678.273,4577738752,4
678.333,4601331712,4
678.390,4839342080,4
678.450,5275926528,4
678.506,5772705792,4
678.566,6369296384,4
678.623,6642761728,4
678.683,7037878272,4
678.740,7391707136,4
678.800,7933542400,4
678.856,8619098112,4
678.917,9045671936,4
678.977,9125675008,4
679.031,9165258752,4
679.092,9263661056,4
679.148,9406185472,4
679.208,9530064896,4
679.268,9571614720,4
679.329,9601695744,4
679.389,9659809792,4
679.449,9733275648,4
679.508,9766600704,4
679.565,9780002816,4
679.623,9796337664,4
679.683,9814589440,4
679.743,9829990400,4
679.798,9851863040,4
679.858,10087989248,4
679.918,10491871232,4
679.975,10981572608,4
680.031,11524997120,4
680.089,11837194240,4
680.149,11890376704,4
680.210,11911561216,4
680.270,11947556864,4
680.330,12087050240,4
680.390,12149211136,4
680.450,12181700608,4
680.506,9107161088,4
680.567,9177350144,4
680.628,9227010048,3
680.683,9238724608,4
680.743,9332948992,4
680.803,9377415168,4
680.857,9408856064,4
680.917,9441050624,4
680.970,9466167296,4
681.030,9492676608,4
681.090,9514450944,4
681.150,9534423040,4
681.209,9551151104,4
681.269,9569763328,4
681.330,9586130944,4
681.381,9599811584,4
681.441,9621291008,4
681.502,9636462592,4
681.562,9651306496,4
681.622,9669246976,4
681.683,9687400448,4
681.740,9702342656,4
681.800,9713860608,4
681.860,9791340544,4
681.920,6658080768,4
681.982,6667141120,3
682.043,6678364160,4
682.104,6766084096,4
682.164,6814580736,4
682.224,6851362816,4
682.285,6883065856,4
682.343,6949044224,4
682.401,3714367488,4
682.457,3738370048,4
682.516,3762995200,3
682.577,3788865536,4
682.631,3881402368,4
682.691,3939647488,4
682.748,3989733376,4
682.804,4031725568,4
682.864,4071129088,4
682.916,4101111808,4
682.976,4126638080,4
683.031,4161617920,4
683.090,4194222080,4
683.150,4226498560,4
683.210,4261347328,4
683.265,4289888256,4
683.325,4319690752,4
683.385,4348559360,4
683.445,4380655616,4
683.506,4407738368,4
683.566,4433674240,4
683.623,4458414080,4
683.683,4914954240,4
683.734,5276811264,4
683.794,5849006080,4
683.848,6364495872,4
683.908,6552092672,4
683.965,6577995776,4
684.019,6615465984,4
684.073,6681493504,4
684.133,6835159040,4
684.190,6874988544,4
684.250,6910246912,4
684.309,6962102272,4
684.365,7045398528,4
684.425,7084261376,4
684.481,7102857216,4
684.541,7126859776,4
684.598,7159660544,4
684.658,7226556416,4
684.718,7257276416,4
684.773,4107829248,4
684.834,4124950528,3
684.891,4144693248,4
684.952,4239507456,4
685.012,4289118208,4
685.072,4401381376,4
685.132,1350123520,4
685.191,1884602368,3
685.253,2462892032,4
685.313,3251404800,4
685.364,3617734656,4
685.425,3716235264,4
685.485,3780460544,4
685.545,3842097152,4
685.606,4061757440,4
685.660,4592566272,4
685.714,5057658880,4
685.775,5669191680,4
685.835,6311002112,4
685.889,6472040448,4
685.950,6517784576,4
686.010,6572867584,4
686.064,6669254656,4
686.125,6825902080,4
686.185,6867075072,4
686.240,6906970112,4
686.298,6964101120,4
686.358,7056965632,4
686.418,7105495040,4
686.473,7134019584,4
686.527,7162986496,4
686.587,7192313856,4
686.639,7211778048,4
686.700,7233142784,4
686.756,7250755584,4
686.816,7270170624,4
686.873,7288029184,4
686.933,7305216000,4
686.984,7319076864,4
687.039,7336443904,4
687.100,7359971328,4
687.156,7377338368,4
687.216,7394918400,4
687.273,7411793920,4
687.333,7431077888,4
687.393,7446904832,4
687.448,7464402944,4
687.508,7481999360,4
687.568,7498858496,4
687.629,7514259456,4
687.680,7529299968,4
687.740,7547142144,4
687.801,7599898624,4
687.861,8065351680,4
687.914,8446033920,4
687.975,8948482048,4
688.035,9454551040,4
688.093,9597730816,4
688.153,9798926336,4
688.213,10245406720,4
688.273,10819420160,4
688.334,11518427136,4
688.390,11807178752,4
688.450,11877367808,4
688.510,11931484160,4
688.570,12029673472,4
688.631,12194922496,4
688.688,12248530944,4
688.746,12279644160,4
688.798,12294963200,4
688.858,12369477632,4
688.914,12513017856,4
688.975,5996544000,4
689.032,6007848960,3
689.095,6022529024,3
689.157,6107611136,4
689.217,6226788352,4
689.273,6287294464,4
689.333,6352191488,4
689.393,6401130496,4
689.454,6444351488,4
689.513,6484688896,4
689.573,6520029184,4
689.633,3521904640,4
689.694,3548921856,3
689.756,3579117568,4
689.816,3688022016,4
689.873,3746775040,4
689.933,3799515136,4
689.993,3846291456,4
690.048,3887939584,4
690.106,3928080384,4
690.164,3967582208,4
690.225,4012064768,4
690.281,4046651392,4
690.341,4081483776,4
690.398,4115251200,4
690.458,4151705600,4
690.518,4184768512,4
690.573,4215046144,4
690.626,4240982016,4
690.681,4268425216,4
690.741,4297637888,4
690.801,4325588992,4
690.858,4352229376,4
690.915,4381278208,4
690.975,4409622528,4
691.025,4432986112,4
691.081,4455710720,4
691.141,4480204800,4
691.198,4505878528,4
691.258,4530126848,4
691.318,4555472896,4
691.379,4578131968,4
691.439,4601315328,4
691.499,4623679488,4
691.556,4647780352,4
691.616,4669767680,4
691.673,4693131264,4
691.733,4715151360,4
691.793,4736335872,4
691.854,4758913024,4
691.914,4783308800,4
691.974,4805492736,4
692.034,4826726400,4
692.092,4851007488,4
692.148,5539577856,4
692.208,6351273984,4
692.268,7422017536,4
692.323,8464121856,4
692.383,9078964224,4
692.439,9140568064,4
692.500,9187082240,4
692.556,9244426240,4
692.616,9738354688,4
692.673,10239377408,4
692.733,10788732928,4
692.789,11363909632,4
692.850,11732549632,4
692.910,11896520704,4
692.970,11965890560,4
693.031,12020514816,4
693.089,12179570688,4
693.150,12235603968,4
693.206,12271403008,4
693.266,12302073856,4
693.323,12372115456,4
693.383,12421464064,4
693.443,12439601152,4
693.504,12451233792,4
693.556,12459294720,4
693.616,12465963008,4
693.673,12473745408,4
693.733,12480692224,4
693.793,12495749120,4
693.854,12503695360,4
693.906,12508463104,4
693.966,12512198656,4
694.027,12517638144,4
694.081,12604112896,4
694.141,9340174336,4
694.199,9340977152,3
694.261,9343746048,4
694.321,9438380032,4
694.381,9486024704,4
694.441,6315065344,4
694.498,6338740224,4
694.559,6362611712,3
694.619,6386941952,4
694.674,6480117760,4
694.734,6534643712,4
694.792,6579699712,4
694.851,6622019584,4
694.909,6655197184,4
694.969,6686900224,4
695.030,6718423040,4
695.081,6742736896,4
695.141,6769147904,4
695.202,6798065664,4
695.256,6820134912,4
695.313,6841729024,4
695.373,6864830464,4
695.433,6886703104,4
695.489,6967443456,4
695.550,3792044032,4
695.611,3813474304,3
695.666,3831234560,4
695.723,3933437952,4
695.783,3991420928,4
695.839,4037378048,4
695.900,4084613120,4
695.960,4123213824,4
696.017,4159258624,4
696.078,4195188736,4
696.138,4229332992,4
696.195,4304846848,4
696.256,1214709760,4
696.306,1238286336,4
696.362,1263697920,3
696.423,1293549568,4
696.484,1398276096,4
696.539,1459863552,4
696.600,1513586688,4
696.656,1558953984,4
696.716,1603960832,4
696.777,1647443968,4
696.831,1686192128,4
696.891,1730183168,4
696.952,1769848832,4
697.012,1805172736,4
697.072,1842036736,4
697.132,1878671360,4
697.189,1913831424,4
697.241,1944207360,4
697.301,2108588032,4
697.361,2624356352,4
697.414,3157098496,4
697.475,3675684864,4
697.528,4104404992,4
697.588,4214226944,4
697.646,4659429376,4
697.704,5094948864,4
697.765,5757157376,4
697.825,6462308352,4
697.885,6675677184,4
697.945,6716014592,4
698.006,6805635072,4
698.064,6943703040,4
698.125,7109017600,4
698.185,7153664000,4
698.239,7189430272,4
698.300,7249182720,4
698.356,7338213376,4
698.416,7377813504,4
698.473,7401897984,4
698.533,7431553024,4
698.589,7450361856,4
698.650,4293640192,4
698.710,4491378688,4
698.771,4937957376,3
698.825,5420466176,4
698.885,6115246080,4
698.939,6538313728,4
699.000,6625230848,4
699.060,6677610496,4
699.120,6725976064,4
699.173,6854361088,4
699.233,6967312384,4
699.293,7011500032,4
699.354,7050805248,4
699.406,7123042304,4
699.466,7206551552,4
699.527,7496728576,4
699.587,7883292672,4
699.647,8372322304,4
699.708,8936456192,4
699.768,9376825344,4
699.823,9451700224,4
699.883,9476784128,4
699.939,9582182400,4
700.000,6447628288,4
700.061,6566674432,3
700.123,6595067904,4
700.183,6767558656,4
700.242,3595452416,4
700.302,3694739456,3
700.358,3741089792,4
700.416,3854172160,4
700.473,3920297984,4
700.533,3980673024,4
700.593,4030873600,4
700.647,4068982784,4
700.707,4111777792,4
700.764,4150263808,4
700.825,4187996160,4
700.885,4224106496,4
700.939,4255318016,4
701.000,4288135168,4
701.056,4318953472,4
701.116,4349919232,4
701.177,4379164672,4
701.231,4409720832,4
701.291,4449894400,4
701.348,4481892352,4
701.408,4516806656,4
701.464,4540579840,4
701.524,4565729280,4
701.581,4591026176,4
701.639,4618928128,4
701.700,4723228672,4
701.760,1979170816,4
701.815,2469625856,3
701.877,3153018880,4
701.938,3545432064,4
701.989,3638214656,4
702.042,3693608960,4
702.098,3754442752,4
702.156,3923787776,4
702.216,4019175424,4
702.277,4074323968,4
702.331,4118134784,4
702.391,4223549440,4
702.448,4287004672,4
702.508,4323688448,4
702.568,4358766592,4
702.629,4389027840,4
702.689,4423581696,4
702.739,4448665600,4
702.790,4470915072,4
702.850,4498784256,4
702.910,4531011584,4
702.964,4555161600,4
703.025,5012963328,4
703.081,5409226752,4
703.141,5964759040,4
703.198,6484967424,4
703.258,6635978752,4
703.314,6664388608,4
703.375,7046070272,4
703.435,7492157440,4
703.495,8159068160,4
703.556,5684936704,4
703.617,6002966528,3
703.674,6103547904,4
703.735,6273695744,4
703.795,6361956352,4
703.855,6531252224,4
703.916,6630408192,4
703.976,6683557888,4
704.036,6725779456,4
704.089,6817054720,4
704.148,6892126208,4
704.200,6925746176,4
704.256,6959988736,4
704.308,3966779392,4
704.363,3984408576,3
704.425,4005756928,4
704.485,4108091392,4
704.542,4160126976,4
704.601,4212178944,4
704.661,4256841728,4
704.721,4294475776,4
704.781,4331274240,4
704.841,4367974400,4
704.898,4401561600,4
704.958,4434100224,4
705.017,4894670848,4
705.078,5342134272,4
705.131,5853888512,4
705.189,6451724288,4
705.250,6686212096,4
705.310,6713655296,4
705.370,6759727104,4
705.430,6850674688,4
705.481,6985269248,4
705.541,7039500288,4
705.602,7078739968,4
705.662,7130431488,4
705.721,7225966592,4
705.781,7268335616,4
705.838,7291240448,4
705.896,7330201600,4
705.956,7347847168,4
706.016,7371014144,4
706.077,7389560832,4
706.137,7409631232,4
706.189,7425605632,4
706.250,7446429696,4
706.306,7462846464,4
706.366,7481196544,4
706.423,7495794688,4
706.483,7510097920,4
706.543,7526449152,4
706.603,7545913344,4
706.664,7569358848,4
706.714,7581401088,4
706.775,7807483904,4
706.835,8226373632,4
706.889,8640872448,4
706.950,9174712320,4
707.006,9645211648,4
707.066,9764732928,4
707.127,9784295424,4
707.181,9811836928,4
707.241,9892724736,4
707.302,10027696128,4
707.354,10052304896,4
707.406,10077143040,4
707.466,10142367744,4
707.527,10678681600,4
707.581,11128815616,4
707.641,11704287232,4
707.698,12235145216,4
707.758,12368822272,4
707.814,12382978048,4
707.873,12410454016,4
707.933,12480053248,4
707.989,12612698112,4
708.050,12641566720,4
708.110,12665372672,4
708.170,12704514048,4
708.231,12781764608,4
708.291,12809469952,4
708.348,12816580608,4
708.408,12826853376,4
708.468,12832260096,4
708.523,12918833152,4
708.583,9649012736,4
708.640,9651388416,3
708.702,9660956672,4
708.763,9744433152,4
708.822,9788637184,4
708.882,9822748672,4
708.942,9849290752,4
709.003,9872949248,4
709.063,9969270784,4
709.123,6729957376,4
709.184,6748160000,3
709.241,6763315200,4
709.301,6859784192,4
709.356,6905905152,4
709.416,6948995072,4
709.473,6983778304,4
709.533,7015530496,4
709.589,7050199040,4
709.650,7080591360,4
709.710,7111917568,4
709.770,7138754560,4
709.825,7161692160,4
709.886,7186350080,4
709.939,7209926656,4
709.998,7247151104,4
710.058,7281803264,4
710.118,7303544832,4
710.177,7324057600,4
710.237,7344537600,4
710.289,7360872448,4
710.350,7385333760,4
710.410,7403470848,4
710.464,7419232256,4
710.523,7439548416,4
710.583,7456276480,4
710.639,7471906816,4
710.699,7487995904,4
710.759,7504543744,4
710.814,7519485952,4
710.875,7534854144,4
710.931,7586021376,4
710.991,7653097472,4
711.051,4297834496,4
711.113,4313284608,3
711.166,4326998016,4
711.226,4497096704,4
711.281,1184530432,4
711.342,1226244096,3
711.404,1265008640,4
711.464,1374519296,4
711.525,1439531008,4
711.585,1499627520,4
711.645,1840218112,4
711.706,2322251776,4
711.762,2935996416,4
711.822,3567976448,4
711.881,3701555200,4
711.941,3750445056,4
712.002,3801907200,4
712.062,3952771072,4
712.114,4060086272,4
712.173,4109680640,4
712.225,4170874880,4
712.285,4722409472,4
712.345,5276352512,4
712.406,5892259840,4
712.466,6436601856,4
712.526,6526025728,4
712.581,6561480704,4
712.641,6613630976,4
712.698,6725828608,4
712.758,6857228288,4
712.818,6896975872,4
712.873,6931382272,4
712.933,6997721088,4
712.992,7077658624,4
713.052,7116701696,4
713.106,7138066432,4
713.166,7167541248,4
713.223,7186759680,4
713.283,7209254912,4
713.343,7228358656,4
713.398,7244201984,4
713.458,7260536832,4
713.518,7321993216,4
713.573,4118315008,4
713.634,4135911424,3
713.696,4154032128,4
713.756,4251631616,4
713.816,4304781312,4
713.873,4346216448,4
713.927,4380426240,4
713.981,4412588032,4
714.041,4445044736,4
714.101,4822335488,4
714.162,5230231552,4
714.222,5796315136,4
714.282,6373310464,4
714.343,6556352512,4
714.398,6602801152,4
714.458,7112540160,4
714.517,7625031680,4
714.578,8282439680,4
714.638,8850718720,4
714.698,9032499200,4
714.759,9096757248,4
714.819,9197076480,4
714.879,9300787200,4
714.931,9427943424,4
714.991,9483403264,4
715.051,9517596672,4
715.106,9551069184,4
715.166,9632579584,4
715.226,9680617472,4
715.284,9705635840,4
715.342,9725067264,4
715.403,9740812288,4
715.463,9771466752,4
715.523,9786621952,4
715.583,9802153984,4
715.639,9813278720,4
715.700,9825812480,4
715.760,9838706688,4
715.814,9846734848,4
715.875,6814564352,4
715.935,6826655744,4
715.996,6838829056,3
716.058,6849069056,4
716.114,6933823488,4
716.175,6979354624,4
716.235,7016349696,4
716.289,7045316608,4
716.350,7074004992,4
716.410,7098761216,4
716.464,7123255296,4
716.525,7148683264,4
716.584,7186759680,4
716.644,7268401152,4
716.705,4103389184,4
716.766,4126097408,3
716.828,4645126144,4
716.888,5207293952,4
716.948,5843025920,4
717.006,6379536384,4
717.066,6477283328,4
717.123,6518833152,4
717.183,6573965312,4
717.239,6697746432,4
717.299,6825787392,4
717.360,6871252992,4
717.420,6916341760,4
717.473,6984663040,4
717.533,7072776192,4
717.593,7108640768,4
717.648,7138213888,4
717.708,7168606208,4
717.768,7192657920,4
717.823,7217741824,4
717.883,7240056832,4
717.939,4089151488,4
717.993,4103454720,4
718.049,4123541504,3
718.109,4144889856,4
718.169,4242309120,4
718.229,4295917568,4
718.289,4340219904,4
718.350,4379934720,4
718.410,4414062592,4
718.468,4491051008,4
718.523,1230520320,4
718.577,1258373120,3
718.639,1290158080,4
718.699,1399816192,4
718.756,1460846592,4
718.816,1516191744,4
718.876,1566654464,4
718.932,1608859648,4
718.989,1653620736,4
719.050,1696497664,4
719.110,1807433728,4
719.170,2365489152,4
719.223,2875949056,4
719.283,3591208960,4
719.342,3936501760,4
719.402,4019240960,4
719.463,4069965824,4
719.523,4130521088,4
719.583,4308533248,4
719.639,4365467648,4
719.699,4415504384,4
719.756,4467277824,4
719.816,4663328768,4
719.876,5184389120,4
719.931,5652250624,4
719.991,6263783424,4
720.042,6715523072,4
720.103,6828539904,4
720.163,6859964416,4
720.223,6898647040,4
720.284,7015448576,4
720.340,7101874176,4
720.400,7148732416,4
720.456,7216594944,4
720.517,4041555968,4
720.575,4128980992,3
720.637,4176445440,4
720.698,4280745984,4
720.758,4353064960,4
720.818,4400807936,4
720.873,4440276992,4
720.933,4478468096,4
720.993,4514873344,4
721.053,4548116480,4
721.114,4581392384,4
721.173,4950032384,4
721.233,5350064128,4
721.293,5912133632,4
721.348,6481625088,4
721.408,6762217472,4
721.468,6830604288,4
721.523,6874284032,4
721.583,6924615680,4
721.643,7090241536,4
721.703,7525253120,4
721.756,7854391296,4
721.816,8371961856,4
721.873,8975990784,4
721.933,9427582976,4
721.993,9497755648,4
722.053,9534537728,4
722.107,9566355456,4
722.167,9682681856,4
722.223,9795633152,4
722.283,9827909632,4
722.343,9855483904,4
722.403,9912680448,4
722.456,9981870080,4
722.516,10015948800,4
722.573,6843318272,4
722.633,6935117824,4
722.694,3667148800,3
722.757,3677929472,3
722.819,3769401344,4
722.879,3893084160,4
722.939,3967090688,4
722.999,4027236352,4
723.056,4076421120,4
723.116,4123983872,4
723.173,4168728576,4
723.225,4208705536,4
723.281,4250337280,4
723.334,4284989440,4
723.389,4318314496,4
723.450,4353490944,4
723.506,4388257792,4
723.566,4422844416,4
723.626,4920131584,4
723.681,5343461376,4
723.741,5889245184,4
723.796,6400294912,4
723.856,6540967936,4
723.917,6576406528,4
723.977,6624051200,4
724.037,6752927744,4
724.089,6868598784,4
724.149,6906953728,4
724.210,6945587200,4
724.264,7008190464,4
724.324,7090913280,4
724.385,7130284032,4
724.445,7156367360,4
724.497,7181041664,4
724.558,7204814848,4
724.618,7226114048,4
724.678,7243644928,4
724.739,4231544832,4
724.800,4246618112,3
724.862,4264361984,4
724.922,4359454720,4
724.973,4401938432,4
725.033,4443570176,4
725.089,4480679936,4
725.149,4519297024,4
725.206,4555620352,4
725.266,4593057792,4
725.327,4626268160,4
725.387,4654972928,4
725.439,4678762496,4
725.499,4705107968,4
725.556,4729339904,4
725.616,4756111360,4
725.668,4779442176,4
725.723,4804263936,4
725.783,4828643328,4
725.843,5438816256,4
725.903,6215270400,4
725.964,7311638528,4
726.024,8504180736,4
726.081,9086042112,4
726.139,9225699328,4
726.200,5921898496,4
726.257,5973000192,3
726.318,6232768512,4
726.373,6454198272,4
726.433,6538985472,4
726.493,6606979072,4
726.548,6741245952,4
726.608,6883835904,4
726.668,6945898496,4
726.728,6986334208,4
726.789,7029112832,4
726.849,7058030592,4
726.909,7082344448,4
726.964,7103332352,4
727.024,7126794240,4
727.081,7147798528,4
727.141,7170326528,4
727.197,7190757376,4
727.256,7218954240,4
727.316,7242547200,4
727.372,7264550912,4
727.433,7283933184,4
727.493,7303757824,4
727.551,7320846336,4
727.606,7340670976,4
727.666,7359070208,4
727.726,7378534400,4
727.787,7426457600,4
727.839,4229267456,4
727.899,4247289856,4
727.957,4262805504,3
728.019,4759371776,4
728.075,5272584192,4
728.135,2680602624,4
728.189,3221504000,4
728.250,3407560704,3
728.312,3447455744,4
728.364,3563667456,4
728.424,3695820800,4
728.482,3877175296,4
728.539,3935387648,4
728.596,3994107904,4
728.656,4072800256,4
728.714,4176396288,4
728.771,4234756096,4
728.831,4276551680,4
728.889,4313513984,4
728.949,4358373376,4
729.010,4396433408,4
729.070,4430479360,4
729.130,4464852992,4
729.189,4497833984,4
729.249,4532256768,4
729.310,4562485248,4
729.367,4591910912,4
729.427,5055496192,4
729.481,5432508416,4
729.541,6008111104,4
729.597,6578618368,4
729.658,6828572672,4
729.714,6848446464,4
729.774,6894911488,4
729.835,6968229888,4
729.898,7127089152,4
729.958,7165263872,4
730.018,7202275328,4
730.078,7257735168,4
730.139,7342915584,4
730.199,7386923008,4
730.251,7400374272,4
730.311,7425359872,4
730.371,7441924096,4
730.422,7462305792,4
730.483,7484604416,4
730.539,7506296832,4
730.599,7523811328,4
730.656,7537557504,4
730.716,7555268608,4
730.776,7576059904,4
730.837,7596408832,4
730.897,7612137472,4
730.956,7625654272,4
731.016,7722188800,4
731.072,4796448768,4
731.134,5192187904,3
731.196,5755420672,4
731.256,6444072960,4
731.316,6965919744,4
731.376,7373111296,4
731.437,7890305024,4
731.497,8482193408,4
731.557,9118531584,4
731.618,9227173888,4
731.673,9275621376,4
731.733,9333030912,4
731.789,9488678912,4
731.849,9666904064,4
731.910,9709633536,4
731.964,9747464192,4
732.024,9799319552,4
732.085,9889103872,4
732.139,9924640768,4
732.197,9942417408,4
732.256,9971433472,4
732.316,9999925248,4
732.375,10046717952,4
732.436,6855458816,4
732.490,6867746816,3
732.549,6879444992,4
732.610,6967132160,4
732.664,7010041856,4
732.722,7050526720,4
732.783,7084720128,4
732.843,7114997760,4
732.903,7144013824,4
732.956,7167836160,4
733.016,7194443776,4
733.076,7222444032,4
733.137,7247872000,4
733.196,7268073472,4
733.256,7288471552,4
733.317,7309623296,4
733.369,7335395328,4
733.422,7428259840,4
733.483,4144627712,4
733.540,4162174976,3
733.602,4182409216,4
733.662,4282712064,4
733.722,4344709120,4
733.783,4393664512,4
733.839,4431052800,4
733.899,4465737728,4
733.950,4495409152,4
734.006,4526374912,4
734.066,4563156992,4
734.126,4592074752,4
734.187,4979539968,4
734.247,5386027008,4
734.307,5952684032,4
734.367,6524141568,4
734.422,6701006848,4
734.483,6730629120,4
734.539,6773653504,4
734.599,6865666048,4
734.660,7007109120,4
734.720,7045922816,4
734.772,7083212800,4
734.833,7143866368,4
734.893,7226507264,4
734.947,7266516992,4
735.008,7290830848,4
735.068,7313309696,4
735.128,7336542208,4
735.188,7356547072,4
735.249,7382007808,4
735.306,7398211584,4
735.366,7420018688,4
735.420,7436943360,4
735.481,7453802496,4
735.541,7468646400,4
735.597,7802355712,4
735.656,8160903168,4
735.716,8729903104,4
735.776,9338077184,4
735.837,6254329856,4
735.898,6313426944,3
735.960,6338297856,4
736.020,6454820864,4
736.081,6636486656,4
736.141,6730153984,4
736.197,6778322944,4
736.257,6820823040,4
736.317,6919864320,4
736.373,6987464704,4
736.433,7023820800,4
736.489,7052918784,4
736.549,7077347328,4
736.610,7102922752,4
736.664,7376044032,4
736.724,7788707840,4
736.785,8330887168,4
736.839,8903983104,4
736.899,9260859392,4
736.956,9322070016,4
737.016,9351168000,4
737.076,9389031424,4
737.137,9526427648,4
737.197,9589817344,4
737.256,9626861568,4
737.316,9658023936,4
737.374,9698361344,4
737.434,9781329920,4
737.494,9815769088,4
737.555,9830596608,4
737.606,9846652928,4
737.666,9859268608,4
737.726,9872424960,4
737.787,9888530432,4
737.847,9899606016,4
737.897,9965240320,4
737.958,6737608704,4
738.019,6747914240,3
738.074,6757105664,4
738.134,6844727296,4
738.195,6889717760,4
738.250,6921715712,4
738.309,6951616512,4
738.367,6980354048,4
738.427,7005945856,4
738.488,7031652352,4
738.548,7057735680,4
738.608,7078920192,4
738.668,7102693376,4
738.729,7123156992,4
738.789,7149404160,4
738.849,7171391488,4
738.906,7189037056,4
738.964,7208648704,4
739.024,7258341376,4
739.084,7308541952,4
739.142,4599939072,4
739.199,5017124864,4
739.260,5600100352,3
739.316,6145507328,4
739.374,6401589248,4
739.431,6452543488,4
739.489,6511329280,4
739.549,6601293824,4
739.609,6763986944,4
739.669,6816612352,4
739.730,6862454784,4
739.790,6924566528,4
739.850,7017267200,4
739.906,7060078592,4
739.966,7086030848,4
740.022,7115243520,4
740.074,7135002624,4
740.131,7154335744,4
740.191,7173357568,4
740.251,7194722304,4
740.306,7212187648,4
740.366,7231668224,4
740.416,7247872000,4
740.477,7269531648,4
740.537,7289733120,4
740.597,7315357696,4
740.657,7334789120,4
740.718,7351058432,4
740.778,7367131136,4
740.838,7384367104,4
740.889,7399604224,4
740.949,7416692736,4
741.010,7433633792,4
741.064,7449100288,4
741.120,7517929472,4
741.181,7986135040,4
741.233,8390770688,4
741.293,8939864064,4
741.353,9466134528,4
741.406,9647603712,4
741.466,9657712640,4
741.526,9707241472,4
741.584,6516817920,4
741.641,6661849088,4
741.697,6707937280,3
741.757,6738001920,4
741.818,6849347584,4
741.871,6954287104,4
741.931,7026737152,4
741.991,7065485312,4
742.047,7108345856,4
742.108,7140474880,4
742.164,7166787584,4
742.224,7299481600,4
742.285,7779778560,4
742.342,8245018624,4
742.397,8788443136,4
742.455,9195159552,4
742.514,9260449792,4
742.574,9292496896,4
742.631,9330311168,4
742.691,9469968384,4
742.747,9546956800,4
742.808,9578659840,4
742.864,9602564096,4
742.924,9667198976,4
742.985,9741336576,4
743.039,9768026112,4
743.099,9863725056,4
743.156,6583500800,4
743.217,6600884224,3
743.269,6621298688,4
743.330,3682041856,4
743.391,3727966208,3
743.453,3766599680,4
743.513,3878174720,4
743.572,3940237312,4
743.633,3995729920,4
743.693,4043243520,4
743.747,4082548736,4
743.808,4123148288,4
743.868,4162469888,4
743.922,4196368384,4
743.983,4231757824,4
744.039,4263329792,4
744.099,4295376896,4
744.158,4325818368,4
744.218,4356505600,4
744.279,4387766272,4
744.339,4420403200,4
744.399,4454236160,4
744.456,4478976000,4
744.515,4508270592,4
744.575,4535648256,4
744.632,4560093184,4
744.692,4591812608,4
744.750,5084381184,4
744.806,5523406848,4
744.866,6109052928,4
744.922,6590119936,4
744.983,6672433152,4
745.039,6701137920,4
745.099,6740443136,4
745.156,6846365696,4
745.216,6967214080,4
745.276,7002734592,4
745.337,7034421248,4
745.389,7091388416,4
745.449,7171096576,4
745.506,7203586048,4
745.566,7227916288,4
745.622,7245660160,4
745.683,7263371264,4
745.743,7280754688,4
745.803,7295827968,4
745.863,7309541376,4
745.924,7325024256,4
745.979,7340490752,4
746.039,7356841984,4
746.097,7371603968,4
746.158,7520534528,4
746.214,7915667456,4
746.274,8363622400,4
746.335,9066233856,4
746.389,9839869952,4
746.449,10412425216,4
746.506,10941022208,4
746.566,11390451712,4
746.622,11497848832,4
746.683,11649351680,4
746.739,11701649408,4
746.799,11831197696,4
746.850,11939610624,4
746.911,12028428288,4
746.964,12080087040,4
747.024,12169478144,4
747.085,9146089472,4
747.146,9173958656,3
747.206,9182838784,4
747.266,9273982976,4
747.326,9316532224,4
747.382,9350365184,4
747.443,9394585600,4
747.497,9420423168,4
747.558,9444884480,4
747.614,9468182528,4
747.674,9489596416,4
747.731,9506455552,4
747.791,9528442880,4
747.850,9543581696,4
747.910,9560686592,4
747.964,9578774528,4
748.022,9634791424,4
748.083,6581600256,4
748.144,6593626112,3
748.199,6643105792,4
748.256,3644325888,4
748.317,3691839488,3
748.374,3730784256,4
748.431,3844866048,4
748.491,3915104256,4
748.547,3969843200,4
748.608,4094722048,4
748.664,841170944,4
748.725,883867648,3
748.782,923746304,4
748.843,1042022400,4
748.903,1113718784,4
748.963,1177174016,4
749.014,1223983104,4
749.074,1281458176,4
749.131,1329283072,4
749.191,1378271232,4
749.247,1420689408,4
749.307,1462992896,4
749.367,1506263040,4
749.422,1547272192,4
749.483,1591574528,4
749.542,1630404608,4
749.600,1670840320,4
749.656,1711751168,4
749.716,1749581824,4
749.776,1787052032,4
749.831,1818918912,4
749.890,1852571648,4
749.950,1885896704,4
750.005,1920647168,4
750.065,1953562624,4
750.122,2051997696,4
750.183,2592178176,4
750.239,3132702720,4
750.299,3800924160,4
750.359,4077912064,4
750.414,4103684096,4
750.474,4150804480,4
750.531,4223844352,4
750.591,4388388864,4
750.651,4434460672,4
750.706,4473536512,4
750.766,4534861824,4
750.826,4623302656,4
750.886,4670128128,4
750.947,4699258880,4
751.007,4731027456,4
751.064,4755210240,4
751.124,4777951232,4
751.184,5601230848,4
751.239,6317555712,4
751.299,7393804288,4
751.359,8487387136,4
751.414,8886206464,4
751.474,8946270208,4
751.535,9001680896,4
751.595,9092169728,4
751.655,9396551680,4
751.714,9531703296,4
751.774,6814482432,4
751.829,7164624896,3
751.883,7770357760,4
751.939,8504934400,4
751.997,8924364800,4
752.058,9018982400,4
752.118,9064464384,4
752.172,9112764416,4
752.233,9247391744,4
752.289,9351888896,4
752.347,9395290112,4
752.408,9432563712,4
752.466,9498230784,4
752.526,9596108800,4
752.586,6436683776,4
752.648,3435036672,3
752.710,3450421248,4
752.765,3541647360,3
752.827,3597631488,4
752.881,3711123456,4
752.941,3783622656,4
752.997,3840065536,4
753.056,3897196544,4
753.116,3950772224,4
753.172,3999825920,4
753.233,4043800576,4
753.293,4084760576,4
753.353,4123541504,4
753.409,4160880640,4
753.464,4194025472,4
753.524,4228775936,4
753.581,4260003840,4
753.641,4296704000,4
753.697,4325883904,4
753.758,4356915200,4
753.818,4388913152,4
753.878,4421025792,4
753.931,4453105664,4
753.991,4484431872,4
754.051,4513021952,4
754.106,4538630144,4
754.166,4563648512,4
754.222,4590092288,4
754.276,4611899392,4
754.334,4636164096,4
754.392,4662984704,4
754.452,4689510400,4
754.506,4712185856,4
754.566,4735139840,4
754.626,4760289280,4
754.681,4782915584,4
754.741,4808114176,4
754.797,4819812352,4
754.858,5222531072,4
754.914,5613322240,4
754.974,6177587200,4
755.034,6741458944,4
755.094,6895452160,4
755.147,6917488640,4
755.206,6954778624,4
755.266,7048331264,4
755.326,7180288000,4
755.381,7208910848,4
755.441,7241678848,4
755.501,7299465216,4
755.561,7379353600,4
755.614,7753940992,4
755.674,8420311040,4
755.735,9301000192,4
755.795,10377019392,4
755.855,11200577536,4
755.916,11441979392,4
755.976,11474108416,4
756.036,11534172160,4
756.089,11696947200,4
756.149,11898159104,4
756.210,11957583872,4
756.270,11996692480,4
756.330,12096176128,4
756.391,12216582144,4
756.451,12260638720,4
756.506,12283953152,4
756.564,12300599296,4
756.624,12370280448,4
756.685,9277751296,4
756.745,9288941568,3
756.807,9294249984,4
756.864,9375268864,4
756.924,9417670656,4
756.984,9446719488,4
757.039,9496592384,4
757.099,6487490560,4
757.160,6567215104,3
757.222,3260563456,4
757.282,3365060608,3
757.344,3447062528,4
757.404,488865792,4
757.465,560545792,3
757.524,619167744,4
757.584,753467392,4
757.639,831275008,4
757.696,905052160,4
757.757,971210752,4
757.817,1031831552,4
757.877,1089978368,4
757.935,1142325248,4
757.995,1199439872,4
758.055,1253163008,4
758.115,1299791872,4
758.176,1347665920,4
758.231,1388396544,4
758.291,1431928832,4
758.351,1478737920,4
758.406,1518764032,4
758.464,1561198592,4
758.524,1604550656,4
758.584,1640939520,4
758.644,1684111360,4
758.697,1720156160,4
758.756,1755119616,4
758.816,1791541248,4
758.872,1823539200,4
758.931,1856274432,4
758.991,1891450880,4
759.051,1923956736,4
759.106,1952333824,4
759.166,1985019904,4
759.220,2012758016,4
759.276,2042232832,4
759.336,2074804224,4
759.396,2104426496,4
759.456,2133622784,4
759.514,2160836608,4
759.566,2187280384,4
759.626,2217852928,4
759.687,2247901184,4
759.741,2274689024,4
759.800,2302722048,4
759.861,2787803136,4
759.916,3254452224,4
759.972,3873275904,4
760.032,4843454464,4
760.089,5276139520,4
760.146,6169985024,4
760.206,7118700544,4
760.266,7889158144,4
760.325,8526381056,4
760.384,8791785472,4
760.444,8950743040,4
760.497,9550725120,4
760.558,10114301952,4
760.618,10857496576,4
760.678,11477450752,4
760.731,11678711808,4
760.788,11754471424,4
760.848,11850235904,4
760.908,11965726720,4
760.962,12114214912,4
761.022,12163497984,4
761.083,12201541632,4
761.143,12239863808,4
761.197,12316016640,4
761.256,9332097024,4
761.316,9342746624,4
761.373,9352642560,3
761.435,9357688832,4
761.496,9441312768,4
761.556,9482600448,4
761.614,9515384832,4
761.674,9542336512,4
761.734,9570598912,4
761.791,9636331520,4
761.851,6571327488,4
761.912,6591152128,3
761.964,6604406784,3
762.024,6623461376,3
762.084,6639960064,3
762.139,6653607936,3
762.199,6673661952,3
762.259,6686867456,3
762.314,6704185344,3
762.374,6716719104,3
762.431,6730776576,3
762.491,6747570176,3
762.547,6760333312,3
762.607,6776045568,3
762.668,6789398528,3
762.728,6828457984,3
762.781,3608379392,3
762.841,3619667968,3
762.898,3630678016,2
762.956,3639590912,2
763.016,3648847872,2
763.077,3657269248,2
763.137,3665199104,2
763.189,3673309184,2
763.249,3682959360,2
763.308,3693838336,2
763.362,3701325824,2
763.414,3707486208,2
763.471,3714809856,2
763.522,3721199616,2
763.579,3728408576,2
763.631,3737190400,2
763.688,3744186368,2
763.740,3750428672,2
763.797,3757326336,2
763.857,3774398464,2
763.918,3860398080,2
763.969,559251456,2
764.030,566214656,1
764.091,573489152,2
764.151,661782528,2
764.211,705806336,2
764.264,736739328,2
764.322,767164416,2
764.381,1266827264,2
764.439,1775665152,2
764.499,2451472384,2
764.556,2784460800,2
764.614,2847932416,2
764.672,2880094208,2
764.731,2920415232,2
764.783,3062300672,2
764.842,3135504384,2
764.900,3168337920,2
764.956,3193520128,2
765.013,3270623232,2
765.072,3329916928,2
765.132,3350478848,2
765.193,3369287680,2
765.247,3389505536,2
765.298,3404791808,2
765.355,3420897280,2
765.414,3432808448,2
765.473,3444441088,2
765.531,3455188992,2
765.582,3464937472,2
765.642,3474685952,2
765.696,3493363712,2
765.756,458145792,2
765.815,466206720,1
765.877,475332608,2
765.931,558284800,2
765.989,604635136,2
766.049,641843200,2
766.104,669696000,2
766.157,695025664,2
766.217,722894848,2
766.278,748109824,2
766.330,768655360,2
766.391,789430272,2
766.451,810090496,2
766.511,830832640,2
766.564,849608704,2
766.624,871006208,2
766.683,889913344,2
766.744,907902976,2
766.804,925974528,2
766.864,943046656,2
766.924,959299584,2
766.980,974241792,2
767.041,994672640,2
767.097,1463353344,2
767.157,1968226304,2
767.214,2571436032,2
767.272,3108257792,2
767.325,3175235584,2
767.385,3199090688,2
767.439,3227058176,2
767.490,3309076480,2
767.550,3437690880,2
767.610,3465674752,2
767.671,3491299328,2
767.722,3533881344,2
767.774,3602350080,2
767.830,3635150848,2
767.889,3650945024,2
767.949,3673096192,2
768.009,3684614144,2
768.064,3694084096,2
768.123,3707600896,2
768.183,3718447104,2
768.239,3729489920,2
768.296,3737616384,2
768.354,3746742272,2
768.414,3755589632,2
768.470,3764338688,2
768.523,3774824448,2
768.579,3782508544,2
768.631,3790176256,2
768.682,3795894272,2
768.743,3805347840,2
768.803,3813769216,2
768.863,3822764032,2
768.922,4242063360,2
768.983,4652318720,2
769.042,5199478784,2
769.097,5748260864,2
769.149,5928042496,2
769.206,5980651520,2
769.266,6001639424,2
769.327,6031589376,2
769.383,6169542656,2
769.444,6227607552,2
769.497,6248759296,2
769.556,6265978880,2
769.612,6325551104,2
769.664,6379995136,2
769.724,6397067264,2
769.781,6404620288,2
769.839,6409306112,2
769.897,6413565952,2
769.954,6416662528,2
770.005,6420627456,2
770.062,6423298048,2
770.122,6425985024,2
770.180,6430621696,2
770.239,6433701888,2
770.290,6443335680,2
770.347,6448529408,2
770.407,6457425920,2
770.467,6461390848,2
770.521,6466256896,2
770.572,6470746112,2
770.632,6478168064,2
770.692,6480609280,2
770.752,6480822272,2
770.812,6483755008,2
770.864,6484934656,2
770.922,6487703552,2
770.979,6489538560,2
771.031,6491389952,2
771.088,6493372416,2
771.140,6496043008,2
771.197,6541164544,2
771.257,6585401344,2
771.317,3243589632,2
771.376,3248685056,1
771.432,3249766400,2
771.489,3327311872,2
771.547,3362586624,2
771.598,3386015744,2
771.655,3409084416,2
771.706,3426582528,2
771.766,3445194752,2
771.827,3465183232,2
771.887,3484106752,2
771.939,3497410560,2
771.999,3512516608,2
772.060,3526213632,2
772.114,3539468288,2
772.172,3554754560,2
772.229,3566878720,2
772.289,3581050880,2
772.346,3593093120,2
772.406,3605594112,2
772.464,3616489472,2
772.524,3627352064,2
772.580,3642867712,2
772.638,3652763648,2
772.696,3668803584,2
772.747,3678470144,2
772.803,3688824832,2
772.856,3698491392,2
772.914,3708583936,2
772.972,3719184384,2
773.031,3728687104,2
773.089,3738648576,2
773.147,3750002688,2
773.204,3759177728,2
773.257,3767533568,2
773.317,3777724416,2
773.372,3789897728,2
773.426,3798401024,2
773.481,3804938240,2
773.533,3811147776,2
773.593,3818881024,2
773.653,3826876416,2
773.713,3833430016,2
773.774,3840638976,2
773.830,3847258112,2
773.887,3854090240,2
773.939,3862249472,2
773.996,3869425664,2
774.056,3876192256,2
774.114,3884810240,2
774.169,3892166656,2
774.229,3901571072,2
774.281,3908222976,2
774.331,3915841536,2
774.389,3924377600,2
774.449,3963699200,2
774.506,4422041600,2
774.564,4856332288,2
774.624,5418582016,2
774.681,5941280768,2
774.739,6078693376,2
774.790,6084755456,2
774.845,6105923584,2
774.904,6143197184,2
774.963,6289653760,2
775.014,6320226304,2
775.072,6343589888,2
775.132,6365790208,2
775.192,6440009728,2
775.247,6480068608,2
775.301,6492962816,2
775.355,6503579648,2
775.414,6506905600,2
775.472,6510280704,2
775.529,6511968256,2
775.580,6516015104,2
775.641,6521110528,2
775.701,6522650624,2
775.758,6530596864,2
775.819,6536167424,2
775.874,6539968512,2
775.934,6544048128,2
775.992,6547308544,2
776.047,6552502272,2
776.104,6555320320,2
776.164,6557401088,2
776.221,6564315136,2
776.279,6573916160,2
776.330,6579404800,2
776.389,6580862976,2
776.443,6581108736,2
776.504,6585270272,2
776.564,3379986432,2
776.622,3380494336,2
776.680,3380494336,1
776.730,3380494336,1
776.789,3380494336,1
776.849,3380494336,1
776.909,3380527104,1
776.969,3380559872,1
777.030,3380559872,1
777.080,3380625408,1
777.139,3380690944,1
777.197,3380740096,1
777.255,3380740096,1
777.314,3381002240,1
777.366,3381067776,1
777.422,3381067776,1
777.480,3381067776,1
777.541,3381067776,1
777.601,3382231040,1
777.655,3383230464,1
777.714,3383492608,1
777.774,3384492032,1
777.834,3386769408,1
777.887,3387408384,1
777.947,3387408384,1
778.005,3387539456,1
778.055,3387670528,1
778.114,3388178432,1
778.171,3388882944,1
778.230,3389915136,1
778.289,3390406656,1
778.347,3390685184,1
778.405,3394338816,1
778.466,3396943872,1
778.524,3397976064,1
778.584,3401056256,1
778.639,3403710464,1
778.697,3405840384,1
778.757,3406774272,1
778.814,3406790656,1
778.872,3406954496,1
778.930,3407380480,1
778.991,3407413248,1
779.051,3409412096,1
779.105,3412197376,1
779.166,3412672512,1
779.226,3413753856,1
779.280,3414130688,1
779.339,3414654976,1
779.399,3416195072,1
779.459,3418374144,1
779.519,3421470720,1
779.580,3423584256,1
779.630,3424092160,1
779.689,3424092160,1
779.746,3424583680,1
779.797,3424600064,1
779.855,3428958208,1
779.915,3429269504,1
779.972,3430334464,1
780.030,3432775680,1
780.089,3435085824,1
780.149,3439558656,1
780.205,3440214016,1
780.264,3441836032,1
780.322,3442753536,1
780.379,3444015104,1
780.439,3444015104,1
780.499,3444998144,1
780.555,3446112256,1
780.616,3448012800,1
780.666,3448045568,1
780.722,3449470976,1
780.783,3450339328,1
780.843,3452780544,1
780.903,3454222336,1
780.963,3455090688,1
781.014,3456794624,1
781.072,3456811008,1
781.132,3457351680,1
781.188,3457417216,1
781.239,3457941504,1
781.296,3459448832,1
781.355,3462250496,1
781.416,3462823936,1
781.476,3464445952,1
781.533,3465986048,1
781.589,3468312576,1
781.649,3471753216,1
781.705,3473997824,1
781.763,3474489344,1
781.822,3475128320,1
781.880,3476176896,1
781.937,3476340736,1
781.989,3477258240,1
782.039,3478175744,1
782.100,3479961600,1
782.160,3482042368,1
782.220,3485614080,1
782.280,3487006720,1
782.341,3489234944,1
782.401,3490414592,1
782.455,3492790272,1
782.514,3494215680,1
782.572,3498409984,1
782.624,3499163648,1
782.684,3502800896,1
782.744,3503144960,1
782.804,3503276032,1
782.855,3503276032,1
782.911,3503390720,1
782.964,3504898048,1
783.024,3506044928,1
783.084,3506929664,1
783.139,3507290112,1
783.197,3508011008,1
783.255,3511468032,1
783.314,3512467456,1
783.372,3512483840,1
783.425,3512614912,1
783.486,3512860672,1
783.546,3513663488,1
783.606,3514253312,1
783.664,3514318848,1
783.722,3515957248,1
783.780,3521019904,1
783.841,3521200128,1
783.901,3522215936,1
783.961,3524919296,1
784.021,3524919296,1
784.072,3524919296,1
784.124,3524935680,1
784.183,3525033984,1
784.243,3525607424,1
784.297,3525820416,1
784.357,3525869568,1
784.414,3528212480,1
784.472,3528638464,1
784.532,3529375744,1
784.592,3531325440,1
784.650,3534127104,1
784.704,3534241792,1
784.755,3535650816,1
784.816,3537436672,1
784.875,3537584128,1
784.930,3537633280,1
784.987,3540353024,1
785.046,3543564288,1
785.097,3546120192,1
785.154,3547955200,1
785.215,3548889088,1
785.275,3550412800,1
785.335,3552624640,1
785.389,3553689600,1
785.447,3555491840,1
785.507,3557195776,1
785.564,3557638144,1
785.622,3559456768,1
785.680,3562848256,1
785.741,3565338624,1
785.801,3565748224,1
785.855,3567026176,1
785.914,3567337472,1
785.974,3568910336,1
786.034,3570958336,1
786.089,3572580352,1
786.149,3574235136,1
786.208,3575234560,1
786.268,3581247488,1
786.325,3583000576,1
786.381,3583197184,1
786.439,3583213568,1
786.497,3583213568,1
786.555,3583246336,1
786.616,3583279104,1
786.676,3583279104,1
786.736,3583279104,1
786.796,3583393792,1
786.857,3583639552,1
786.914,3583639552,1
786.972,3583639552,1
787.030,3583655936,1
787.091,3584163840,1
787.151,3584245760,1
787.205,3584983040,1
787.264,3586473984,1
787.320,3587899392,1
787.379,3589423104,1
787.430,3590701056,1
787.488,3593601024,1
787.539,3596304384,1
787.597,3597893632,1
787.655,3599269888,1
787.716,3600596992,1
787.767,3601711104,1
787.827,3602939904,1
787.879,3603169280,1
787.931,3603972096,1
787.989,3605921792,1
788.047,3607822336,1
788.102,3608788992,1
788.154,3609346048,1
788.212,3611525120,1
788.272,3613442048,1
788.332,3615539200,1
788.393,3616047104,1
788.447,3617521664,1
788.507,3620257792,1
788.567,3622371328,1
788.622,3624419328,1
788.677,3624419328,1
788.731,3624419328,1
788.791,3624419328,1
788.849,3625992192,1
788.909,3626090496,1
788.969,3626205184,1
789.029,3626352640,1
789.087,3626352640,1
789.139,3626352640,1
789.197,3626631168,1
789.258,3628941312,1
789.315,3629826048,1
789.372,3631284224,1
789.432,3634429952,1
789.492,3636412416,1
789.547,3637837824,1
789.605,3638755328,1
789.664,3640655872,1
789.724,3643211776,1
789.780,3645423616,1
789.839,3646439424,1
789.899,3648716800,1
789.958,3650551808,1
790.014,3653107712,1
790.071,3653107712,1
790.131,3653107712,1
790.191,3653156864,1
790.247,3653222400,1
790.302,3653222400,1
790.355,3653287936,1
790.415,3653304320,1
790.475,3653304320,1
790.536,3655090176,1
790.589,3656253440,1
790.647,3657859072,1
790.697,3659399168,1
790.755,3661578240,1
790.814,3664019456,1
790.872,3666395136,1
790.932,3669016576,1
790.992,3670097920,1
791.047,3671310336,1
791.107,3673489408,1
791.164,3677487104,1
791.224,3677683712,1
791.280,3678011392,1
791.331,3678339072,1
791.391,3678355456,1
791.447,3679617024,1
791.504,3680944128,1
791.555,3682664448,1
791.605,3683303424,1
791.666,3685236736,1
791.726,3686285312,1
791.786,3688153088,1
791.846,3689988096,1
791.907,3693035520,1
791.957,3696869376,1
792.017,3699179520,1
792.072,3700834304,1
792.128,3700965376,1
792.189,3700965376,1
792.247,3701014528,1
792.304,3701096448,1
792.365,3701112832,1
792.425,3701129216,1
792.480,3701145600,1
792.539,3701161984,1
792.597,3701522432,1
792.655,3704750080,1
792.714,3706847232,1
792.772,3707502592,1
792.826,3708534784,1
792.880,3710124032,1
792.941,3711746048,1
792.998,3716694016,1
793.057,3718774784,1
793.114,3718873088,1
793.172,3719823360,1
793.232,3721641984,1
793.289,3722838016,1
793.347,3723476992,1
793.404,3725574144,1
793.464,3732733952,1
793.521,3735568384,1
793.580,3735961600,1
793.638,3735961600,1
793.691,3735961600,1
793.751,3735994368,1
793.805,3736092672,1
793.865,3736272896,1
793.926,3736666112,1
793.980,3738501120,1
794.038,3740352512,1
794.095,3740352512,1
794.147,3742203904,1
794.207,3745333248,1
794.267,3745677312,1
794.325,3747102720,1
794.385,3748937728,1
794.439,3752214528,1
794.492,3753508864,1
794.550,3755786240,1
794.608,3756802048,1
794.664,3758276608,1
794.722,3760504832,1
794.779,3762356224,1
794.830,3762405376,1
794.891,3762405376,1
794.950,3762536448,1
795.008,3763224576,1
795.068,3763224576,1
795.122,3763306496,1
795.179,3763650560,1
795.239,3763666944,1
795.297,3763765248,1
795.355,3763765248,1
795.414,3764731904,1
795.472,3765665792,1
795.532,3767762944,1
795.592,3769270272,1
795.650,3770056704,1
795.705,3770400768,1
795.764,3771351040,1
795.821,3773300736,1
795.873,3775266816,1
795.930,3777052672,1
795.989,3778117632,1
796.047,3781148672,1
796.105,3781787648,1
796.165,3781951488,1
796.225,3783966720,1
796.280,3784359936,1
796.341,3784359936,1
796.400,3785179136,1
796.455,3787079680,1
796.516,3787915264,1
796.576,3792306176,1
796.630,3792388096,1
796.688,3792388096,1
796.749,3792633856,1
796.808,3792896000,1
796.867,3792994304,1
796.922,3793223680,1
796.982,3798876160,1
797.042,3806674944,1
797.097,3812933632,1
797.157,3821109248,1
797.217,3826302976,1
797.275,3896803328,1
797.333,3900391424,1
797.389,3900391424,1
797.441,3900391424,1
797.497,3900391424,1
797.554,3900489728,1
797.605,3902275584,1
797.662,3918594048,1
797.714,3929473024,1
797.771,3938107392,1
797.830,3941482496,1
797.887,3956604928,1
797.947,3964502016,1
798.003,3973382144,1
798.055,3976626176,1
798.114,3976626176,1
798.165,0,1
798.226,0,0
798.287,1507328,4
798.338,262029312,4
798.398,388743168,4
798.452,485392384,4
798.512,578027520,4
798.563,647184384,4
798.624,724926464,4
798.680,788594688,4
798.740,856113152,4
798.801,922501120,4
798.855,968720384,4
798.916,1025392640,4
798.976,1075970048,4
799.033,1124564992,4
799.089,1172045824,4
799.149,1220395008,4
799.208,1267810304,4
799.267,1309818880,4
799.322,1348796416,4
799.382,1391509504,4
799.442,1431175168,4
799.503,1490780160,4
799.563,1528381440,4
799.620,1577402368,4
799.680,1618280448,4
799.740,1652899840,4
799.800,1690288128,4
799.861,1726562304,4
799.921,1762197504,4
799.981,1796161536,4
800.041,1830289408,4
800.102,1862500352,4
800.162,1894154240,4
800.222,1928970240,4
800.280,1958445056,4
800.337,1986494464,4
800.389,2011660288,4
800.449,2042724352,4
800.509,2074722304,4
800.569,2103017472,4
800.627,2130903040,4
800.688,2158755840,4
800.743,2185854976,4
800.803,2217967616,4
800.863,2245967872,4
800.924,2273427456,4
800.980,2299363328,4
801.041,2325528576,4
801.101,2356117504,4
801.161,2380890112,4
801.221,2415443968,4
801.272,2438135808,4
801.332,2463285248,4
801.386,4182228992,4
801.446,5827002368,4
801.504,7996571648,4
801.555,10084515840,4
801.616,11008196608,4
801.675,11091083264,4
801.730,11173691392,4
801.791,11290345472,4
801.847,11873255424,4
801.907,12041388032,4
801.967,12123963392,4
802.022,12175360000,4
802.082,12465192960,4
802.139,12644827136,4
802.199,12686000128,4
802.258,12733235200,4
802.318,12758908928,4
802.372,12768788480,4
802.432,12788957184,4
802.492,12805390336,4
802.550,12818432000,4
802.608,12903612416,4
802.667,9630547968,4
802.723,9637822464,3
802.783,9646112768,4
802.839,9728212992,4
802.899,9772826624,4
802.955,9802334208,4
803.016,9829793792,4
803.072,9852452864,4
803.132,9876406272,4
803.192,9900376064,4
803.253,9921298432,4
803.305,9941172224,4
803.365,9959882752,4
803.426,9977511936,4
803.486,9997320192,4
803.539,10013868032,4
803.597,10028777472,4
803.657,10043080704,4
803.717,10059251712,4
803.778,10076553216,4
803.830,10092445696,4
803.890,10109304832,4
803.951,10127802368,4
804.011,10143465472,4
804.071,10159849472,4
804.132,10173595648,4
804.192,10188947456,4
804.252,10199351296,4
804.311,10210148352,4
804.371,10226008064,4
804.422,10235641856,4
804.482,10246373376,4
804.539,10255794176,4
804.599,10267230208,4
804.659,10281189376,4
804.719,10295705600,4
804.772,10304339968,4
804.832,10319151104,4
804.892,10398007296,4
804.950,10431397888,4
805.010,7095255040,4
805.071,7105003520,3
805.133,7116439552,4
805.192,7205814272,4
805.252,7252508672,4
805.312,7290404864,4
805.372,7322435584,4
805.433,7428784128,4
805.493,4092919808,4
805.554,4118118400,3
805.616,4144758784,4
805.677,4248469504,4
805.730,4303142912,4
805.790,4352376832,4
805.851,4427022336,4
805.911,4936646656,4
805.964,5372395520,4
806.024,5967593472,4
806.080,6526877696,4
806.141,6705823744,4
806.197,6735904768,4
806.257,6784040960,4
806.317,6881984512,4
806.377,7037632512,4
806.430,7074529280,4
806.491,7116488704,4
806.547,7167787008,4
806.607,7262650368,4
806.663,7305461760,4
806.724,7330840576,4
806.784,7365181440,4
806.844,7402635264,4
806.905,7428423680,4
806.965,7452688384,4
807.025,7476183040,4
807.085,7499104256,4
807.142,7517454336,4
807.197,7534673920,4
807.257,7556988928,4
807.313,7573094400,4
807.374,7587872768,4
807.430,7603437568,4
807.490,7652769792,4
807.551,4405444608,4
807.611,4420206592,3
807.665,4434051072,4
807.725,4527357952,4
807.780,4573151232,4
807.840,4614307840,4
807.901,4652236800,4
807.961,4686102528,4
808.013,4716118016,4
808.074,4748492800,4
808.130,4776869888,4
808.190,5227741184,4
808.251,5670436864,4
808.305,6187089920,4
808.365,6800785408,4
808.426,7032635392,4
808.486,7056719872,4
808.538,7094403072,4
808.599,7254687744,4
808.655,7826472960,4
808.716,8327315456,4
808.776,8883322880,4
808.830,9393717248,4
808.890,9645342720,4
808.947,9697214464,4
809.007,9741664256,4
809.063,9796419584,4
809.124,9951903744,4
809.183,10003660800,4
809.241,10033807360,4
809.300,10061971456,4
809.355,10138648576,4
809.415,10192076800,4
809.476,10215309312,4
809.536,10232905728,4
809.588,10243686400,4
809.642,10253778944,4
809.702,10265559040,4
809.762,10279763968,4
809.823,10290200576,4
809.880,10304634880,4
809.940,10318266368,4
810.001,10333618176,4
810.055,10345365504,4
810.115,10355015680,4
810.172,10367385600,4
810.232,10378428416,4
810.292,10389766144,4
810.347,10399416320,4
810.407,10415030272,4
810.467,10423844864,4
810.522,10434461696,4
810.582,10445406208,4
810.642,10512089088,4
810.697,7222001664,4
810.758,7392624640,3
810.813,7811678208,3
810.874,8323497984,3
810.930,5640683520,3
810.991,6108250112,3
811.048,6168428544,2
811.108,6182502400,2
811.164,6203654144,2
811.222,6292848640,2
811.280,6403538944,2
811.339,6421676032,2
811.396,6441353216,2
811.455,6477561856,2
811.514,6550650880,2
811.570,6576357376,2
811.630,6584025088,2
811.688,6592905216,2
811.747,6603784192,2
811.805,6607962112,2
811.864,6609371136,2
811.924,6611468288,2
811.983,6616416256,2
812.037,6620053504,2
812.088,6623068160,2
812.140,6625755136,2
812.200,6627983360,2
812.258,6631899136,2
812.316,6641074176,2
812.372,6644154368,2
812.427,6646415360,2
812.479,6646677504,2
812.538,6647906304,2
812.595,6651150336,2
812.655,6654443520,2
812.716,6659571712,2
812.772,6663913472,2
812.830,6669156352,2
812.890,6673645568,2
812.951,6676807680,2
813.011,6681444352,2
813.071,6685376512,2
813.122,6687621120,2
813.182,6692880384,2
813.243,6697910272,2
813.297,6701809664,2
813.349,6702317568,2
813.405,6704300032,2
813.465,6706626560,2
813.521,6710149120,2
813.581,6712901632,2
813.642,6714228736,2
813.697,6715211776,2
813.755,6717374464,2
813.814,6719209472,2
813.865,6720880640,2
813.922,6722355200,2
813.972,6723764224,2
814.025,6723829760,2
814.085,6724272128,2
814.139,6724747264,2
814.199,6727434240,2
814.255,6733053952,2
814.312,6733348864,2
814.364,6735167488,2
814.420,6735593472,2
814.471,6736084992,2
814.528,6737494016,2
814.580,6738722816,2
814.641,6739984384,2
814.696,6741180416,2
814.756,6743932928,2
814.814,6745817088,2
814.872,6746406912,2
814.933,6746423296,2
814.993,6746423296,2
815.050,6746783744,2
815.108,6802341888,2
815.164,3475521536,2
815.222,3475521536,2
815.284,3475521536,1
815.344,3475521536,1
815.397,3475521536,1
815.453,3475521536,1
815.505,3475521536,1
815.563,3475521536,1
815.622,3475521536,1
815.682,3475521536,1
815.739,3475636224,1
815.797,3477045248,1
815.857,3478028288,1
815.917,3480371200,1
815.977,3481288704,1
816.038,3482632192,1
816.098,3486351360,1
816.158,3487727616,1
816.216,3488579584,1
816.275,3489497088,1
816.331,3489513472,1
816.391,3489513472,1
816.447,3489513472,1
816.505,3489513472,1
816.562,3489513472,1
816.620,3489513472,1
816.672,3489529856,1
816.730,3489529856,1
816.790,3489529856,1
816.847,3489529856,1
816.907,3490594816,1
816.964,3492544512,1
817.024,3494871040,1
817.084,3496263680,1
817.144,3496263680,1
817.196,3496263680,1
817.255,3496263680,1
817.306,3496263680,1
817.366,3496280064,1
817.422,3496280064,1
817.480,3496280064,1
817.538,3496280064,1
817.597,3496280064,1
817.655,3496312832,1
817.710,3496329216,1
817.770,3496329216,1
817.822,3496329216,1
817.880,3496329216,1
817.938,3496329216,1
817.997,3496329216,1
818.057,3496329216,1
818.113,3496329216,1
818.172,3496329216,1
818.228,3496329216,1
818.287,3496329216,1
818.344,3496329216,1
818.397,3496329216,1
818.455,3496329216,1
818.515,3496329216,1
818.571,3496329216,1
818.622,3496329216,1
818.680,3496329216,1
818.737,3496329216,1
818.788,3496329216,1
818.845,3496329216,1
818.905,3496329216,1
818.962,3496329216,1
819.020,3496329216,1
819.078,3496329216,1
819.132,3496329216,1
819.192,3496329216,1
819.250,3496329216,1
819.305,3496329216,1
819.365,3496329216,1
819.425,3496329216,1
819.486,3496329216,1
819.545,3496329216,1
819.597,3496329216,1
819.654,3496329216,1
819.705,3496329216,1
819.765,3496329216,1
819.825,3496329216,1
819.880,3496329216,1
819.938,3496329216,1
819.995,3496329216,1
820.056,3496329216,1
820.113,3496329216,1
820.170,3496329216,1
820.222,3496329216,1
820.280,3496329216,1
820.330,3496329216,1
820.388,3496329216,1
820.449,3496329216,1
820.505,3496329216,1
820.563,3496329216,1
820.624,3496329216,1
820.680,3496329216,1
820.740,3496329216,1
820.797,3496329216,1
820.855,3496329216,1
820.913,3496329216,1
820.963,3496329216,1
821.022,3498147840,1
821.080,3498164224,1
821.138,3498164224,1
821.197,3498164224,1
821.254,3498164224,1
821.315,3498164224,1
821.375,3498164224,1
821.430,3498164224,1
821.488,3498164224,1
821.547,3498164224,1
821.605,3498164224,1
821.665,3498164224,1
821.722,3498164224,1
821.780,3498164224,1
821.839,3498180608,1
821.897,3498180608,1
821.955,3498180608,1
822.012,3498180608,1
822.064,3498180608,1
822.122,3498524672,1
822.180,3498541056,1
822.238,3498557440,1
822.290,3498557440,1
822.347,3498557440,1
822.405,3498557440,1
822.455,3498557440,1
822.515,3498557440,1
822.572,3498557440,1
822.628,3498557440,1
822.680,3498557440,1
822.740,3498557440,1
822.795,3498557440,1
822.847,3498557440,1
822.907,3498557440,1
822.958,3498557440,1
823.013,3498557440,1
823.074,3498557440,1
823.130,3498557440,1
823.187,3498557440,1
823.238,3498557440,1
823.297,3498557440,1
823.355,3498557440,1
823.415,3501981696,1
823.475,3501998080,1
823.530,3501998080,1
823.581,3501998080,1
823.642,3501998080,1
823.696,3501998080,1
823.755,3501998080,1
823.813,3501998080,1
823.864,3501998080,1
823.922,3501998080,1
823.980,3501998080,1
824.038,3501998080,1
824.099,3501998080,1
824.159,3501998080,1
824.213,3501998080,1
824.270,3502014464,1
824.322,3502014464,1
824.380,3502014464,1
824.438,3502014464,1
824.497,3502014464,1
824.557,3502014464,1
824.617,3502014464,1
824.672,3502014464,1
824.730,3502014464,1
824.790,3502030848,1
824.847,3502030848,1
824.905,3502030848,1
824.962,3502030848,1
825.013,3502030848,1
825.070,3502030848,1
825.131,3502030848,1
825.191,3502030848,1
825.247,3502030848,1
825.302,3502030848,1
825.355,3502030848,1
825.407,3502030848,1
825.463,3502030848,1
825.522,3502030848,1
825.582,3502030848,1
825.638,3502030848,1
825.697,3502030848,1
825.758,3502030848,1
825.813,3502030848,1
825.872,3502030848,1
825.928,3502030848,1
825.980,3502030848,1
826.038,3502030848,1
826.095,3502030848,1
826.147,3503144960,1
826.207,3503161344,1
826.263,3503161344,1
826.324,3503161344,1
826.383,3503161344,1
826.443,3503161344,1
826.497,3503161344,1
826.555,3503161344,1
826.613,3503161344,1
826.673,3503161344,1
826.728,3503161344,1
826.780,3503161344,1
826.838,3503161344,1
826.892,3503161344,1
826.950,3503161344,1
827.008,3503161344,1
827.066,3503161344,1
827.122,3503161344,1
827.182,3503161344,1
827.242,3503161344,1
827.302,3503161344,1
827.363,3503161344,1
827.413,3503161344,1
827.473,3503161344,1
827.530,3503177728,1
827.588,3503177728,1
827.647,3503177728,1
827.707,3503177728,1
827.763,3503177728,1
827.824,3503177728,1
827.880,3503177728,1
827.940,3503177728,1
827.997,3503177728,1
828.050,3503177728,1
828.105,3503177728,1
828.163,3503177728,1
828.224,3503177728,1
828.284,3503177728,1
828.339,3503177728,1
828.399,3503177728,1
828.458,3503177728,1
828.513,3503194112,1
828.572,3503194112,1
828.630,3503194112,1
828.688,3503194112,1
828.747,3503194112,1
828.803,3503194112,1
828.862,3503243264,1
828.913,3503423488,1
828.974,3508846592,1
829.030,3509059584,1
829.090,3509862400,1
829.147,3510173696,1
829.207,3510190080,1
829.266,3510239232,1
829.327,3510255616,1
829.387,3510255616,1
829.447,3510272000,1
829.498,3510337536,1
829.555,3510337536,1
829.615,3510337536,1
829.672,3510337536,1
829.730,3510337536,1
829.790,3510353920,1
829.850,3510730752,1
829.905,3510779904,1
829.965,3511091200,1
830.022,3511255040,1
830.074,3511517184,1
830.130,3517841408,1
830.188,3522101248,1
830.240,3593650176,1
830.297,3593781248,1
830.357,3594534912,1
830.417,3615440896,1
830.475,3635249152,1
830.533,3644637184,1
830.593,0,1
830.648,0,0
830.711,1425408,4
830.772,283197440,4
830.832,402915328,4
830.888,492486656,4
830.949,586285056,4
831.005,663961600,4
831.065,737148928,4
831.122,806354944,4
831.182,879394816,4
831.242,944488448,4
831.297,991920128,4
831.357,1047019520,4
831.413,1095286784,4
831.474,1146355712,4
831.530,1195999232,4
831.588,1239252992,4
831.647,1289928704,4
831.707,1333886976,4
831.767,1377910784,4
831.828,1420001280,4
831.888,1460420608,4
831.948,1514766336,4
832.008,1567490048,4
832.069,1607876608,4
832.129,1646510080,4
832.189,1683292160,4
832.247,1720369152,4
832.307,1757413376,4
832.367,1792901120,4
832.422,1822736384,4
832.482,1857585152,4
832.542,1889255424,4
832.602,1925611520,4
832.663,1956397056,4
832.722,1986068480,4
832.782,2016985088,4
832.838,2046328832,4
832.899,2078834688,4
832.959,2108325888,4
833.019,2139586560,4
833.071,2164391936,4
833.131,2195537920,4
833.188,2224914432,4
833.240,2250113024,4
833.300,2277785600,4
833.360,2304983040,4
833.420,2332360704,4
833.472,2359132160,4
833.532,2386968576,4
833.592,2420195328,4
833.647,2445131776,4
833.707,2865496064,4
833.763,4544823296,4
833.824,6276104192,4
833.884,8379236352,4
833.944,10248945664,4
834.004,10975494144,4
834.065,11146723328,4
834.125,11244453888,4
834.185,11472486400,4
834.246,11930320896,4
834.305,12093292544,4
834.365,12180340736,4
834.426,12299026432,4
834.483,12535742464,4
834.544,12689096704,4
834.604,12728877056,4
834.655,12752273408,4
834.715,12767019008,4
834.771,12777406464,4
834.831,12794970112,4
834.888,12805423104,4
834.949,12819546112,4
835.009,12826804224,4
835.069,12829147136,4
835.129,12837945344,4
835.188,12845858816,4
835.249,12846120960,4
835.305,12854362112,4
835.365,12858195968,4
835.422,12861800448,4
835.482,12867289088,4
835.542,12878462976,4
835.602,12881625088,4
835.662,12884918272,4
835.722,12887506944,4
835.782,12893339648,4
835.838,12897927168,4
835.891,12899254272,4
835.947,12902350848,4
836.007,12906610688,4
836.063,12909953024,4
836.124,12914229248,4
836.184,12921896960,4
836.244,12928286720,4
836.302,12931366912,4
836.362,12933480448,4
836.422,12935839744,4
836.480,12939870208,4
836.540,12944146432,4
836.601,12946833408,4
836.661,12953157632,4
836.713,12961284096,4
836.774,12963086336,4
836.834,13020938240,4
836.894,9711353856,4
836.954,9717088256,3
837.013,9721462784,3
837.074,9724461056,3
837.130,9725247488,3
837.188,9725329408,3
837.249,9725329408,3
837.305,9726115840,3
837.365,9728147456,3
837.426,9731883008,3
837.480,9732472832,3
837.540,9733341184,3
837.600,9733488640,3
837.661,9733898240,3
837.721,9734537216,3
837.772,9734995968,3
837.832,9736945664,3
837.888,9737961472,3
837.949,9739927552,3
838.010,9740681216,3
838.070,9741123584,3
838.130,9742123008,3
838.190,9743826944,3
838.249,9745072128,3
838.305,9745350656,3
838.365,9746497536,3
838.422,9747038208,3
838.482,9747398656,3
838.538,9748545536,3
838.599,9751789568,3
838.655,9752887296,3
838.715,9753804800,3
838.772,9753821184,3
838.832,9753985024,3
838.888,9753985024,3
838.948,9754198016,3
839.009,9754230784,3
839.063,9754230784,3
839.123,9754247168,3
839.184,9754296320,3
839.244,9754525696,3
839.297,9755721728,3
839.357,9757589504,3
839.413,9760849920,3
839.474,9765289984,3
839.534,9769582592,3
839.588,9774252032,3
839.649,9780051968,3
839.709,9782575104,3
839.763,9785065472,3
839.824,9789767680,3
839.880,9792520192,3
839.940,9793306624,3
839.997,9796698112,3
840.057,9797074944,3
840.113,9797386240,3
840.174,9801269248,3
840.230,9801908224,3
840.290,9802334208,3
840.350,9802809344,3
840.405,9803055104,3
840.465,9805037568,3
840.525,9807052800,3
840.580,9807773696,3
840.640,9808297984,3
840.696,9808723968,3
840.755,9809444864,3
840.815,9811230720,3
840.876,9812180992,3
840.930,9815326720,3
840.990,9817505792,3
841.047,9817833472,3
841.107,9819291648,3
841.163,9822830592,3
841.223,9824468992,3
841.284,9826566144,3
841.344,9827581952,3
841.404,9842737152,3
841.455,9846833152,3
841.515,9847865344,3
841.572,9849356288,3
841.632,9849405440,3
841.688,9849585664,3
841.749,9849651200,3
841.808,9849651200,3
841.868,9850863616,3
841.922,9852747776,3
841.978,9852764160,3
842.038,9852764160,3
842.099,9852944384,3
842.159,9853779968,3
842.213,9855926272,3
842.270,9864396800,3
842.322,9864904704,3
842.382,9864986624,3
842.438,9865019392,3
842.499,9865297920,3
842.555,9865428992,3
842.615,9865461760,3
842.675,9865510912,3
842.730,9866002432,3
842.790,9866182656,3
842.850,9866215424,3
842.911,9866313728,3
842.963,9866313728,3
843.024,9866854400,3
843.083,9897754624,3
843.138,9958424576,3
843.199,6657343488,3
843.260,6674612224,2
843.320,3237429248,2
843.372,3237429248,1
843.434,3238051840,2
843.488,3313319936,2
843.547,3350052864,2
843.606,3377676288,2
843.666,3400744960,2
843.722,3419865088,2
843.780,3438231552,2
843.840,3455926272,2
843.900,3472916480,2
843.958,3485908992,2
844.013,3498852352,2
844.072,3511549952,2
844.131,3524460544,2
844.191,3538829312,2
844.251,3550871552,2
844.305,3560816640,2
844.365,3571679232,2
844.425,3582754816,2
844.485,3592994816,2
844.538,3602513920,2
844.599,3616980992,2
844.658,3629580288,2
844.718,3639967744,2
844.778,3649142784,2
844.836,3657809920,2
844.888,3666083840,2
844.945,3674980352,2
845.005,3683811328,2
845.065,3692281856,2
845.126,3701063680,2
845.186,3709157376,2
845.238,3717300224,2
845.297,3725164544,2
845.355,3732668416,2
845.414,3740123136,2
845.472,3747708928,2
845.532,3756081152,2
845.592,3763568640,2
845.649,3770712064,2
845.703,3777462272,2
845.762,3784900608,2
845.822,3793158144,2
845.882,3800858624,2
845.933,3807576064,2
845.988,3814965248,2
846.048,3823779840,2
846.108,3833495552,2
846.166,3843129344,2
846.222,3854680064,2
846.280,3869491200,2
846.340,3876945920,2
846.397,4264558592,2
846.457,4663574528,2
846.517,5207064576,2
846.572,5753700352,2
846.628,5994512384,2
846.688,6044467200,2
846.748,6067421184,2
846.805,6149013504,2
846.859,2958966784,2
846.911,3017015296,2
846.973,3038789632,1
847.033,3055779840,3
847.088,3260563456,3
847.149,3381280768,3
847.208,3443867648,3
847.266,3496689664,3
847.326,3540746240,3
847.380,3575906304,3
847.440,3612131328,3
847.497,3644604416,3
847.557,3677880320,3
847.614,3706535936,3
847.674,3736862720,3
847.730,3768483840,3
847.790,3797483520,3
847.847,3824730112,3
847.907,3852386304,3
847.963,3876323328,3
848.023,3898540032,3
848.080,3920445440,3
848.140,3941367808,3
848.197,3961995264,3
848.257,3991306240,3
848.313,4019109888,3
848.373,4040458240,3
848.430,4058349568,3
848.490,4079828992,3
848.547,4099096576,3
848.607,4118003712,3
848.663,4135174144,3
848.723,4157341696,3
848.780,4174839808,3
848.840,4192960512,3
848.897,4210196480,3
848.957,4225925120,3
849.013,4240179200,3
849.073,4255793152,3
849.134,4271947776,3
849.194,4287971328,3
849.254,4374839296,3
849.313,1067106304,3
849.368,1079459840,2
849.429,1095516160,3
849.480,1180123136,3
849.540,1232175104,3
849.600,1273741312,3
849.655,1308688384,3
849.715,1343356928,3
849.775,1377746944,3
849.836,1407926272,3
849.896,1442414592,3
849.956,1469906944,3
850.016,1496416256,3
850.072,2451472384,3
850.132,3441475584,3
850.191,4698996736,3
850.251,5751455744,3
850.305,5880905728,3
850.365,5918785536,3
850.425,5973000192,3
850.486,6202867712,3
850.538,6388252672,3
850.598,6442500096,3
850.655,6485999616,3
850.715,6601441280,3
850.776,6742917120,3
850.836,6777749504,3
850.888,6802063360,3
850.948,6818152448,3
851.009,6836371456,3
851.067,6847561728,3
851.128,6858653696,3
851.188,6867320832,3
851.248,6881017856,3
851.305,6892535808,3
851.365,6902693888,3
851.421,6914015232,3
851.482,6925074432,3
851.544,6933823488,3
851.604,6952583168,3
851.664,6964756480,3
851.721,6988005376,3
851.782,7000113152,3
851.842,7013122048,3
851.896,7023689728,3
851.957,7034945536,3
852.013,7042138112,3
852.073,7053901824,3
852.130,7061422080,3
852.188,7069057024,3
852.248,7075954688,3
852.302,7084343296,3
852.362,7094484992,3
852.422,7103217664,3
852.483,7363723264,3
852.541,7721172992,3
852.597,8163459072,3
852.657,8680931328,3
852.713,9142124544,3
852.770,9290579968,3
852.822,9296592896,3
852.882,9322151936,3
852.942,9374056448,3
853.002,9512484864,3
853.055,9538486272,3
853.115,9562013696,3
853.175,9588293632,3
853.230,9658040320,3
853.283,9698492416,3
853.338,9711583232,3
853.398,9724248064,3
853.455,9729359872,3
853.515,9733095424,3
853.571,9735913472,3
853.632,9742942208,3
853.683,9749069824,3
853.741,9751609344,3
853.797,9754296320,3
853.857,9760669696,3
853.913,9764880384,3
853.974,9767682048,3
854.028,9768779776,3
854.080,9771253760,3
854.140,9774579712,3
854.197,9775628288,3
854.257,9780576256,3
854.313,9783050240,3
854.373,9786982400,3
854.430,9789652992,3
854.490,9792536576,3
854.547,9794338816,3
854.607,9796042752,3
854.663,9799827456,3
854.723,9802842112,3
854.784,9808527360,3
854.838,9810984960,3
854.898,9811787776,3
854.955,9814196224,3
855.015,9814654976,3
855.075,9815949312,3
855.130,9818423296,3
855.190,9844703232,3
855.250,6573850624,3
855.312,6574030848,2
855.373,6574669824,3
855.430,6658392064,3
855.490,6699991040,3
855.550,6728581120,3
855.608,6750519296,3
855.668,6771965952,3
855.729,6791790592,3
855.789,6810648576,3
855.849,6829490176,3
855.902,6841827328,3
855.955,6856818688,3
856.015,6871023616,3
856.071,6885720064,3
856.132,6899793920,3
856.192,6912753664,3
856.252,6924369920,3
856.305,6934560768,3
856.365,6946390016,3
856.426,6958481408,3
856.480,6990135296,3
856.540,7072219136,3
856.596,3692838912,3
856.658,3703308288,2
856.715,3724378112,3
856.774,3811409920,3
856.830,3854172160,3
856.890,3894984704,3
856.946,3925245952,3
857.007,3954442240,3
857.063,3980296192,3
857.123,4005953536,3
857.182,4031119360,3
857.238,4051238912,3
857.298,4072898560,3
857.358,4092854272,3
857.418,4113825792,3
857.478,4134895616,3
857.530,4152262656,3
857.590,4170776576,3
857.646,4188717056,3
857.707,4206706688,3
857.763,4223418368,3
857.823,4242194432,3
857.884,4263657472,3
857.944,4283777024,3
858.004,4301422592,3
858.063,4377542656,3
858.123,1011630080,3
858.180,1026211840,3
858.241,1044414464,2
858.300,1060044800,4
858.360,1227718656,4
858.413,1775370240,4
858.473,2353397760,4
858.530,3031433216,4
858.590,3576201216,4
858.646,3669032960,4
858.707,3729883136,4
858.763,3789881344,4
858.823,3959341056,4
858.884,4064559104,4
858.944,4121509888,4
858.996,4165107712,4
859.050,4255334400,4
859.105,4340121600,4
859.165,4386226176,4
859.221,4422516736,4
859.282,4456415232,4
859.338,4489592832,4
859.398,4528930816,4
859.455,4560764928,4
859.515,4596482048,4
859.571,4624171008,4
859.632,4651876352,4
859.691,5026725888,4
859.751,5437718528,4
859.805,5942673408,4
859.865,6579666944,4
859.925,6863421440,4
859.980,6929825792,4
860.040,6966280192,4
860.100,7015383040,4
860.155,7165837312,4
860.215,7232012288,4
860.271,7267860480,4
860.332,7299497984,4
860.392,7391592448,4
860.452,7445299200,4
860.505,7467630592,4
860.565,7491616768,4
860.617,7506214912,4
860.677,7521878016,4
860.737,7541669888,4
860.797,7559823360,4
860.855,7581745152,4
860.915,7595851776,4
860.971,7609729024,4
861.032,7624474624,4
861.088,7640662016,4
861.148,7655014400,4
861.205,7672315904,4
861.265,8190984192,4
861.325,8926724096,4
861.385,9956524032,4
861.446,11204444160,4
861.505,11915509760,4
861.565,12017532928,4
861.625,12055068672,4
861.686,12108529664,4
861.738,12353437696,4
861.798,12499222528,4
861.855,12539199488,4
861.915,12571590656,4
861.975,12771737600,4
862.030,9566142464,4
862.091,9591717888,3
862.148,9605824512,4
862.209,9691693056,4
862.263,9730736128,4
862.323,9765306368,4
862.383,9795584000,4
862.443,9823420416,4
862.503,9848848384,4
862.555,9864708096,4
862.615,9890611200,4
862.671,9906388992,4
862.731,9923952640,4
862.791,9943105536,4
862.846,9959636992,4
862.907,9975283712,4
862.966,9987571712,4
863.026,10002071552,4
863.086,10093543424,4
863.147,6806880256,4
863.198,6816022528,3
863.259,6827524096,4
863.320,6924107776,4
863.380,6974291968,4
863.440,7038664704,4
863.500,3809918976,4
863.562,3838525440,3
863.615,3864641536,4
863.671,3968991232,4
863.732,4032643072,4
863.788,4081434624,4
863.848,4126687232,4
863.905,4165304320,4
863.965,4207853568,4
864.025,4246732800,4
864.080,4279336960,4
864.140,4312891392,4
864.200,4345020416,4
864.261,4377231360,4
864.321,4411899904,4
864.371,4442357760,4
864.432,4477632512,4
864.488,4505681920,4
864.548,4536745984,4
864.605,4563435520,4
864.665,4593057792,4
864.725,4623925248,4
864.780,4650319872,4
864.833,4672192512,4
864.893,4699783168,4
864.953,4796481536,4
865.014,1505411072,4
865.073,1528463360,3
865.134,1552990208,4
865.195,2127396864,4
865.255,2690662400,4
865.315,3395665920,4
865.375,3900211200,4
865.436,3983785984,4
865.488,4029956096,4
865.548,4082302976,4
865.605,4225892352,4
865.665,4340645888,4
865.725,4392206336,4
865.780,4431921152,4
865.840,4527308800,4
865.900,4605427712,4
865.961,4642979840,4
866.021,4680122368,4
866.071,4705861632,4
866.132,4732796928,4
866.188,4897259520,4
866.240,5302550528,4
866.300,5808996352,4
866.361,6417186816,4
866.421,6941130752,4
866.481,7022903296,4
866.541,7172341760,4
866.596,7600734208,4
866.653,8104542208,4
866.713,8754987008,4
866.773,9315500032,4
866.833,9522200576,4
866.893,9575497728,4
866.953,9676161024,4
867.013,9761423360,4
867.073,9909190656,4
867.134,9957883904,4
867.194,9987440640,4
867.254,10030678016,4
867.305,10101817344,4
867.365,10149117952,4
867.425,10169122816,4
867.484,10184605696,4
867.545,10198384640,4
867.605,10212622336,4
867.656,10222354432,4
867.715,10234298368,4
867.776,10245881856,4
867.836,10259234816,4
867.888,10271490048,4
867.948,10280419328,4
868.005,10293837824,4
868.065,7094452224,4
868.121,7106936832,4
868.183,7443054592,3
868.238,7784988672,3
868.298,8321204224,3
868.355,8908062720,3
868.415,9243656192,3
868.475,9295724544,3
868.530,9314959360,3
868.590,9339731968,3
868.650,9470967808,3
868.711,9538273280,3
868.763,9558818816,3
868.823,9578397696,3
868.884,9643474944,3
868.941,9750953984,3
868.999,6438912000,3
869.059,6447267840,2
869.118,6456918016,3
869.171,6540263424,3
869.232,6584369152,3
869.288,6611714048,3
869.348,6637060096,3
869.401,6658932736,3
869.462,6681116672,3
869.513,6699663360,3
869.573,6718390272,3
869.630,6733725696,3
869.683,6748028928,3
869.744,6763823104,3
869.802,6781583360,3
869.862,6797066240,3
869.922,6812434432,3
869.980,6828130304,3
870.040,6840991744,3
870.099,6852149248,3
870.159,6862422016,3
870.219,6874988544,3
870.271,6890815488,3
870.332,6905085952,3
870.391,6916620288,3
870.446,6929268736,3
870.507,6938345472,3
870.563,6947291136,3
870.623,6956761088,3
870.680,6965297152,3
870.740,6975602688,3
870.799,6984744960,3
870.858,6994853888,3
870.913,7005634560,3
870.973,7018446848,3
871.030,7031160832,3
871.090,7038664704,3
871.146,7045775360,3
871.207,7053885440,3
871.263,7062667264,3
871.323,7070547968,3
871.384,7089946624,3
871.444,7174389760,3
871.496,7189921792,3
871.557,3812950016,3
871.614,3820060672,2
871.666,3826008064,2
871.726,3832905728,2
871.780,3839262720,2
871.839,3846635520,2
871.896,3854843904,2
871.948,3860594688,2
872.005,3867099136,2
872.063,3958603776,2
872.120,4411031552,2
872.180,4901535744,2
872.240,5493096448,2
872.299,5982420992,2
872.360,6042714112,2
872.413,6056230912,2
872.470,6077104128,2
872.522,6144425984,2
872.578,6267256832,2
872.636,6288228352,2
872.696,6308626432,2
872.757,6348013568,2
872.813,6416171008,2
872.873,6440599552,2
872.934,6448758784,2
872.988,6454263808,2
873.048,6457917440,2
873.105,6469353472,2
873.162,6475923456,2
873.214,6478479360,2
873.271,6481215488,2
873.328,6482755584,2
873.388,6485049344,2
873.449,6486261760,2
873.509,6489145344,2
873.569,6489538560,2
873.621,6492012544,2
873.682,6492045312,2
873.738,6492356608,2
873.798,6492504064,2
873.855,6492520448,2
873.913,6493405184,2
873.970,6494027776,2
874.030,6495305728,2
874.088,6495715328,2
874.149,6496337920,2
874.205,6497861632,2
874.265,6499467264,2
874.325,6502023168,2
874.380,6506299392,2
874.440,6506938368,2
874.497,6512181248,2
874.557,6517751808,2
874.617,6522404864,2
874.673,6525009920,2
874.730,6527401984,2
874.788,6529957888,2
874.848,6532022272,2
874.903,6534201344,2
874.955,6537019392,2
875.015,6538706944,2
875.070,6539870208,2
875.121,6543409152,2
875.179,6545637376,2
875.233,6547521536,2
875.292,6547783680,2
875.353,6549815296,2
875.413,6551601152,2
875.471,6552649728,2
875.530,6554009600,2
875.582,6554992640,2
875.642,6557401088,2
875.702,6560464896,2
875.763,6566133760,2
875.823,6568017920,2
875.883,6568476672,2
875.941,6569410560,2
876.002,6571687936,2
876.055,6572277760,2
876.113,6572670976,2
876.173,6572670976,2
876.230,6574473216,2
876.281,6576046080,2
876.338,6578110464,2
876.398,6578683904,2
876.455,6579175424,2
876.515,6580191232,2
876.567,6580961280,2
876.621,6581813248,2
876.676,6582779904,2
876.730,6585155584,2
876.790,6590431232,2
876.847,6591807488,2
876.905,6595297280,2
876.960,6595379200,2
877.020,6595428352,2
877.071,6595526656,2
877.132,6598262784,2
877.188,6599999488,2
877.242,6601113600,2
877.299,6601687040,2
877.358,6602997760,2
877.413,6610681856,2
877.471,6611845120,2
877.528,6611943424,2
877.588,6612910080,2
877.649,6616236032,2
877.709,6616416256,2
877.769,6616498176,2
877.821,6617481216,2
877.880,6684262400,2
877.936,3297181696,2
877.996,3297181696,2
878.056,3297181696,1
878.116,3298197504,3
878.171,3444326400,3
878.230,3507372032,3
878.288,3556851712,3
878.346,3602219008,3
878.407,3641655296,3
878.463,3674275840,3
878.523,3726065664,3
878.584,3834216448,3
878.637,475987968,3
878.699,503300096,2
878.758,529350656,2
878.818,555728896,2
878.878,581943296,2
878.938,608288768,2
878.997,632881152,2
879.057,654016512,2
879.113,675037184,2
879.171,696713216,2
879.230,716324864,2
879.288,746078208,2
879.345,763985920,2
879.403,789282816,2
879.455,808042496,2
879.513,824885248,2
879.570,843251712,2
879.621,859439104,2
879.682,878329856,2
879.741,895483904,2
879.799,911441920,2
879.858,928268288,2
879.913,943079424,2
879.965,959315968,2
880.026,975519744,2
880.086,990806016,2
880.146,1006305280,2
880.198,1019805696,2
880.255,1035567104,2
880.313,1050165248,2
880.371,1064402944,2
880.429,1078476800,2
880.481,1091649536,2
880.541,1107804160,2
880.599,1121271808,2
880.658,1135083520,2
880.712,1147289600,2
880.771,1160429568,2
880.830,1175764992,2
880.887,1188511744,2
880.945,1204862976,2
881.005,1218756608,2
881.063,1231896576,2
881.121,2108424192,2
881.181,2998091776,2
881.242,4188438528,2
881.299,5351817216,2
881.358,5578162176,2
881.414,5597691904,2
881.470,5642027008,2
881.521,5749374976,2
881.582,6024364032,2
881.640,6067798016,2
881.699,6107103232,2
881.760,6180470784,2
881.820,6325010432,2
881.871,6369820672,2
881.930,6378684416,2
881.990,6397394944,2
882.049,6413615104,2
882.108,6421987328,2
882.166,6426853376,2
882.224,6434947072,2
882.280,6436978688,2
882.338,6441041920,2
882.395,6443958272,2
882.455,6451249152,2
882.513,6457212928,2
882.563,6467813376,2
882.621,6471204864,2
882.682,6474629120,2
882.738,6478905344,2
882.798,6553829376,2
882.859,3246702592,2
882.913,3247767552,1
882.976,3250651136,4
883.036,3479257088,4
883.096,3576692736,4
883.157,3656794112,4
883.217,3725033472,4
883.276,3785981952,4
883.337,3840868352,4
883.397,3894738944,4
883.457,3946659840,4
883.518,3988291584,4
883.571,4029497344,4
883.632,4069113856,4
883.685,4103438336,4
883.745,4145676288,4
883.805,4185260032,4
883.863,4222353408,4
883.923,4256563200,4
883.984,4289921024,4
884.041,4321820672,4
884.099,4353474560,4
884.158,4398530560,4
884.216,4427759616,4
884.271,4464918528,4
884.332,4496523264,4
884.392,4522377216,4
884.452,4551245824,4
884.512,4581146624,4
884.571,4609130496,4
884.632,4636196864,4
884.692,4662542336,4
884.752,4688068608,4
884.803,4708843520,4
884.863,4737679360,4
884.921,4768907264,4
884.980,4791582720,4
885.034,4811587584,4
885.094,4835409920,4
885.154,4860952576,4
885.214,4882268160,4
885.274,4904583168,4
885.335,4925489152,4
885.395,4947542016,4
885.446,4968513536,4
885.507,4989681664,4
885.559,5007753216,4
885.620,5028184064,4
885.680,5047500800,4
885.740,5070684160,4
885.800,5089738752,4
885.861,5115494400,4
885.913,5132959744,4
885.973,5152407552,4
886.030,6293127168,4
886.090,7430012928,4
886.150,8989556736,4
886.211,7303544832,4
886.271,8226242560,4
886.332,8378908672,3
886.390,8432615424,4
886.450,8592801792,4
886.510,9068527616,4
886.571,9236381696,4
886.630,9321611264,4
886.690,9384984576,4
886.750,9647243264,4
886.810,9774268416,4
886.863,9815310336,4
886.923,9855696896,4
886.984,9880125440,4
887.044,9905864704,4
887.104,9933094912,4
887.164,9952296960,4
887.221,9968369664,4
887.282,9986539520,4
887.338,9998548992,4
887.398,10014408704,4
887.458,10029318144,4
887.513,10041638912,4
887.573,10060972032,4
887.633,10076520448,4
887.691,10087743488,4
887.746,10101915648,4
887.806,10113531904,4
887.865,10124902400,4
887.925,10135142400,4
887.986,10145382400,4
888.037,10154541056,4
888.098,10164486144,4
888.155,10174234624,4
888.215,10183737344,4
888.273,10193321984,4
888.334,10202873856,4
888.388,10213228544,4
888.448,10226253824,4
888.505,10236182528,4
888.565,10246488064,4
888.621,10255663104,4
888.682,10265165824,4
888.738,10284744704,4
888.798,10304438272,4
888.855,10317627392,4
888.915,10326228992,4
888.977,10334666752,4
889.028,10389995520,4
889.080,7104479232,4
889.141,7111245824,3
889.198,7122124800,4
889.255,7212236800,4
889.307,7257489408,4
889.367,7295221760,4
889.427,7382810624,4
889.488,4444815360,4
889.549,4862410752,3
889.606,5400428544,4
889.667,6120341504,4
889.724,6425821184,4
889.780,6514524160,4
889.840,6572523520,4
889.900,6637436928,4
889.955,6804226048,4
890.015,6883426304,4
890.071,6930497536,4
890.131,6977961984,4
890.188,7074004992,4
890.248,7134117888,4
890.305,7166279680,4
890.365,7203241984,4
890.421,7228293120,4
890.481,7261798400,4
890.542,7285604352,4
890.598,7307640832,4
890.655,7326662656,4
890.708,7348928512,4
890.763,7369375744,4
890.823,7387660288,4
890.884,7407812608,4
890.938,7422935040,4
890.996,7441432576,4
891.056,7457718272,4
891.116,7474036736,4
891.176,7490060288,4
891.230,7505313792,4
891.290,7521648640,4
891.349,7537786880,4
891.407,7552532480,4
891.468,7566966784,4
891.528,7582269440,4
891.586,7597555712,4
891.638,7610384384,4
891.698,7625424896,4
891.757,7638876160,4
891.818,7652687872,4
891.878,7668006912,4
891.936,7681196032,4
891.996,7699447808,4
892.055,7715569664,4
892.115,7729446912,4
892.173,8136343552,4
892.230,8507293696,4
892.282,8946761728,4
892.343,9573777408,4
892.396,6660800512,4
892.458,6718160896,3
892.520,6781337600,4
892.580,7351451648,4
892.640,7982415872,4
892.701,8682668032,4
892.755,9206693888,4
892.815,9351348224,4
892.875,9433497600,4
892.930,9523560448,4
892.990,9634988032,4
893.050,9784246272,4
893.105,9823436800,4
893.161,9855303680,4
893.213,9888153600,4
893.273,9977364480,4
893.333,10019864576,4
893.388,10038902784,4
893.446,10065805312,4
893.507,10081828864,4
893.563,10093494272,4
893.623,10106929152,4
893.680,10122379264,4
893.740,10138042368,4
893.800,10156457984,4
893.855,10167173120,4
893.913,10181050368,4
893.973,10199793664,4
894.030,10212179968,4
894.090,10226548736,4
894.146,10238459904,4
894.206,10249469952,4
894.267,10260054016,4
894.321,10270932992,4
894.381,10284400640,4
894.438,10295181312,4
894.498,10306502656,4
894.555,10316988416,4
894.615,10335092736,4
894.674,10350149632,4
894.734,10358915072,4
894.791,10368253952,4
894.849,10379149312,4
894.909,10387357696,4
894.969,10396024832,4
895.021,10403020800,4
895.081,10415013888,4
895.138,10440769536,4
895.198,7221673984,4
895.251,7227211776,4
895.306,7233830912,3
895.368,7241859072,4
895.428,7328202752,4
895.489,7367950336,4
895.549,7401947136,4
895.605,7428521984,4
895.665,7898431488,4
895.719,8294612992,4
895.779,8876736512,4
895.840,9479176192,4
895.899,9700294656,4
895.959,9718005760,4
896.020,9753870336,4
896.074,9799729152,4
896.132,9957064704,4
896.193,10003251200,4
896.253,10038362112,4
896.305,10062266368,4
896.365,10143678464,4
896.425,10196598784,4
896.480,10220306432,4
896.540,10318266368,4
896.596,10342481920,4
896.655,6891814912,4
896.716,6907183104,3
896.776,6918799360,4
896.836,7008960512,4
896.888,7048708096,4
896.942,7082278912,4
896.996,7170965504,4
897.056,3858448384,4
897.118,3886596096,3
897.173,3912417280,4
897.233,4020551680,4
897.293,4082450432,4
897.354,4134420480,4
897.413,4178542592,4
897.473,4218208256,4
897.533,4326080512,4
897.594,1056129024,4
897.655,1094172672,3
897.714,1128759296,4
897.775,1241546752,4
897.835,1309622272,4
897.888,1363820544,4
897.948,1416052736,4
898.004,1465663488,4
898.065,1513439232,4
898.125,1558708224,4
898.179,1599586304,4
898.240,1642299392,4
898.300,1687568384,4
898.354,1727430656,4
898.415,1798012928,4
898.473,2330378240,4
898.533,2914320384,4
898.594,3626975232,4
898.654,4007215104,4
898.704,4080271360,4
898.765,4123082752,4
898.821,4177412096,4
898.881,4339777536,4
898.938,4426203136,4
898.998,4473962496,4
899.054,4511318016,4
899.115,4608491520,4
899.174,4677124096,4
899.234,4711579648,4
899.295,4744429568,4
899.346,4766564352,4
899.407,4793204736,4
899.463,4815732736,4
899.523,4840357888,4
899.580,4863705088,4
899.640,4888100864,4
899.696,4908236800,4
899.756,5102583808,4
899.817,5562384384,4
899.871,6049021952,4
899.931,6675808256,4
899.992,7117062144,4
900.052,7181598720,4
900.112,7554727936,4
900.172,7934771200,4
900.229,8518565888,4
900.283,9101770752,4
900.338,9558786048,4
900.398,9668984832,4
900.455,9723002880,4
900.515,9821585408,4
900.571,9921789952,4
900.631,10058072064,4
900.688,10414456832,4
900.748,10832150528,4
900.808,11407048704,4
900.862,12036866048,4
900.921,12381241344,4
900.982,12441829376,4
901.038,12469075968,4
901.098,12495880192,4
901.154,12620005376,4
901.215,12696109056,4
901.274,12724158464,4
901.332,12743360512,4
901.391,12808781824,4
901.451,12870533120,4
901.511,12887359488,4
901.563,12895748096,4
901.623,12917768192,4
901.684,9649668096,4
901.738,9654435840,4
901.799,9656664064,3
901.861,9663594496,4
901.921,9744547840,4
901.982,9783705600,4
902.038,9811148800,4
902.098,9837592576,4
902.154,9902931968,4
902.215,6647414784,4
902.276,6664749056,3
902.331,6681149440,4
902.388,6773440512,4
902.448,6826229760,4
902.508,6868008960,4
902.564,6890766336,4
902.624,6936428544,4
902.680,6967427072,4
902.740,6998261760,4
902.796,7024934912,4
902.856,7101333504,4
902.917,3835494400,4
902.975,3857907712,3
903.034,3890741248,4
903.091,3990437888,4
903.146,4051779584,4
903.207,4108419072,4
903.266,4152950784,4
903.326,4195074048,4
903.380,4231479296,4
903.440,4270751744,4
903.496,4305502208,4
903.556,4341989376,4
903.613,4378918912,4
903.673,4410376192,4
903.733,4443078656,4
903.788,4471799808,4
903.848,4500750336,4
903.904,4528160768,4
903.958,4552884224,4
904.019,4661428224,4
904.078,1352630272,4
904.139,1383104512,3
904.201,1413054464,4
904.261,1518108672,4
904.313,1573437440,4
904.373,1627865088,4
904.433,1675542528,4
904.488,1715027968,4
904.548,1758101504,4
904.604,1796292608,4
904.665,1836351488,4
904.721,1873657856,4
904.781,1911554048,4
904.842,1947140096,4
904.900,2118926336,4
904.954,2598764544,4
905.015,3196174336,4
905.075,3907059712,4
905.129,4207509504,4
905.190,4281352192,4
905.250,4328751104,4
905.310,4821319680,4
905.363,5324210176,4
905.423,5951307776,4
905.483,6582534144,4
905.544,6859128832,4
905.596,6934151168,4
905.656,7018168320,4
905.713,7070269440,4
905.773,7241728000,4
905.833,7307608064,4
905.894,7345537024,4
905.953,7377666048,4
906.013,7880982528,4
906.073,8304328704,4
906.134,8834744320,4
906.188,9368305664,4
906.248,9680650240,4
906.308,9741402112,4
906.363,9766928384,4
906.423,9800810496,4
906.483,9936388096,4
906.544,10017505280,4
906.603,10052206592,4
906.664,10078289920,4
906.721,10153738240,4
906.781,10216259584,4
906.838,10237329408,4
906.896,10253385728,4
906.956,10263576576,4
907.017,10276044800,4
907.071,10284482560,4
907.131,10294345728,4
907.188,10303799296,4
907.248,10783424512,4
907.304,11187994624,4
907.365,11748392960,4
907.421,12300124160,4
907.481,12504236032,4
907.538,12515491840,4
907.598,12539674624,4
907.654,12579094528,4
907.715,12728762368,4
907.771,12759711744,4
907.831,12783730688,4
907.888,12810813440,4
907.946,12888473600,4
908.006,12921896960,4
908.063,12931186688,4
908.123,12957057024,4
908.179,12964102144,4
908.240,12970393600,4
908.296,12975587328,4
908.356,12980518912,4
908.417,13012844544,4
908.471,9751805952,4
908.529,9753821184,4
908.591,9754116096,3
908.650,9755918336,4
908.705,9832644608,4
908.765,9870950400,4
908.821,9897754624,4
908.881,9921085440,4
908.942,9941450752,4
908.996,9958440960,4
909.048,9975529472,4
909.104,9995272192,4
909.165,10012000256,4
909.225,10029006848,4
909.282,10079502336,4
909.338,6757597184,4
909.398,6771146752,4
909.459,6784221184,3
909.514,6796918784,4
909.571,6886195200,4
909.629,6935265280,4
909.690,6975307776,4
909.750,7011516416,4
909.810,7047790592,4
909.870,7081295872,4
909.931,7108624384,4
909.991,7136690176,4
910.049,7158546432,4
910.100,7180926976,4
910.161,7203241984,4
910.221,7227228160,4
910.281,7248199680,4
910.341,7273447424,4
910.402,7293501440,4
910.462,7314096128,4
910.522,7332331520,4
910.583,7350288384,4
910.643,7368720384,4
910.703,7390265344,4
910.754,7406075904,4
910.815,7423442944,4
910.875,7441170432,4
910.935,7458717696,4
910.995,7475331072,4
911.053,7491862528,4
911.113,7509377024,4
911.171,7524171776,4
911.231,7538688000,4
911.290,7553548288,4
911.349,7568736256,4
911.407,7582810112,4
911.468,7599194112,4
911.521,7611891712,4
911.581,7626260480,4
911.638,7906885632,4
911.698,8326823936,4
911.758,8883306496,4
911.813,9474801664,4
911.873,9793929216,4
911.929,9851797504,4
911.990,9876701184,4
912.050,9911451648,4
912.104,10049945600,4
912.165,10114940928,4
912.225,10143825920,4
912.279,10165944320,4
912.336,10246291456,4
912.396,10295787520,4
912.456,10744791040,4
912.517,11176067072,4
912.574,11748720640,4
912.632,9089155072,4
912.693,9297264640,3
912.748,9301327872,4
912.804,9401237504,4
912.865,9482846208,4
912.921,9652125696,4
912.981,9708126208,4
913.038,9779363840,4
913.098,6560907264,4
913.156,6648053760,3
913.217,6701514752,4
913.278,6800998400,4
913.329,6861635584,4
913.390,6907232256,4
913.446,6960709632,4
913.506,3750395904,4
913.568,3781132288,3
913.627,3811803136,4
913.687,3922198528,4
913.738,3975708672,4
913.798,4030103552,4
913.858,4077715456,4
913.918,4125884416,4
913.979,4171743232,4
914.039,4211146752,4
914.099,4250304512,4
914.154,4281401344,4
914.215,4316577792,4
914.275,4349935616,4
914.335,4387225600,4
914.388,4414128128,4
914.448,4452679680,4
914.504,4481122304,4
914.565,4510908416,4
914.621,4538384384,4
914.681,4565155840,4
914.742,4592189440,4
914.796,4620369920,4
914.857,4647190528,4
914.917,4673830912,4
914.971,4697964544,4
915.031,4723916800,4
915.092,4747804672,4
915.152,4773478400,4
915.212,4798726144,4
915.263,4818632704,4
915.323,4842176512,4
915.383,4864294912,4
915.443,4887625728,4
915.496,4905402368,4
915.556,4928503808,4
915.613,4949852160,4
915.673,4970692608,4
915.729,5077532672,4
915.790,5583273984,4
915.850,6116425728,4
915.905,6683066368,4
915.957,7144652800,4
916.013,7234371584,4
916.073,7259717632,4
916.133,7296335872,4
916.194,7845888000,4
916.254,8380956672,4
916.304,8824455168,4
916.365,9405136896,4
916.425,9709682688,4
916.479,9825894400,4
916.540,9885171712,4
916.600,10362978304,4
916.657,10871701504,4
916.711,11452481536,4
916.763,12000968704,4
916.823,12301500416,4
916.879,12394774528,4
916.940,12492128256,4
916.996,12538314752,4
917.056,12721242112,4
917.113,9514385408,4
917.174,9535504384,3
917.231,9552986112,4
917.288,9683255296,4
917.348,9786376192,4
917.404,9826205696,4
917.465,9858121728,4
917.525,9887318016,4
917.579,9918169088,4
917.640,9940549632,4
917.697,9959555072,4
917.754,9975955456,4
917.815,9996959744,4
917.871,10012278784,4
917.931,10032611328,4
917.992,10050650112,4
918.046,10069590016,4
918.106,10085040128,4
918.167,10097557504,4
918.227,10109501440,4
918.279,10119331840,4
918.338,10130112512,4
918.398,10145595392,4
918.458,10159489024,4
918.513,10169548800,4
918.573,10182918144,4
918.633,10191945728,4
918.688,10200743936,4
918.748,10284236800,4
918.804,6952042496,4
918.866,6960545792,3
918.928,6970245120,4
918.988,7059963904,4
919.048,7106347008,4
919.099,7137247232,4
919.159,7170899968,4
919.220,7201669120,4
919.280,7228784640,4
919.340,7255572480,4
919.400,7279476736,4
919.454,7299514368,4
919.515,7320879104,4
919.571,7340195840,4
919.631,7361380352,4
919.692,7382138880,4
919.752,7402045440,4
919.812,7420231680,4
919.863,7435599872,4
919.923,7452852224,4
919.979,7470104576,4
920.040,7492993024,4
920.095,7511801856,4
920.154,7527612416,4
920.215,7545077760,4
920.275,8031879168,4
920.329,8455700480,4
920.390,9038413824,4
920.450,9625894912,4
920.504,9767501824,4
920.565,9786425344,4
920.625,9817456640,4
920.685,9903652864,4
920.738,10025877504,4
920.798,10056155136,4
920.858,10083991552,4
920.917,10131439616,4
920.977,10206052352,4
921.029,10235854848,4
921.090,10247405568,4
921.150,10264690688,4
921.210,10284040192,4
921.263,10291920896,4
921.323,10300096512,4
921.383,10306977792,4
921.441,10314252288,4
921.501,10321248256,4
921.561,10328211456,4
921.622,10335535104,4
921.679,10344202240,4
921.740,10351378432,4
921.800,10358145024,4
921.860,10661429248,4
921.913,10987945984,4
921.973,11536744448,4
922.029,12145082368,4
922.090,12486901760,4
922.149,12537806848,4
922.204,12554698752,4
922.265,12580487168,4
922.324,12718587904,4
922.380,12775194624,4
922.440,12796542976,4
922.500,12813172736,4
922.554,12884934656,4
922.613,12930531328,4
922.673,12940935168,4
922.729,12948783104,4
922.790,12953485312,4
922.850,12954714112,4
922.904,12959072256,4
922.965,12966707200,4
923.021,12970786816,4
923.081,12979896320,4
923.137,12991463424,4
923.198,9758736384,4
923.259,9759555584,3
923.314,9760489472,4
923.375,9922805760,4
923.435,6649905152,4
923.497,6678986752,3
923.558,6702858240,4
923.613,6798082048,4
923.673,6855409664,4
923.729,6898827264,4
923.790,6940704768,4
923.850,6973571072,4
923.910,7008780288,4
923.970,7040696320,4
924.021,7065468928,4
924.081,7095533568,4
924.140,7121698816,4
924.197,7145521152,4
924.248,7166574592,4
924.305,7189446656,4
924.365,7213596672,4
924.421,7234813952,4
924.481,7262765056,4
924.538,7288012800,4
924.598,7307427840,4
924.654,7332921344,4
924.715,7355219968,4
924.775,7374831616,4
924.835,7395115008,4
924.895,7414808576,4
924.956,7432470528,4
925.013,7452311552,4
925.073,7469662208,4
925.134,7479083008,4
925.188,7494696960,4
925.248,7513309184,4
925.304,7529742336,4
925.365,7547027456,4
925.421,7562903552,4
925.479,7578370048,4
925.540,7595032576,4
925.596,7609679872,4
925.656,7629127680,4
925.713,7645216768,4
925.773,7660191744,4
925.833,7675412480,4
925.893,7690108928,4
925.954,7705149440,4
926.013,7718092800,4
926.073,7732494336,4
926.129,7745355776,4
926.190,7760560128,4
926.246,7782137856,4
926.306,7866433536,4
926.363,4730994688,4
926.424,5145051136,3
926.481,5659656192,4
926.541,6868221952,4
926.602,7691599872,4
926.662,8307359744,4
926.722,8879685632,4
926.779,9064218624,4
926.840,9226911744,4
926.900,9327689728,4
926.957,9422471168,4
927.016,9579233280,4
927.074,9682927616,4
927.132,9765257216,4
927.193,9816981504,4
927.253,9910812672,4
927.313,9955557376,4
927.373,9975283712,4
927.427,9997172736,4
927.479,10011688960,4
927.539,10025713664,4
927.596,10048110592,4
927.654,10065510400,4
927.704,10082238464,4
927.765,10096443392,4
927.825,10119380992,4
927.879,10130604032,4
927.940,10143236096,4
927.999,10156277760,4
928.054,10170368000,4
928.115,10179919872,4
928.171,10187341824,4
928.231,10195927040,4
928.291,10203594752,4
928.352,10227335168,4
928.404,6980583424,4
928.465,6987759616,4
928.522,6994755584,3
928.584,7003439104,4
928.644,7093239808,4
928.696,7133102080,4
928.756,7169228800,4
928.813,7198474240,4
928.869,7224262656,4
928.929,7252131840,4
928.988,7276969984,4
929.048,7300644864,4
929.107,7321092096,4
929.167,7341883392,4
929.227,7362363392,4
929.279,7379746816,4
929.339,7400980480,4
929.396,7418806272,4
929.456,7441334272,4
929.513,7765508096,4
929.573,8179417088,4
929.633,8736702464,4
929.685,9303441408,4
929.741,9619275776,4
929.802,9683042304,4
929.854,9708339200,4
929.914,9744039936,4
929.971,9881829376,4
930.031,9957376000,4
930.091,9987801088,4
930.146,10010951680,4
930.206,10093674496,4
930.263,10144595968,4
930.323,10162503680,4
930.383,10179018752,4
930.443,10196221952,4
930.496,10205347840,4
930.556,10215981056,4
930.613,10225876992,4
930.673,10234839040,4
930.733,10244030464,4
930.791,10252255232,4
930.851,10261348352,4
930.904,10269507584,4
930.965,10278617088,4
931.024,10287202304,4
931.084,10295377920,4
931.144,10302947328,4
931.196,10309566464,4
931.257,10316775424,4
931.317,10324410368,4
931.371,10333159424,4
931.431,10341515264,4
931.488,10349707264,4
931.548,10767089664,4
931.604,11146051584,4
931.665,11695636480,4
931.721,12280840192,4
931.781,12543737856,4
931.841,12546818048,4
931.896,12569034752,4
931.956,12610879488,4
932.007,12737560576,4
932.063,12781764608,4
932.123,12804554752,4
932.183,12826787840,4
932.243,12904677376,4
932.296,12936970240,4
932.356,12948291584,4
932.413,12958629888,4
932.473,12973064192,4
932.529,12982501376,4
932.590,12985909248,4
932.650,12987105280,4
932.704,12990201856,4
932.765,12991709184,4
932.821,12998934528,4
932.881,13020250112,4
932.941,9762799616,4
933.003,9846865920,3
933.065,6494502912,4
933.126,6574833664,3
933.179,6607618048,3
933.239,6636126208,3
933.296,6661373952,3
933.352,6683049984,3
933.413,6701481984,3
933.473,6719782912,3
933.529,6735708160,3
933.589,6749880320,3
933.646,6763642880,3
933.706,6777012224,3
933.766,6789873664,3
933.827,6803226624,3
933.886,6814744576,3
933.944,6830637056,3
934.003,6842089472,3
934.054,6851510272,3
934.114,6861586432,3
934.174,6871564288,3
934.229,6881034240,3
934.283,6893797376,3
934.343,6907314176,3
934.403,6920159232,3
934.454,6930972672,3
934.514,6943211520,3
934.571,6954909696,3
934.631,6967361536,3
934.688,6975995904,3
934.748,6985433088,3
934.808,6994706432,3
934.868,7004569600,3
934.929,7015186432,3
934.989,7022755840,3
935.049,7030784000,3
935.104,7038926848,3
935.164,7046627328,3
935.221,7053901824,3
935.281,7061372928,3
935.341,7070023680,3
935.396,7078199296,3
935.456,7091453952,3
935.516,7099842560,3
935.577,7108165632,3
935.629,7114358784,3
935.689,7123419136,3
935.746,7130021888,3
935.806,7137984512,3
935.866,7148027904,3
935.927,7155728384,3
935.987,7163363328,3
936.047,7536099328,3
936.107,7911964672,3
936.166,8442216448,3
936.224,9037299712,3
936.282,9309569024,3
936.341,9361391616,3
936.399,9382330368,3
936.456,9406808064,3
936.513,9540829184,3
936.571,9598844928,3
936.631,9620013056,3
936.691,9637920768,3
936.746,9701097472,3
936.806,9756737536,3
936.866,9767796736,3
936.927,9776529408,3
936.987,9779707904,3
937.045,9781329920,3
937.104,9785360384,3
937.164,9788260352,3
937.225,9791963136,3
937.279,9795272704,3
937.340,9806905344,3
937.400,9812361216,3
937.454,9814704128,3
937.514,9816211456,3
937.575,9819619328,3
937.635,9820078080,3
937.695,9823420416,3
937.754,9825353728,3
937.813,9829597184,3
937.871,9840214016,3
937.931,9841278976,3
937.992,9848717312,3
938.046,9850273792,3
938.106,9850470400,3
938.163,9851453440,3
938.223,9851699200,3
938.283,9852059648,3
938.339,9935306752,3
938.399,6596509696,3
938.454,6596509696,2
938.516,6597197824,3
938.576,6676234240,3
938.629,6708920320,3
938.689,6737526784,3
938.746,6759186432,3
938.806,6780174336,3
938.862,6797885440,3
938.922,6815809536,3
938.983,6832947200,3
939.037,6851805184,3
939.098,6866206720,3
939.154,6879019008,3
939.214,6892126208,3
939.275,6906773504,3
939.329,6918127616,3
939.389,6967656448,3
939.446,7029604352,3
939.506,3617308672,3
939.564,3627106304,2
939.627,3638984704,4
939.679,3797417984,4
939.739,3882188800,4
939.800,3945463808,4
939.860,4004823040,4
939.913,4093362176,4
939.973,820363264,4
940.029,861765632,4
940.082,900841472,3
940.141,937869312,4
940.197,1050279936,4
940.254,1120305152,4
940.314,1183629312,4
940.375,1243578368,4
940.435,1295532032,4
940.495,1347371008,4
940.554,1394180096,4
940.614,1439989760,4
940.675,1484439552,4
940.735,1526661120,4
940.795,1576960000,4
940.856,1623900160,4
940.912,1662926848,4
940.973,1701789696,4
941.029,1736835072,4
941.089,1774157824,4
941.149,1809743872,4
941.204,1842462720,4
941.265,1881210880,4
941.321,1917747200,4
941.381,1951088640,4
941.438,1983283200,4
941.498,2014298112,4
941.554,2520662016,4
941.608,2987016192,4
941.668,3658711040,4
941.729,4233445376,4
941.789,4315217920,4
941.846,4352884736,4
941.906,4396613632,4
941.966,4537303040,4
942.020,4637736960,4
942.080,4681465856,4
942.140,4718903296,4
942.196,4799168512,4
942.256,4876517376,4
942.313,4909629440,4
942.373,4945395712,4
942.433,4977131520,4
942.487,5000462336,4
942.548,5023301632,4
942.608,5723455488,4
942.668,6446071808,4
942.729,7456980992,4
942.789,8636219392,4
942.846,9333997568,4
942.906,9443377152,4
942.962,9480601600,4
943.023,9526525952,4
943.079,9773727744,4
943.139,10439032832,4
943.200,10952523776,4
943.260,11560452096,4
943.312,12128174080,4
943.373,12399312896,4
943.429,12451577856,4
943.489,12489146368,4
943.550,12555894784,4
943.610,12696436736,4
943.669,12734365696,4
943.729,12844679168,4
943.789,9573269504,4
943.851,9651355648,3
943.913,9679536128,4
943.973,9764339712,4
944.029,9808871424,4
944.089,9842245632,4
944.146,9866395648,4
944.206,9891872768,4
944.262,9918070784,4
944.323,9943662592,4
944.383,9962209280,4
944.442,9983868928,4
944.502,10012655616,4
944.554,10028941312,4
944.614,10047045632,4
944.674,10064429056,4
944.729,10077962240,4
944.789,10092888064,4
944.846,10104717312,4
944.906,10117824512,4
944.966,10129440768,4
945.021,10139860992,4
945.081,10156605440,4
945.141,10171203584,4
945.197,10180804608,4
945.254,10192142336,4
945.314,10201890816,4
945.371,10213261312,4
945.431,10223124480,4
945.491,10232922112,4
945.546,10240704512,4
945.606,10249551872,4
945.665,10257727488,4
945.723,10266542080,4
945.782,10274684928,4
945.837,10282401792,4
945.898,10290118656,4
945.958,10298032128,4
946.015,10305994752,4
946.076,10313777152,4
946.136,10321182720,4
946.188,10327474176,4
946.248,10334601216,4
946.307,10343006208,4
946.367,10349969408,4
946.421,10356260864,4
946.481,10362880000,4
946.541,10369826816,4
946.602,10377412608,4
946.662,10384244736,4
946.712,10391519232,4
946.773,10398679040,4
946.832,10405167104,4
946.892,10741071872,4
946.946,11063590912,4
947.006,11595202560,4
947.067,12226215936,4
947.120,12563218432,4
947.173,12614287360,4
947.234,12630818816,4
947.287,12650496000,4
947.348,12744376320,4
947.408,12849250304,4
947.468,12871106560,4
947.521,12886802432,4
947.581,12908085248,4
947.637,12973162496,4
947.698,13012959232,4
947.754,13023100928,4
947.814,13112262656,4
947.871,9754427392,4
947.932,9756688384,3
947.989,9762619392,4
948.040,9835495424,4
948.099,9875800064,4
948.154,9902866432,4
948.214,9928130560,4
948.271,9948184576,4
948.329,9971499008,4
948.389,9989341184,4
948.446,10005839872,4
948.506,10058792960,4
948.562,6796378112,4
948.624,6809223168,3
948.686,6823919616,4
948.746,6919569408,4
948.806,6969491456,4
948.862,7007551488,4
948.923,7041630208,4
948.979,7070597120,4
949.039,7100547072,4
949.100,7129694208,4
949.155,7157317632,4
949.215,7185285120,4
949.271,7206748160,4
949.331,7231045632,4
949.390,7254065152,4
949.449,7275528192,4
949.509,7297155072,4
949.568,7318929408,4
949.621,7338721280,4
949.681,7359823872,4
949.740,7378075648,4
949.799,7401291776,4
949.857,7421591552,4
949.915,7438794752,4
949.976,7456260096,4
950.029,7473053696,4
950.089,7491551232,4
950.150,7510310912,4
950.210,7526023168,4
950.270,7542145024,4
950.330,7558316032,4
950.391,7573815296,4
950.451,7591706624,4
950.504,7604371456,4
950.564,7619346432,4
950.621,7632994304,4
950.679,7647232000,4
950.739,7662665728,4
950.793,7680753664,4
950.849,7695499264,4
950.909,7712243712,4
950.969,7798767616,4
951.029,8265138176,4
951.087,8743403520,4
951.148,9337651200,4
951.204,9845604352,4
951.264,9941942272,4
951.321,9959800832,4
951.381,9989242880,4
951.437,10081288192,4
951.494,10199302144,4
951.546,10220929024,4
951.604,10459381760,4
951.665,10904535040,4
951.725,11506778112,4
951.779,12104712192,4
951.839,12518178816,4
951.900,12577980416,4
951.960,12603490304,4
952.020,12634177536,4
952.071,12740739072,4
952.131,12834422784,4
952.190,12855640064,4
952.249,12884344832,4
952.307,13014663168,4
952.365,9693560832,4
952.422,9718120448,3
952.484,9727459328,4
952.544,9813622784,4
952.604,9849978880,4
952.664,9882386432,4
952.721,9989849088,4
952.781,6687670272,4
952.839,6709936128,3
952.900,6735200256,4
952.961,6837633024,4
953.021,6891307008,4
953.079,6934806528,4
953.139,6973931520,4
953.200,7007272960,4
953.254,7036813312,4
953.314,7067369472,4
953.371,7092420608,4
953.431,7118815232,4
953.491,7143751680,4
953.546,7165280256,4
953.606,7189856256,4
953.662,7215955968,4
953.723,7242924032,4
953.783,7266893824,4
953.837,7286128640,4
953.898,7308099584,4
953.954,7326695424,4
954.012,7350222848,4
954.073,7371784192,4
954.129,7387856896,4
954.190,7408041984,4
954.250,7480442880,4
954.310,7541915648,4
954.363,4157046784,4
954.424,4173496320,3
954.481,4189339648,4
954.541,4286644224,4
954.599,4337762304,4
954.657,4382375936,4
954.717,4421287936,4
954.771,4452319232,4
954.831,4486725632,4
954.890,4519280640,4
954.949,4551032832,4
955.007,4579295232,4
955.065,4606279680,4
955.121,4631904256,4
955.181,4659855360,4
955.240,4687888384,4
955.299,4715331584,4
955.354,4738793472,4
955.414,4764057600,4
955.471,4817141760,4
955.531,5312528384,4
955.591,5818662912,4
955.646,6371590144,4
955.706,6948028416,4
955.762,7063388160,4
955.823,7453786112,4
955.883,7853801472,4
955.943,8441659392,4
956.003,9142861824,4
956.064,9487761408,4
956.124,9563996160,4
956.179,9623699456,4
956.239,9721757696,4
956.296,9865822208,4
956.356,9962323968,4
956.412,9997565952,4
956.473,10025025536,4
956.533,10096230400,4
956.587,10161061888,4
956.647,10192060416,4
956.704,10205200384,4
956.764,10215014400,4
956.825,10223714304,4
956.879,10232250368,4
956.938,10241949696,4
956.998,10252664832,4
957.054,10268475392,4
957.114,10278584320,4
957.171,10286940160,4
957.223,10296426496,4
957.284,10303471616,4
957.344,10312237056,4
957.396,10318102528,4
957.456,10324738048,4
957.515,10640457728,4
957.574,10999627776,4
957.629,11491459072,4
957.689,12137037824,4
957.750,12493455360,4
957.810,12616269824,4
957.870,9316122624,4
957.931,9341616128,3
957.989,9455452160,4
958.049,9619210240,4
958.110,9677144064,4
958.170,9724968960,4
958.229,9810886656,4
958.289,9888120832,4
958.346,9918529536,4
958.402,9941811200,4
958.463,9967206400,4
958.521,9982148608,4
958.581,10039083008,4
958.641,6762151936,4
958.703,6777880576,3
958.764,6793101312,4
958.821,6882213888,4
958.879,6932840448,4
958.940,6971883520,4
958.999,7005700096,4
959.054,7034191872,4
959.114,7063060480,4
959.175,7095156736,4
959.235,7124762624,4
959.295,7146930176,4
959.355,7170801664,4
959.416,7192788992,4
959.471,7213006848,4
959.531,7234469888,4
959.587,7254786048,4
959.648,7278592000,4
959.708,7299629056,4
959.768,7322451968,4
959.828,7346372608,4
959.889,7367573504,4
959.946,7387070464,4
960.006,7414071296,4
960.065,7431143424,4
960.124,7448674304,4
960.179,7465779200,4
960.239,7483523072,4
960.296,7501381632,4
960.351,7517208576,4
960.411,7540932608,4
960.472,7557431296,4
960.529,7572062208,4
960.589,7587217408,4
960.649,7602241536,4
960.710,7616266240,4
960.770,7631634432,4
960.830,7647739904,4
960.887,7661256704,4
960.948,7676346368,4
961.007,7724302336,4
961.065,8207794176,4
961.121,8659533824,4
961.181,9249193984,4
961.241,9807314944,4
961.301,9911631872,4
961.354,9926262784,4
961.414,9956491264,4
961.475,10040426496,4
961.535,10167533568,4
961.595,10195943424,4
961.646,10217160704,4
961.706,10265149440,4
961.765,10643046400,4
961.824,11052728320,4
961.879,11542200320,4
961.939,12189401088,4
961.995,12512788480,4
962.055,12569493504,4
962.115,12594184192,4
962.175,12619726848,4
962.236,12754927616,4
962.294,12825346048,4
962.354,12848414720,4
962.414,12863946752,4
962.475,12938412032,4
962.529,12980748288,4
962.589,12991610880,4
962.646,13007667200,4
962.706,13017808896,4
962.758,13022314496,4
962.818,13024886784,4
962.879,13026459648,4
962.939,13027917824,4
962.999,13031112704,4
963.057,13032620032,4
963.115,13033865216,4
963.176,13035995136,4
963.236,13037928448,4
963.296,13038927872,4
963.356,13039763456,4
963.417,13040271360,4
963.471,13040615424,4
963.531,13042843648,4
963.587,13044154368,4
963.648,13045563392,4
963.704,13047644160,4
963.764,13048840192,4
963.821,13051494400,4
963.881,13054787584,4
963.937,13057277952,4
963.998,13061406720,4
964.054,13063061504,4
964.112,13064732672,4
964.171,13068025856,4
964.231,13068271616,4
964.287,13069238272,4
964.348,13070155776,4
964.408,13072842752,4
964.462,13077512192,4
964.523,13079789568,4
964.579,13079887872,4
964.638,13081133056,4
964.698,13082509312,4
964.754,13083115520,4
964.814,13083197440,4
964.871,13083213824,4
964.931,13090177024,4
964.991,13167853568,4
965.046,9787195392,4
965.105,9787211776,3
965.167,9787834368,4
965.227,9867460608,4
965.279,9899474944,4
965.339,9928146944,4
965.400,9951379456,4
965.460,9971712000,4
965.520,9991094272,4
965.571,10011475968,4
965.631,10029924352,4
965.691,10043686912,4
965.746,10056630272,4
965.806,10071425024,4
965.862,10083811328,4
965.923,10097328128,4
965.979,10108993536,4
966.039,10120298496,4
966.096,10168385536,4
966.156,6845169664,4
966.216,6854901760,4
966.278,6865731584,3
966.331,6879920128,4
966.381,6962642944,4
966.441,7009452032,4
966.502,7049281536,4
966.562,7081574400,4
966.622,7111360512,4
966.682,7139426304,4
966.742,7165804544,4
966.796,7188381696,4
966.856,7210844160,4
966.912,7231848448,4
966.973,7253934080,4
967.033,7275773952,4
967.087,7291453440,4
967.148,7305347072,4
967.208,7325253632,4
967.262,7342522368,4
967.323,7361675264,4
967.382,7379271680,4
967.437,7395966976,4
967.497,7417675776,4
967.558,7438155776,4
967.618,7456014336,4
967.671,7471857664,4
967.729,7487455232,4
967.789,7504019456,4
967.846,7518502912,4
967.906,7535755264,4
967.966,7550763008,4
968.021,7567048704,4
968.081,7582072832,4
968.137,7629389824,4
968.198,8119205888,4
968.258,8616394752,4
968.312,9152282624,4
968.373,9710108672,4
968.429,9812508672,4
968.489,9834463232,4
968.549,9862922240,4
968.607,9961439232,4
968.665,10074685440,4
968.726,10102538240,4
968.779,10125492224,4
968.839,10181345280,4
968.899,10254893056,4
968.954,10277076992,4
969.014,10290872320,4
969.075,10303078400,4
969.131,10314989568,4
969.187,10327048192,4
969.248,10334224384,4
969.307,10343432192,4
969.365,10772103168,4
969.426,11190960128,4
969.479,11677712384,4
969.535,12246876160,4
969.596,12497944576,4
969.656,12549079040,4
969.712,12585009152,4
969.773,9371664384,4
969.830,9508356096,3
969.892,9564340224,4
969.946,9660645376,4
970.006,9715154944,4
970.062,9890627584,4
970.123,6626836480,4
970.184,6658637824,3
970.246,6686900224,4
970.306,6789988352,4
970.362,6845251584,4
970.423,6892896256,4
970.483,6931365888,4
970.539,6963445760,4
970.596,6994984960,4
970.656,7030423552,4
970.716,7060602880,4
970.776,7090421760,4
970.829,7112867840,4
970.889,7142866944,4
970.946,7168737280,4
971.006,7200407552,4
971.066,7225999360,4
971.126,7253295104,4
971.187,7274741760,4
971.237,7291977728,4
971.298,7387955200,4
971.358,4071489536,4
971.419,4093427712,3
971.481,4112760832,4
971.541,4209770496,4
971.601,4262297600,4
971.654,4305010688,4
971.714,4347772928,4
971.774,4387176448,4
971.829,4418781184,4
971.889,4454072320,4
971.948,4486627328,4
972.007,4516642816,4
972.067,4546445312,4
972.127,4573872128,4
972.188,4601987072,4
972.246,4629020672,4
972.306,4659855360,4
972.366,4765237248,4
972.421,1426817024,4
972.482,1451982848,3
972.544,1478000640,4
972.604,1584087040,4
972.665,1650130944,4
972.721,1702772736,4
972.781,1750384640,4
972.838,1790509056,4
972.895,2025947136,4
972.956,2521579520,4
973.016,3148890112,4
973.071,3797762048,4
973.129,4086857728,4
973.182,4170219520,4
973.237,4660658176,4
973.296,5139578880,4
973.356,5856509952,4
973.416,6505627648,4
973.471,6698008576,4
973.531,6737035264,4
973.591,6844186624,4
973.646,6947930112,4
973.706,7129399296,4
973.762,7182614528,4
973.822,7232684032,4
973.883,7279214592,4
973.937,7368654848,4
973.997,7423361024,4
974.058,7449493504,4
974.118,7478870016,4
974.178,7499612160,4
974.237,7520190464,4
974.298,7538147328,4
974.358,7559708672,4
974.412,7577403392,4
974.472,7604813824,4
974.533,7968768000,4
974.593,8338505728,4
974.646,8774107136,4
974.706,6108954624,4
974.762,6527533056,4
974.824,6594199552,3
974.881,6617677824,4
974.938,6723796992,4
974.999,6878347264,4
975.054,7000408064,4
975.114,7051952128,4
975.174,7093403648,4
975.229,7172849664,4
975.289,7258996736,4
975.349,7296401408,4
975.404,7322370048,4
975.455,7341981696,4
975.515,7367671808,4
975.576,7856406528,4
975.629,8264155136,4
975.687,8823980032,4
975.746,9400745984,4
975.806,9632169984,4
975.866,9648898048,4
975.921,9680683008,4
975.981,9734995968,4
976.037,9885433856,4
976.097,10020438016,4
976.158,6722732032,4
976.213,6745047040,3
976.275,6837895168,4
976.336,6960824320,4
976.387,7008239616,4
976.447,7055491072,4
976.508,7090946048,4
976.562,7124926464,4
976.622,7155908608,4
976.679,7188512768,4
976.737,7213203456,4
976.789,7232061440,4
976.846,7291027456,4
976.906,4025466880,4
976.967,4046176256,3
977.029,4069605376,4
977.089,4165664768,4
977.146,4216586240,4
977.206,4262281216,4
977.266,4302979072,4
977.326,4341596160,4
977.387,4377018368,4
977.437,4409999360,4
977.497,4446699520,4
977.554,4475027456,4
977.614,4507648000,4
977.674,4536336384,4
977.729,4564680704,4
977.789,4593680384,4
977.849,4622336000,4
977.904,4967956480,4
977.964,5380849664,4
978.024,5940559872,4
978.085,6583271424,4
978.137,6874054656,4
978.197,6946242560,4
978.258,6984663040,4
978.318,7031717888,4
978.378,7195131904,4
978.438,7258734592,4
978.496,7295762432,4
978.554,7330693120,4
978.614,7424098304,4
978.672,7473856512,4
978.729,7499055104,4
978.789,7528153088,4
978.849,7547174912,4
978.904,7562903552,4
978.964,7578337280,4
979.024,7593590784,4
979.085,7610695680,4
979.139,7625441280,4
979.198,7641792512,4
979.257,7657062400,4
979.317,8084602880,4
979.377,8455110656,4
979.435,8945745920,4
979.496,9527672832,4
979.556,9842262016,4
979.612,9899081728,4
979.672,9922363392,4
979.727,9952935936,4
979.788,10084876288,4
979.844,10160570368,4
979.904,10188161024,4
979.964,10209116160,4
980.020,10318299136,4
980.081,10845437952,4
980.137,11310874624,4
980.197,11862491136,4
980.251,12376358912,4
980.312,12552454144,4
980.362,12556828672,4
980.423,12591038464,4
980.483,12637388800,4
980.537,12773752832,4
980.597,12812009472,4
980.654,12833832960,4
980.714,12858376192,4
980.774,12936675328,4
980.829,12972392448,4
980.889,12983828480,4
980.946,12994117632,4
981.006,13007716352,4
981.062,13014368256,4
981.122,13017939968,4
981.183,13022937088,4
981.243,13027508224,4
981.296,13028376576,4
981.356,13141295104,4
981.416,6517358592,4
981.477,6517358592,2
981.540,6518292480,4
981.599,6665011200,4
981.654,6725681152,4
981.714,6776029184,4
981.765,6817857536,4
981.826,6858326016,4
981.882,6891044864,4
981.942,6927220736,4
981.995,6957301760,4
982.056,6990053376,4
982.115,7015596032,4
982.173,7042580480,4
982.229,7065944064,4
982.282,7088586752,4
982.342,7115030528,4
982.402,7139540992,4
982.454,7159840768,4
982.514,7181598720,4
982.569,7201144832,4
982.629,7222476800,4
982.689,7242907648,4
982.749,7272022016,4
982.804,7296139264,4
982.864,7314079744,4
982.924,7335804928,4
982.979,7352303616,4
983.039,7370948608,4
983.099,7389970432,4
983.160,7407452160,4
983.220,7423868928,4
983.271,7438942208,4
983.331,7455096832,4
983.387,7470284800,4
983.445,7487684608,4
983.506,7502594048,4
983.562,7517159424,4
983.622,7532888064,4
983.679,7547404288,4
983.739,7563526144,4
983.799,7577649152,4
983.860,7593000960,4
983.912,7605026816,4
983.972,7620263936,4
984.029,7635468288,4
984.089,7651196928,4
984.146,7663714304,4
984.206,7677526016,4
984.262,7689994240,4
984.322,7703314432,4
984.379,7719321600,4
984.439,7733035008,4
984.495,7745355776,4
984.556,8006139904,4
984.612,8798060544,4
984.672,9650372608,4
984.729,10562387968,4
984.789,11650236416,4
984.846,12058230784,4
984.906,12145229824,4
984.966,12190793728,4
985.020,12239962112,4
985.081,12533841920,4
985.141,12621856768,4
985.201,12664127488,4
985.262,12708233216,4
985.312,12841353216,4
985.372,12925419520,4
985.433,12944949248,4
985.493,12967002112,4
985.553,12977192960,4
985.614,13051789312,4
985.674,9752772608,4
985.736,9763799040,3
985.798,9770762240,4
985.858,9856679936,4
985.918,9895510016,4
985.979,9926049792,4
986.039,9949954048,4
986.099,9970614272,4
986.159,9992241152,4
986.212,10010083328,4
986.270,10027597824,4
986.331,10042687488,4
986.387,10055630848,4
986.447,10071932928,4
986.507,10085957632,4
986.565,10098966528,4
986.623,10111336448,4
986.682,10123329536,4
986.742,10135060480,4
986.795,10145087488,4
986.856,10155163648,4
986.915,10169597952,4
986.975,10184212480,4
987.036,10194616320,4
987.087,10204364800,4
987.147,10213294080,4
987.208,10223239168,4
987.265,10231382016,4
987.323,10240475136,4
987.379,10248519680,4
987.432,10256416768,4
987.490,10264510464,4
987.545,10273177600,4
987.606,10283073536,4
987.666,10292658176,4
987.720,10303291392,4
987.781,10313170944,4
987.837,10321444864,4
987.896,10329210880,4
987.956,10336829440,4
988.012,10342957056,4
988.072,10350510080,4
988.133,10357522432,4
988.187,10364649472,4
988.245,10372005888,4
988.306,10379952128,4
988.366,10386571264,4
988.426,10392993792,4
988.487,10441818112,4
988.547,7108919296,4
988.607,7117127680,4
988.666,7123894272,3
988.725,7130906624,4
988.779,7325892608,4
988.839,7833518080,4
988.895,8339865600,4
988.954,8948809728,4
989.014,9454354432,4
989.073,9531260928,4
989.132,9563848704,4
989.190,9600860160,4
989.250,9726853120,4
989.310,9827221504,4
989.371,9862447104,4
989.431,9892134912,4
989.490,9972613120,4
989.548,10034249728,4
989.604,10056073216,4
989.664,10076012544,4
989.723,10093887488,4
989.782,10105798656,4
989.840,10116661248,4
989.898,10131243008,4
989.957,10146037760,4
990.010,10156883968,4
990.071,10166796288,4
990.131,10177019904,4
990.190,10186506240,4
990.246,10195746816,4
990.304,10204479488,4
990.364,10213097472,4
990.424,10222469120,4
990.479,10229940224,4
990.539,10239639552,4
990.599,10248093696,4
990.659,10255958016,4
990.712,10262872064,4
990.772,10270998528,4
990.829,10278813696,4
990.889,10286252032,4
990.949,10293985280,4
991.007,10300784640,4
991.062,10307895296,4
991.123,10316267520,4
991.182,10323148800,4
991.242,10330226688,4
991.302,10337058816,4
991.362,10343399424,4
991.412,10350018560,4
991.473,10356375552,4
991.529,10364715008,4
991.589,10371465216,4
991.645,10377822208,4
991.706,10734092288,4
991.766,11140300800,4
991.821,11653398528,4
991.881,12278104064,4
991.937,12542164992,4
991.997,12592316416,4
992.054,12611960832,4
992.114,12641157120,4
992.174,12787793920,4
992.232,12838354944,4
992.290,12861456384,4
992.350,12879282176,4
992.411,12957073408,4
992.465,12994740224,4
992.520,13004849152,4
992.581,13014827008,4
992.641,13019561984,4
992.696,13022265344,4
992.756,13025345536,4
992.812,13028458496,4
992.872,13032603648,4
992.929,13042958336,4
992.989,13046333440,4
993.045,13057064960,4
993.106,13065732096,4
993.166,13070172160,4
993.226,13071745024,4
993.285,13074399232,4
993.346,13076791296,4
993.398,13077217280,4
993.454,13078200320,4
993.514,13161496576,4
993.574,9791242240,4
993.636,9792880640,3
993.695,9795272704,4
993.756,9877323776,4
993.816,9914351616,4
993.876,9943302144,4
993.936,9967255552,4
993.997,9986998272,4
994.057,10008461312,4
994.112,10028908544,4
994.172,10046357504,4
994.233,10060316672,4
994.287,10073915392,4
994.347,10087006208,4
994.408,10100490240,4
994.462,10112335872,4
994.522,10124886016,4
994.579,10135568384,4
994.639,10146725888,4
994.696,10203086848,4
994.757,6861668352,4
994.812,6871121920,4
994.873,6886047744,3
994.930,6899171328,4
994.991,6992461824,4
995.051,7038615552,4
995.111,7077019648,4
995.171,7109492736,4
995.232,7138574336,4
995.290,7165493248,4
995.348,7190937600,4
995.404,7212646400,4
995.464,7236272128,4
995.520,7259766784,4
995.581,7283146752,4
995.641,7308378112,4
995.701,7330349056,4
995.754,7349714944,4
995.806,7442792448,4
995.862,4142170112,4
995.924,4160782336,3
995.980,4178231296,4
996.037,4277567488,4
996.097,4334813184,4
996.157,4380508160,4
996.215,4420108288,4
996.270,4458201088,4
996.331,4580196352,4
996.390,1236713472,4
996.446,1267449856,3
996.508,1297448960,4
996.568,1404502016,4
996.627,1465925632,4
996.685,1517633536,4
996.745,1977024512,4
996.806,2483945472,4
996.866,3160932352,4
996.926,3801186304,4
996.986,3923738624,4
997.047,3969744896,4
997.107,4023468032,4
997.162,4145086464,4
997.222,4287021056,4
997.283,4317577216,4
997.337,4359340032,4
997.397,4413898752,4
997.457,4517642240,4
997.515,4573052928,4
997.573,4606787584,4
997.634,4648271872,4
997.685,4676108288,4
997.746,4706205696,4
997.806,4731748352,4
997.865,4757176320,4
997.920,4779032576,4
997.981,5273337856,4
998.041,5756878848,4
998.095,6286213120,4
998.156,6890766336,4
998.216,7089717248,4
998.270,7115341824,4
998.331,7159709696,4
998.390,7225835520,4
998.445,7376289792,4
998.506,7423918080,4
998.562,7457685504,4
998.622,7497039872,4
998.679,7581925376,4
998.739,7632109568,4
998.800,7657013248,4
998.854,7682326528,4
998.914,7703019520,4
998.970,7723646976,4
999.029,7777681408,4
999.089,8238891008,4
999.149,8657928192,4
999.204,9130999808,4
999.262,9681076224,4
999.322,9966338048,4
999.380,6739165184,4
999.437,6766084096,4
999.498,6800195584,3
999.560,7160397824,4
999.621,7702298624,4
999.681,8281751552,4
999.737,8899395584,4
999.798,9416654848,4
999.857,9536798720,4
999.912,9582460928,4
999.972,9628745728,4
1000.029,9739747328,4
1000.089,9863430144,4
1000.146,9898213376,4
1000.196,9932734464,4
1000.257,9985556480,4
1000.317,10077650944,4
1000.377,10115301376,4
1000.437,10134339584,4
1000.498,10157670400,4
1000.558,10188668928,4
1000.612,10278486016,4
1000.672,6872956928,4
1000.728,6888292352,3
1000.790,6906970112,4
1000.848,7004487680,4
1000.904,7055392768,4
1000.964,7100825600,4
1001.024,7135756288,4
1001.084,7166869504,4
1001.137,7196180480,4
1001.197,7230570496,4
1001.254,7254917120,4
1001.314,7275921408,4
1001.365,7293403136,4
1001.420,7312949248,4
1001.481,7339196416,4
1001.537,7445217280,4
1001.597,4070768640,4
1001.658,4090232832,3
1001.717,4109713408,4
1001.777,4207362048,4
1001.837,4260642816,4
1001.897,4305436672,4
1001.954,4347346944,4
1002.012,4385521664,4
1002.065,4415864832,4
1002.126,4450107392,4
1002.186,4482498560,4
1002.246,4513595392,4
1002.306,4543954944,4
1002.362,4572266496,4
1002.422,4606509056,4
1002.479,4636786688,4
1002.537,4663033856,4
1002.597,4693622784,4
1002.654,5110448128,4
1002.714,5548015616,4
1002.770,6117933056,4
1002.831,3437068288,4
1002.887,3667263488,4
1002.948,3735273472,3
1003.009,3779985408,4
1003.069,3913777152,4
1003.120,4091723776,4
1003.181,4180115456,4
1003.237,4240654336,4
1003.297,4300718080,4
1003.354,4405624832,4
1003.414,4474372096,4
1003.470,4513693696,4
1003.529,4553850880,4
1003.589,4589174784,4
1003.645,1365508096,4
1003.706,1392345088,4
1003.763,1418870784,3
1003.825,1480081408,4
1003.885,2098741248,4
1003.945,2705244160,4
1004.006,3421650944,4
1004.066,3854254080,4
1004.120,3938353152,4
1004.181,3991322624,4
1004.241,4056645632,4
1004.301,4217241600,4
1004.361,4315758592,4
1004.420,4367400960,4
1004.481,4412473344,4
1004.541,4518412288,4
1004.601,4588912640,4
1004.661,4626169856,4
1004.719,4664213504,4
1004.773,5074436096,4
1004.832,5464014848,4
1004.887,5988155392,4
1004.947,6624673792,4
1005.004,6998769664,4
1005.064,3737387008,4
1005.124,3774382080,3
1005.183,3813998592,4
1005.243,4049420288,4
1005.295,4153638912,4
1005.356,4220256256,4
1005.412,4272701440,4
1005.472,4379443200,4
1005.532,4463099904,4
1005.593,4506206208,4
1005.648,4546347008,4
1005.709,4587634688,4
1005.769,4621090816,4
1005.829,4652761088,4
1005.887,4682203136,4
1005.947,4710350848,4
1006.007,4758241280,4
1006.060,5228920832,4
1006.121,5694275584,4
1006.181,6274596864,4
1006.240,6860980224,4
1006.298,7094157312,4
1006.357,3778150400,4
1006.414,3817570304,4
1006.475,3889102848,3
1006.530,4036493312,4
1006.588,4154310656,4
1006.648,4228743168,4
1006.709,4305453056,4
1006.769,4419223552,4
1006.829,4476665856,4
1006.889,4948312064,4
1006.949,5403295744,4
1007.007,5961613312,4
1007.062,6552846336,4
1007.122,6834683904,4
1007.177,6852657152,4
1007.238,6898679808,4
1007.295,6950338560,4
1007.356,7119618048,4
1007.416,7175159808,4
1007.476,7215562752,4
1007.529,7250821120,4
1007.589,7344619520,4
1007.649,7395917824,4
1007.704,7424393216,4
1007.755,7452360704,4
1007.815,7474069504,4
1007.870,7496499200,4
1007.929,7516700672,4
1007.989,7540359168,4
1008.045,7566671872,4
1008.104,7583907840,4
1008.164,7600488448,4
1008.224,8004239360,4
1008.277,1666220032,4
1008.337,2191425536,2
1008.400,2906898432,4
1008.455,3417325568,4
1008.515,3543826432,4
1008.570,3618750464,4
1008.630,3692888064,4
1008.691,3868033024,4
1008.751,3987783680,4
1008.810,4053647360,4
1008.871,4112482304,4
1008.931,4220764160,4
1008.987,4299964416,4
1009.048,4344479744,4
1009.108,4387258368,4
1009.162,4421566464,4
1009.222,4452876288,4
1009.282,4489412608,4
1009.343,4520280064,4
1009.403,4555833344,4
1009.454,4585832448,4
1009.514,4618420224,4
1009.574,4667752448,4
1009.634,5170118656,4
1009.695,5667979264,4
1009.754,6255869952,4
1009.814,6830407680,4
1009.874,6979780608,4
1009.931,7006257152,4
1009.991,7047806976,4
1010.048,7126892544,4
1010.107,7272923136,4
1010.167,7358840832,4
1010.224,4053876736,4
1010.285,4103782400,3
1010.338,4187881472,4
1010.399,4310941696,4
1010.454,4363501568,4
1010.514,4417273856,4
1010.569,4463280128,4
1010.620,4491378688,4
1010.672,4510892032,4
1010.732,4549443584,4
1010.792,4588797952,4
1010.845,1343979520,4
1010.905,1374437376,4
1010.963,1401749504,3
1011.025,1430388736,4
1011.085,1539702784,4
1011.145,1603731456,4
1011.206,1657290752,4
1011.266,1708064768,4
1011.318,1745895424,4
1011.370,1782890496,4
1011.431,2115387392,4
1011.491,3030843392,4
1011.551,4096983040,4
1011.604,5182930944,4
1011.664,6083428352,4
1011.720,6329810944,4
1011.781,6396641280,4
1011.837,6463586304,4
1011.897,6668009472,4
1011.957,6875250688,4
1012.018,6952271872,4
1012.078,7015251968,4
1012.138,7129055232,4
1012.195,7254425600,4
1012.255,7322157056,4
1012.316,7367376896,4
1012.376,7397851136,4
1012.429,7416610816,4
1012.489,7437254656,4
1012.545,7455211520,4
1012.606,7473152000,4
1012.666,7492386816,4
1012.726,7516913664,4
1012.779,7532724224,4
1012.839,7550910464,4
1012.895,7569063936,4
1012.955,7585136640,4
1013.012,7599161344,4
1013.072,7614054400,4
1013.129,7629504512,4
1013.189,7647395840,4
1013.248,7661682688,4
1013.304,7680360448,4
1013.364,7695237120,4
1013.420,8141537280,4
1013.480,8541241344,4
1013.540,9053470720,4
1013.601,9665101824,4
1013.661,6612549632,4
1013.714,6667665408,4
1013.771,6691241984,3
1013.833,6724780032,4
1013.890,6939541504,4
1013.950,7046807552,4
1014.004,7097237504,4
1014.060,7430520832,4
1014.112,7818756096,4
1014.172,8417492992,4
1014.232,9075097600,4
1014.290,9511108608,4
1014.348,9587048448,4
1014.407,9658564608,4
1014.462,6417596416,4
1014.523,6523731968,3
1014.578,6643318784,4
1014.638,6759989248,4
1014.690,6821724160,4
1014.750,6906167296,4
1014.811,7011172352,4
1014.871,7067041792,4
1014.931,7103692800,4
1014.991,7144144896,4
1015.045,7169966080,4
1015.101,7197769728,4
1015.154,7223263232,4
1015.214,7248265216,4
1015.270,7277232128,4
1015.330,7304413184,4
1015.391,7400833024,4
1015.445,4077895680,4
1015.507,4097966080,3
1015.564,4117643264,4
1015.620,4212342784,4
1015.680,4269883392,4
1015.741,4322279424,4
1015.795,4362125312,4
1015.855,4472422400,4
1015.916,1129398272,4
1015.971,1161330688,3
1016.032,1196195840,3
1016.090,1225818112,3
1016.145,1254244352,3
1016.205,1282670592,3
1016.265,1312456704,3
1016.320,1338933248,3
1016.373,1363361792,3
1016.433,1394786304,3
1016.487,1418199040,3
1016.547,1443610624,3
1016.607,1468547072,3
1016.668,1494351872,3
1016.720,1516519424,3
1016.780,1543290880,3
1016.840,1610448896,3
1016.900,2161065984,3
1016.960,2725363712,3
1017.020,3455664128,3
1017.080,3800760320,3
1017.141,3867623424,3
1017.196,3901882368,3
1017.254,3941957632,3
1017.315,4100669440,3
1017.375,4169351168,3
1017.435,4206297088,3
1017.495,4245585920,3
1017.552,4730945536,3
1017.612,5191843840,3
1017.672,5763366912,3
1017.729,6352125952,3
1017.789,6610141184,3
1017.849,6628245504,3
1017.904,6659522560,3
1017.964,6706724864,3
1018.020,6858670080,3
1018.080,3627827200,3
1018.141,3655090176,3
1018.199,3683467264,2
1018.258,3769008128,3
1018.318,3885432832,3
1018.370,3932176384,3
1018.430,3979870208,3
1018.491,4012310528,3
1018.551,4379492352,3
1018.603,4713758720,3
1018.664,5269323776,3
1018.723,5931974656,3
1018.778,6281691136,3
1018.839,6348750848,3
1018.898,6388776960,3
1018.956,6423937024,3
1019.015,6561808384,3
1019.073,6645956608,3
1019.131,6678233088,3
1019.187,6709346304,3
1019.247,6780878848,3
1019.307,6853115904,3
1019.365,6876823552,3
1019.420,6894452736,3
1019.480,6910001152,3
1019.541,6926483456,3
1019.601,6942867456,3
1019.652,6956417024,3
1019.704,6967001088,3
1019.764,6976782336,3
1019.824,6987071488,3
1019.878,6996574208,3
1019.939,7006584832,3
1019.995,7024263168,3
1020.055,3739467776,3
1020.112,3753918464,3
1020.173,3765108736,2
1020.230,3775971328,3
1020.287,3865296896,3
1020.347,3911352320,3
1020.407,3950886912,3
1020.468,3984539648,3
1020.528,4013768704,3
1020.588,4043276288,3
1020.645,4069851136,3
1020.705,4092674048,3
1020.766,4116692992,3
1020.820,4141154304,3
1020.880,4161814528,3
1020.941,4183801856,3
1020.993,4200595456,3
1021.053,4220977152,3
1021.114,4241899520,3
1021.174,4261199872,3
1021.234,4280451072,3
1021.294,4486086656,3
1021.345,4881629184,3
1021.405,5392990208,3
1021.466,5998903296,3
1021.526,6510739456,3
1021.578,6579322880,3
1021.639,6602194944,3
1021.695,6631161856,3
1021.755,6728515584,3
1021.812,6850609152,3
1021.872,6877413376,3
1021.928,6903988224,3
1021.989,6953009152,3
1022.045,7027032064,3
1022.105,7058751488,3
1022.162,7071268864,3
1022.220,7099744256,3
1022.280,7111344128,3
1022.341,7120289792,3
1022.401,7133872128,3
1022.457,7143063552,3
1022.512,7159808000,3
1022.572,7167475712,3
1022.632,7176536064,3
1022.690,7184891904,3
1022.750,7194836992,3
1022.806,7204077568,3
1022.866,7214743552,3
1022.924,7221280768,3
1022.984,7227785216,3
1023.037,7269777408,3
1023.097,3988897792,3
1023.157,609222656,3
1023.214,614957056,1
1023.276,910901248,2
1023.329,1345110016,2
1023.387,1952448512,2
1023.447,2639380480,2
1023.503,2926428160,2
1023.564,2996977664,2
1023.624,3037085696,2
1023.678,3077603328,2
1023.739,3246211072,2
1023.794,3301130240,2
1023.854,3336339456,2
1023.912,3364110336,2
1023.964,3440164864,2
1024.024,3502309376,2
1024.084,3526213632,2
1024.144,3551330304,2
1024.202,3569958912,2
1024.262,3584573440,2
1024.322,356696064,2
1024.381,366182400,2
1024.441,375603200,1
1024.498,388988928,1
1024.554,398082048,1
1024.610,407322624,1
1024.662,416530432,1
1024.714,424476672,1
1024.770,434274304,1
1024.828,442974208,1
1024.887,452640768,1
1024.947,461701120,1
1025.006,469975040,1
1025.062,477462528,1
1025.120,485392384,1
1025.180,493142016,1
1025.237,500465664,1
1025.295,508313600,1
1025.354,515571712,1
1025.411,523108352,1
1025.462,529563648,1
1025.519,536903680,1
1025.577,543686656,1
1025.637,552108032,1
1025.694,558825472,1
1025.745,565772288,1
1025.804,572604416,1
1025.860,579059712,1
1025.912,584957952,1
1025.969,591233024,1
1026.028,599638016,1
1026.085,606158848,1
1026.145,612728832,1
1026.204,618823680,1
1026.262,1034584064,1
1026.322,1489633280,1
1026.378,2091368448,1
1026.435,2695102464,1
1026.495,2847113216,1
1026.555,2859122688,1
1026.612,2880241664,1
1026.670,2957230080,1
1026.731,3080568832,1
1026.787,3096739840,1
1026.845,3115827200,1
1026.905,3162537984,1
1026.965,3231629312,1
1027.020,3248783360,1
1027.078,3255304192,1
1027.128,3268411392,1
1027.179,3269722112,1
1027.240,3272491008,1
1027.295,3275096064,1
1027.355,3285647360,1
1027.412,3289628672,1
1027.472,3291873280,1
1027.532,3292725248,1
1027.592,3295133696,1
1027.645,3295641600,1
1027.696,3295723520,1
1027.755,3297984512,1
1027.812,3304718336,1
1027.870,3305947136,1
1027.928,3306094592,1
1027.982,3309305856,1
1028.037,3312140288,1
1028.097,3315990528,1
1028.153,3317301248,1
1028.206,3318890496,1
1028.266,3321970688,1
1028.320,3323314176,1
1028.378,3325231104,1
1028.435,3325935616,1
1028.487,3329146880,1
1028.542,3329245184,1
1028.595,3329392640,1
1028.646,3329409024,1
1028.703,3329802240,1
1028.764,3417489408,1
1028.820,0,1
1028.882,0,0
1028.942,458752,1
1029.002,73580544,1
1029.062,110870528,1
1029.120,137740288,1
1029.180,161923072,1
1029.241,182648832,1
1029.301,201818112,1
1029.353,217055232,1
1029.405,231849984,1
1029.462,245415936,1
1029.520,259604480,1
1029.578,272433152,1
1029.637,285589504,1
1029.695,299335680,1
1029.753,311705600,1
1029.814,323649536,1
1029.874,335118336,1
1029.934,345964544,1
1029.994,356204544,1
1030.045,365363200,1
1030.102,379224064,1
1030.153,390742016,1
1030.212,400932864,1
1030.272,410255360,1
1030.323,418185216,1
1030.383,427769856,1
1030.437,436387840,1
1030.497,445300736,1
1030.557,453722112,1
1030.612,461815808,1
1030.670,469696512,1
1030.728,477986816,1
1030.785,486391808,1
1030.843,493993984,1
1030.904,501874688,1
1030.962,509558784,1
1031.020,517357568,1
1031.078,525172736,1
1031.137,531972096,1
1031.195,539459584,1
1031.253,546635776,1
1031.312,554319872,1
1031.372,562233344,1
1031.428,568967168,1
1031.487,575733760,1
1031.545,581861376,1
1031.603,587857920,1
1031.664,594296832,1
1031.724,603176960,1
1031.778,609435648,1
1031.839,615956480,1
1031.894,649822208,1
1031.945,1110376448,1
1031.998,1551974400,1
1032.058,2206957568,1
1032.118,2789916672,1
1032.178,2852814848,1
1032.236,2867544064,1
1032.286,2886959104,1
1032.337,2953314304,1
1032.397,3083173888,1
1032.455,3101949952,1
1032.512,3120152576,1
1032.572,3164012544,1
1032.632,3231498240,1
1032.687,3253665792,1
1032.747,3261153280,1
1032.803,3269033984,1
1032.861,3272851456,1
1032.920,3278094336,1
1032.979,3279192064,1
1033.039,3281174528,1
1033.099,3282698240,1
1033.159,3285975040,1
1033.219,3293003776,1
1033.280,3297280000,1
1033.337,3299229696,1
1033.395,3302146048,1
1033.451,3306717184,1
1033.510,3307323392,1
1033.560,3307487232,1
1033.614,3307520000,1
1033.668,3307520000,1
1033.728,3307618304,1
1033.788,3307831296,1
1033.848,3335946240,1
1033.909,0,1
1033.969,0,1
1034.028,0,0
1034.088,540672,1
1034.148,71958528,1
1034.208,110510080,1
1034.268,139132928,1
1034.323,160989184,1
1034.383,181960704,1
1034.444,200409088,1
1034.504,217923584,1
1034.562,234848256,1
1034.620,248332288,1
1034.678,262373376,1
1034.739,275841024,1
1034.795,288636928,1
1034.853,301891584,1
1034.914,314605568,1
1034.970,325550080,1
1035.028,336199680,1
1035.089,347586560,1
1035.149,357990400,1
1035.203,372473856,1
1035.256,380944384,1
1035.312,393003008,1
1035.370,403390464,1
1035.428,412188672,1
1035.489,421691392,1
1035.549,431276032,1
1035.609,440385536,1
1035.662,448217088,1
1035.712,455344128,1
1035.770,463962112,1
1035.827,471515136,1
1035.878,479641600,1
1035.939,487800832,1
1035.999,495501312,1
1036.059,503087104,1
1036.119,511197184,1
1036.179,519258112,1
1036.237,526352384,1
1036.295,533921792,1
1036.353,540999680,1
1036.412,548438016,1
1036.469,556449792,1
1036.528,563396608,1
1036.581,569704448,1
1036.637,576323584,1
1036.695,582746112,1
1036.755,590479360,1
1036.812,598589440,1
1036.869,605192192,1
1036.928,612139008,1
1036.987,618594304,1
1037.047,918798336,1
1037.107,1365950464,1
1037.162,1923678208,1
1037.220,2585165824,1
1037.278,2850553856,1
1037.336,2859270144,1
1037.395,2884567040,1
1037.452,2917482496,1
1037.503,3052158976,1
1037.562,3098329088,1
1037.620,3120119808,1
1037.673,3133554688,1
1037.728,3206430720,1
1037.789,3251404800,1
1037.845,3261317120,1
1037.895,3268624384,1
1037.953,3271753728,1
1038.014,3277504512,1
1038.072,3279880192,1
1038.132,3285614592,1
1038.187,3288154112,1
1038.237,3291561984,1
1038.295,3292250112,1
1038.354,3292250112,1
1038.414,3292250112,1
1038.473,3292250112,1
1038.531,3292250112,1
1038.591,3292250112,1
1038.652,3292250112,1
1038.712,3294330880,1
1038.772,3300507648,1
1038.828,3303030784,1
1038.887,3305832448,1
1038.945,3307307008,1
1039.005,3307307008,1
1039.065,3307307008,1
1039.123,3307307008,1
1039.181,3307307008,1
1039.241,3307323392,1
1039.295,3307323392,1
1039.355,3307323392,1
1039.412,3307896832,1
1039.472,3308797952,1
1039.528,3309486080,1
1039.589,3310043136,1
1039.649,3312844800,1
1039.709,3314450432,1
1039.769,3314466816,1
1039.829,3314483200,1
1039.890,3314483200,1
1039.945,3314515968,1
1040.003,3314515968,1
1040.053,3314515968,1
1040.112,3314515968,1
1040.172,3315138560,1
1040.232,3315138560,1
1040.285,3315138560,1
1040.337,3315138560,1
1040.397,3315138560,1
1040.457,3315171328,1
1040.517,3315187712,1
1040.570,3315187712,1
1040.627,3315236864,1
1040.687,3315236864,1
1040.745,3315236864,1
1040.803,3315236864,1
1040.862,3315236864,1
1040.922,3315236864,1
1040.982,3315236864,1
1041.037,3316252672,1
1041.097,3323854848,1
1041.153,3324084224,1
1041.212,3324215296,1
1041.270,3324280832,1
1041.328,3324936192,1
1041.387,3324936192,1
1041.445,3325034496,1
1041.505,3325427712,1
1041.565,3329114112,1
1041.619,3413852160,1
1041.670,0,1
1041.730,0,0
1041.790,835584,2
1041.845,132464640,2
1041.903,200458240,2
1041.960,252264448,2
1042.020,299352064,2
1042.080,340623360,2
1042.137,377257984,2
1042.195,410583040,2
1042.255,442138624,2
1042.312,471760896,2
1042.370,498958336,2
1042.428,526893056,2
1042.486,552976384,2
1042.545,578486272,2
1042.605,603144192,2
1042.665,626065408,2
1042.719,646201344,2
1042.778,668745728,2
1042.837,690438144,2
1042.895,711147520,2
1042.955,741179392,2
1043.010,761233408,2
1043.071,779960320,2
1043.130,798392320,2
1043.186,815579136,2
1043.246,836141056,2
1043.303,853590016,2
1043.361,870105088,2
1043.420,893878272,2
1043.481,912998400,2
1043.538,927973376,2
1043.598,943456256,2
1043.659,959283200,2
1043.719,978255872,2
1043.770,992116736,2
1043.822,1005748224,2
1043.881,1020526592,2
1043.940,1035550720,2
1043.995,1049526272,2
1044.052,1064075264,2
1044.112,1078886400,2
1044.172,1092829184,2
1044.228,1105854464,2
1044.289,1119764480,2
1044.349,1132265472,2
1044.409,1146142720,2
1044.462,1158119424,2
1044.520,1171570688,2
1044.578,1185382400,2
1044.638,1198014464,2
1044.693,1210662912,2
1044.753,1223163904,2
1044.814,1236254720,2
1044.874,1249853440,2
1044.928,1261305856,2
1044.980,1272250368,2
1045.041,1284538368,2
1045.095,1295220736,2
1045.155,1306099712,2
1045.215,1317847040,2
1045.270,1328152576,2
1045.328,1339228160,2
1045.385,1350598656,2
1045.445,1361018880,2
1045.504,1371865088,2
1045.562,1380876288,2
1045.622,1389346816,2
1045.681,1402126336,2
1045.737,1412366336,2
1045.797,1424441344,2
1045.853,1434451968,2
1045.913,1444839424,2
1045.974,1456193536,2
1046.034,1466728448,2
1046.094,1477083136,2
1046.145,1486733312,2
1046.202,1497038848,2
1046.260,1507065856,2
1046.312,1516683264,2
1046.362,1525514240,2
1046.414,1534656512,2
1046.474,1545568256,2
1046.535,1557905408,2
1046.587,1566359552,2
1046.647,1576910848,2
1046.703,1586282496,2
1046.762,1594867712,2
1046.820,1605271552,2
1046.878,1615151104,2
1046.930,1622802432,2
1046.987,1631764480,2
1047.037,1639776256,2
1047.094,1648410624,2
1047.153,1656832000,2
1047.210,1665482752,2
1047.269,1675460608,2
1047.329,1686454272,2
1047.387,1694449664,2
1047.447,1702854656,2
1047.503,1712668672,2
1047.562,1720893440,2
1047.620,1729642496,2
1047.678,1737998336,2
1047.736,1745928192,2
1047.796,1755234304,2
1047.853,1762639872,2
1047.914,1771487232,2
1047.974,1780891648,2
1048.034,1790590976,2
1048.085,1798225920,2
1048.137,1805991936,2
1048.195,1814429696,2
1048.245,1822277632,2
1048.303,1833041920,2
1048.363,1841971200,2
1048.420,1849933824,2
1048.477,1857798144,2
1048.537,1867022336,2
1048.595,1876164608,2
1048.652,1885077504,2
1048.703,1892401152,2
1048.754,1899937792,2
1048.810,1908785152,2
1048.868,1917075456,2
1048.919,1925758976,2
1048.978,1934639104,2
1049.034,1946419200,2
1049.093,1954856960,2
1049.153,1962344448,2
1049.212,1969242112,2
1049.268,1977155584,2
1049.327,1984659456,2
1049.387,1993506816,2
1049.447,2001633280,2
1049.503,2008547328,2
1049.556,2015330304,2
1049.612,2021916672,2
1049.672,2029649920,2
1049.730,2036957184,2
1049.790,2044690432,2
1049.848,2052489216,2
1049.908,2060091392,2
1049.968,2067333120,2
1050.027,2076655616,2
1050.078,2087419904,2
1050.139,2095284224,2
1050.196,2102083584,2
1050.253,2108850176,2
1050.310,2116288512,2
1050.362,2122350592,2
1050.418,2129608704,2
1050.478,2137374720,2
1050.539,2144305152,2
1050.595,2151088128,2
1050.653,2158706688,2
1050.712,2165211136,2
1050.770,2172157952,2
1050.830,2179629056,2
1050.890,2186166272,2
1050.945,2192670720,2
1051.005,2198945792,2
1051.065,2207088640,2
1051.125,2214002688,2
1051.178,2220670976,2
1051.239,2227961856,2
1051.299,2234007552,2
1051.353,2242101248,2
1051.411,2249883648,2
1051.472,2257567744,2
1051.528,2264186880,2
1051.579,2270494720,2
1051.637,2278604800,2
1051.695,2286010368,2
1051.755,2293121024,2
1051.815,2299740160,2
1051.873,2305572864,2
1051.928,2312765440,2
1051.985,2319073280,2
1052.037,2325282816,2
1052.097,2332311552,2
1052.152,2339487744,2
1052.204,2344960000,2
1052.262,2351579136,2
1052.320,2358673408,2
1052.380,2365751296,2
1052.441,2372288512,2
1052.501,2378727424,2
1052.553,2385510400,2
1052.611,2392571904,2
1052.670,2399240192,2
1052.730,2405842944,2
1052.787,2413772800,2
1052.843,2420883456,2
1052.904,2427699200,2
1052.964,2434187264,2
1053.020,2440478720,2
1053.078,2448375808,2
1053.131,2454339584,2
1053.191,2460205056,2
1053.251,2466725888,2
1053.303,2472493056,2
1053.362,2479439872,2
1053.416,2485567488,2
1053.470,2491924480,2
1053.524,2498117632,2
1053.578,2504704000,2
1053.637,2511011840,2
1053.695,2517204992,2
1053.745,2522546176,2
1053.802,2528428032,2
1053.862,2534703104,2
1053.922,2540879872,2
1053.980,2546761728,2
1054.040,2553413632,2
1054.094,2558541824,2
1054.153,2564128768,2
1054.214,2570354688,2
1054.273,2581757952,2
1054.333,2589130752,2
1054.387,2596651008,2
1054.443,2603712512,2
1054.495,3077652480,2
1054.554,4058660864,2
1054.614,5111824384,2
1054.674,6367035392,2
1054.731,7497023488,2
1054.788,8605188096,2
1054.847,9745317888,2
1054.903,10565271552,2
1054.960,10753343488,2
1055.020,10854170624,2
1055.071,10854170624,2
1055.131,10893017088,2
1055.190,10931568640,2
1055.247,10982817792,2
1055.303,11209490432,2
1055.362,11475156992,2
1055.419,11519901696,2
1055.478,11558436864,2
1055.537,11586404352,2
1055.595,11611979776,2
1055.653,11701157888,2
1055.713,11851137024,2
1055.769,11982438400,2
1055.830,12066701312,2
1055.890,12113510400,2
1055.948,12133154816,2
1056.003,12133154816,2
1056.061,12157730816,2
1056.120,12266848256,2
1056.180,12409569280,2
1056.241,0,2
1056.298,0,2
1056.358,0,2
1056.420,0,1
1056.479,229376,1
1056.539,76529664,1
1056.599,114327552,1
1056.653,140574720,1
1056.710,163397632,1
1056.770,184549376,1
1056.830,204685312,1
1056.889,222789632,1
1056.945,238108672,1
1057.003,252329984,1
1057.063,266698752,1
1057.123,280608768,1
1057.178,293666816,1
1057.229,304594944,1
1057.287,317243392,1
1057.345,328630272,1
1057.403,340033536,1
1057.463,351436800,1
1057.520,361906176,1
1057.578,376684544,1
1057.637,389906432,1
1057.695,400801792,1
1057.755,410353664,1
1057.815,420184064,1
1057.873,429735936,1
1057.928,438714368,1
1057.982,446857216,1
1058.043,455573504,1
1058.103,464830464,1
1058.160,472956928,1
1058.213,481492992,1
1058.273,489553920,1
1058.331,497532928,1
1058.389,505217024,1
1058.445,513064960,1
1058.503,521011200,1
1058.563,529170432,1
1058.618,536215552,1
1058.671,543014912,1
1058.728,550617088,1
1058.788,558055424,1
1058.849,565428224,1
1058.903,572309504,1
1058.960,578863104,1
1059.020,586022912,1
1059.078,593641472,1
1059.135,601833472,1
1059.195,608321536,1
1059.253,614842368,1
1059.312,621035520,1
1059.372,626950144,1
1059.432,633143296,1
1059.487,638631936,1
1059.543,644251648,1
1059.595,650297344,1
1059.655,658604032,1
1059.712,664485888,1
1059.770,670793728,1
1059.830,677134336,1
1059.890,684064768,1
1059.950,691011584,1
1060.003,695795712,1
1060.063,701825024,1
1060.124,708100096,1
1060.184,714850304,1
1060.244,720945152,1
1060.303,726614016,1
1060.363,732151808,1
1060.414,736854016,1
1060.470,742457344,1
1060.530,748322816,1
1060.589,753664000,1
1060.648,759152640,1
1060.706,764510208,1
1060.764,769490944,1
1060.823,774750208,1
1060.881,779468800,1
1060.939,784695296,1
1060.998,789757952,1
1061.053,794853376,1
1061.113,799440896,1
1061.174,804978688,1
1061.234,810729472,1
1061.287,815415296,1
1061.345,820854784,1
1061.403,825475072,1
1061.462,830308352,1
1061.522,835665920,1
1061.582,840548352,1
1061.639,844840960,1
1061.698,849969152,1
1061.758,855080960,1
1061.818,859930624,1
1061.870,863993856,1
1061.930,868892672,1
1061.987,873185280,1
1062.047,877789184,1
1062.106,882114560,1
1062.164,886947840,1
1062.223,891371520,1
1062.281,895582208,1
1062.337,899760128,1
1062.395,903888896,1
1062.448,907935744,1
1062.503,911851520,1
1062.553,915800064,1
1062.613,920420352,1
1062.674,925417472,1
1062.734,930054144,1
1062.789,934772736,1
1062.845,938983424,1
1062.905,943882240,1
1062.962,948436992,1
1063.018,953139200,1
1063.073,957120512,1
1063.133,961970176,1
1063.193,966279168,1
1063.253,973111296,1
1063.305,976994304,1
1063.364,981139456,1
1063.420,984662016,1
1063.476,988872704,1
1063.535,992641024,1
1063.595,997261312,1
1063.653,1001226240,1
1063.711,1005436928,1
1063.772,1009172480,1
1063.829,1012809728,1
1063.887,1016430592,1
1063.944,1020280832,1
1064.003,1024360448,1
1064.063,1028308992,1
1064.120,1031995392,1
1064.180,1035730944,1
1064.237,1040285696,1
1064.293,1045594112,1
1064.345,1049067520,1
1064.405,1052655616,1
1064.465,1056604160,1
1064.520,1060175872,1
1064.580,1063682048,1
1064.638,1067565056,1
1064.696,1070841856,1
1064.756,1074184192,1
1064.812,1077460992,1
1064.870,1081344000,1
1064.930,1084948480,1
1064.990,1088569344,1
1065.045,1091895296,1
1065.105,1094909952,1
1065.157,1097629696,1
1065.211,1100431360,1
1065.272,1104019456,1
1065.327,1107001344,1
1065.386,1110802432,1
1065.445,1114292224,1
1065.505,1117732864,1
1065.564,1121976320,1
1065.620,1126105088,1
1065.678,1129775104,1
1065.736,1133395968,1
1065.793,1137115136,1
1065.845,1140228096,1
1065.899,1143078912,1
1065.953,1146437632,1
1066.013,1149796352,1
1066.070,1151909888,1
1066.130,1154744320,1
1066.186,1158152192,1
1066.247,1161740288,1
1066.307,1165787136,1
1066.362,1168949248,1
1066.420,1173012480,1
1066.478,1176289280,1
1066.538,1180106752,1
1066.598,1183694848,1
1066.658,1187381248,1
1066.711,1190215680,1
1066.770,1194180608,1
1066.828,1197817856,1
1066.886,1201176576,1
1066.947,1204617216,1
1067.003,1208664064,1
1067.055,1212071936,1
1067.114,1215692800,1
1067.173,1218904064,1
1067.228,1222443008,1
1067.287,1226342400,1
1067.345,1229701120,1
1067.403,1232830464,1
1067.462,1236156416,1
1067.522,1239842816,1
1067.582,1243496448,1
1067.636,1246756864,1
1067.697,1250017280,1
1067.748,1253326848,1
1067.809,1256783872,1
1067.869,1260109824,1
1067.929,1263468544,1
1067.989,1266761728,1
1068.049,1269841920,1
1068.109,1273446400,1
1068.162,1276428288,1
1068.212,1279033344,1
1068.272,1281818624,1
1068.328,1284915200,1
1068.388,1288257536,1
1068.445,1293680640,1
1068.504,1297301504,1
1068.564,1301413888,1
1068.620,1310507008,1
1068.678,1852964864,1
1068.738,2386067456,1
1068.795,3018883072,1
1068.855,3651223552,1
1068.912,4207984640,1
1068.972,4821827584,1
1069.028,5248106496,1
1069.086,5386371072,1
1069.142,5437751296,1
1069.195,5437751296,1
1069.255,5455020032,1
1069.315,5476286464,1
1069.373,5499387904,1
1069.433,5624971264,1
1069.493,5754290176,1
1069.553,5773656064,1
1069.614,5791858688,1
1069.674,5808455680,1
1069.734,5821939712,1
1069.789,5894668288,1
1069.845,5959172096,1
1069.903,6023446528,1
1069.957,6059802624,1
1070.016,6071779328,1
1070.076,6076874752,1
1070.136,6076874752,1
1070.196,6106857472,1
1070.257,6191169536,1
1070.317,0,1
1070.377,0,1
1070.431,0,1
1070.488,0,0
1070.550,491520,1
1070.610,74137600,1
1070.671,113033216,1
1070.731,142835712,1
1070.786,165314560,1
1070.847,186122240,1
1070.906,205864960,1
1070.961,222937088,1
1071.022,239648768,1
1071.078,254279680,1
1071.137,268189696,1
1071.195,281493504,1
1071.253,295157760,1
1071.310,307494912,1
1071.368,320143360,1
1071.420,330252288,1
1071.480,342130688,1
1071.536,352698368,1
1071.594,363233280,1
1071.654,378732544,1
1071.714,392183808,1
1071.770,402669568,1
1071.828,411992064,1
1071.887,422035456,1
1071.945,431783936,1
1072.000,440877056,1
1072.053,449052672,1
1072.111,457867264,1
1072.162,465436672,1
1072.219,474513408,1
1072.278,482852864,1
1072.338,491159552,1
1072.395,499220480,1
1072.455,507641856,1
1072.515,516702208,1
1072.575,524648448,1
1072.632,532135936,1
1072.692,540246016,1
1072.752,548372480,1
1072.810,555630592,1
1072.870,563216384,1
1072.928,570064896,1
1072.985,576651264,1
1073.045,583974912,1
1073.105,591757312,1
1073.164,600047616,1
1073.223,606846976,1
1073.280,613203968,1
1073.340,619773952,1
1073.394,624852992,1
1073.445,630259712,1
1073.503,636223488,1
1073.563,642318336,1
1073.617,648560640,1
1073.668,656343040,1
1073.728,662814720,1
1073.786,669499392,1
1073.844,675938304,1
1073.903,682508288,1
1073.961,688635904,1
1074.019,695189504,1
1074.070,700416000,1
1074.128,706314240,1
1074.180,711852032,1
1074.240,718782464,1
1074.300,724566016,1
1074.361,730841088,1
1074.421,736788480,1
1074.481,742998016,1
1074.536,748535808,1
1074.595,754204672,1
1074.655,759742464,1
1074.711,764723200,1
1074.772,770113536,1
1074.830,775290880,1
1074.889,779894784,1
1074.948,785219584,1
1075.002,790052864,1
1075.053,794542080,1
1075.114,799260672,1
1075.170,804536320,1
1075.228,810287104,1
1075.286,815693824,1
1075.345,821231616,1
1075.402,825556992,1
1075.453,829865984,1
1075.513,835305472,1
1075.570,839860224,1
1075.628,844185600,1
1075.685,849297408,1
1075.745,854458368,1
1075.803,859340800,1
1075.854,863436800,1
1075.914,868417536,1
1075.972,872906752,1
1076.028,877248512,1
1076.085,881491968,1
1076.145,886554624,1
1076.205,891338752,1
1076.264,895975424,1
1076.323,900218880,1
1076.383,904806400,1
1076.436,909099008,1
1076.493,912834560,1
1076.551,917471232,1
1076.603,921796608,1
1076.662,926695424,1
1076.722,931790848,1
1076.778,936214528,1
1076.835,940818432,1
1076.886,944783360,1
1076.939,948895744,1
1076.999,953450496,1
1077.052,957464576,1
1077.111,962445312,1
1077.172,966803456,1
1077.232,973766656,1
1077.292,978321408,1
1077.343,981893120,1
1077.395,985088000,1
1077.453,989806592,1
1077.512,993787904,1
1077.572,998211584,1
1077.632,1002455040,1
1077.685,1005928448,1
1077.736,1009270784,1
1077.787,1012367360,1
1077.843,1016053760,1
1077.903,1020297216,1
1077.960,1024131072,1
1078.013,1027899392,1
1078.073,1031962624,1
1078.128,1035517952,1
1078.186,1040629760,1
1078.245,1046429696,1
1078.305,1050755072,1
1078.361,1054244864,1
1078.420,1058373632,1
1078.480,1062289408,1
1078.539,1066254336,1
1078.599,1069875200,1
1078.651,1073299456,1
1078.703,1076707328,1
1078.760,1080508416,1
1078.820,1084145664,1
1078.879,1087897600,1
1078.936,1091813376,1
1078.997,1095237632,1
1079.053,1098891264,1
1079.113,1102430208,1
1079.173,1106362368,1
1079.231,1109737472,1
1079.289,1113817088,1
1079.345,1117126656,1
1079.405,1121140736,1
1079.461,1125285888,1
1079.518,1129152512,1
1079.578,1133002752,1
1079.638,1136984064,1
1079.695,1141161984,1
1079.755,1145389056,1
1079.815,1148944384,1
1079.870,1152008192,1
1079.926,1155383296,1
1079.978,1158692864,1
1080.037,1162199040,1
1080.095,1166082048,1
1080.153,1169604608,1
1080.204,1173192704,1
1080.264,1176436736,1
1080.320,1180172288,1
1080.380,1183973376,1
1080.436,1187430400,1
1080.497,1190789120,1
1080.557,1194983424,1
1080.611,1198538752,1
1080.672,1201995776,1
1080.732,1205534720,1
1080.786,1209827328,1
1080.845,1213808640,1
1080.905,1217232896,1
1080.961,1220853760,1
1081.022,1224736768,1
1081.081,1228570624,1
1081.136,1231503360,1
1081.194,1234812928,1
1081.253,1238286336,1
1081.314,1242185728,1
1081.373,1245954048,1
1081.433,1249230848,1
1081.493,1253081088,1
1081.545,1256046592,1
1081.595,1258782720,1
1081.655,1262354432,1
1081.714,1265565696,1
1081.770,1268760576,1
1081.825,1271873536,1
1081.878,1274789888,1
1081.936,1278181376,1
1081.987,1280704512,1
1082.039,1283309568,1
1082.098,1286356992,1
1082.158,1292206080,1
1082.211,1295679488,1
1082.269,1299365888,1
1082.320,1302593536,1
1082.380,1464778752,1
1082.436,1974140928,1
1082.495,2553380864,1
1082.553,3175858176,1
1082.611,3800793088,1
1082.669,4383490048,1
1082.726,4965449728,1
1082.786,5365727232,1
1082.845,5437718528,1
1082.898,5437718528,1
1082.958,5447041024,1
1083.011,5467422720,1
1083.072,5477203968,1
1083.128,5545754624,1
1083.186,5679382528,1
1083.243,5758500864,1
1083.303,5779980288,1
1083.361,5795086336,1
1083.420,5811126272,1
1083.478,5827674112,1
1083.536,5903482880,1
1083.595,5971738624,1
1083.652,6031835136,1
1083.712,6060900352,1
1083.770,6076137472,1
1083.830,6076989440,1
1083.889,6089162752,1
1083.944,6098534400,1
1083.995,6171721728,1
1084.055,6235701248,1
1084.114,0,1
1084.169,0,1
1084.220,0,1
1084.274,0,0
